Activity ID,Activity Date,Activity Name,Activity Type,Activity Description,Elapsed Time,Distance,Max Heart Rate,Relative Effort,Commute,Activity Private Note,Activity Gear,Filename,Athlete Weight,Bike Weight,Elapsed Time,Moving Time,Distance,Max Speed,Average Speed,Elevation Gain,Elevation Loss,Elevation Low,Elevation High,Max Grade,Average Grade,Average Positive Grade,Average Negative Grade,Max Cadence,Average Cadence,Max Heart Rate,Average Heart Rate,Max Watts,Average Watts,Calories,Max Temperature,Average Temperature,Relative Effort,Total Work,Number of Runs,Uphill Time,Downhill Time,Other Time,Perceived Exertion,Type,Start Time,Weighted Average Power,Power Count,Prefer Perceived Exertion,Perceived Relative Effort,Commute,Total Weight Lifted,From Upload,Grade Adjusted Distance,Weather Observation Time,Weather Condition,Weather Temperature,Apparent Temperature,Dewpoint,Humidity,Weather Pressure,Wind Speed,Wind Gust,Wind Bearing,Precipitation Intensity,Sunrise Time,Sunset Time,Moon Phase,Bike,Gear,Precipitation Probability,Precipitation Type,Cloud Cover,Weather Visibility,UV Index,Weather Ozone,Jump Count,Total Grit,Average Flow,Flagged,Average Elapsed Speed,Dirt Distance,Newly Explored Distance,Newly Explored Dirt Distance,Activity Count,Total Steps,Carbon Saved,Pool Length,Training Load,Intensity,Average Grade Adjusted Pace,Timer Time,Total Cycles,Recovery,With Pet,Competition,Long Run,For a Cause,Media
2045551103,"Dec 31, 2018, 12:44:54 AM",To Crocker before it gets dark ,Run,,2036,4.91,,,false,,,activities/2045551103.gpx,0.0,,2036.0,1952.0,4918.5,4.2,,75.3,,22.4,70.2,18.3,0.1,,,,,,,,,,,,,,,,,,,,,,,,,0.0,,,,,,,,,,,,,,,,,,,,,,,,,,,,,,,,,,,,,,,,,,,,,,,,media/882B05AA-D9A7-4C95-A980-2F2E346F444C.jpg
2054221337,"Jan 4, 2019, 1:25:53 AM",Inner Richmond ,Run,,1650,3.86,,,false,,,,0.0,,1650.0,1650.0,3862.4,,,,,,,,0.0,,,,,,,,,,,,,,,,,,,,,,,,,0.0,,,,,,,,,,,,,,,,,,,,,,,,,,,,,,,,,,,,,,,,,,,,,,,,""
2071570541,"Jan 11, 2019, 6:25:54 PM",UCSB day 1,Walk,,3600,4.82,,,false,,,,0.0,,3600.0,3600.0,4828.0,,,,,,,,0.0,,,,,,,,,,,,,,,,,,,,,,,,,0.0,,,,,,,,,,,,,,,,,,,,,,,,,,,,,,,,,,,,,,,,,,,,,,,,media/39C82740-8CD2-4CD3-B1AE-E2FFFEFE5C09.jpg
2090345864,"Jan 19, 2019, 11:24:21 PM",Presidio with trail and part crissy field ,Run,Alta Plaza is nice. The Presidio trail is nice but cars and hills aren’t. ,4742,8.25,,,false,,,activities/2090345864.gpx,0.0,,4742.0,3491.0,8257.1,4.8,,230.2,,3.0,114.2,46.0,0.2,,,,,,,,,,,,,,,,,,,,,,,,,0.0,,,,,,,,,,,,,,,,,,,,,,,,,,,,,,,,,,,,,,,,,,,,,,,,media/B7A98773-3F16-4188-A36D-E546F9AD0AED.jpg
2108442544,"Jan 28, 2019, 5:32:18 AM",Presidio/Marina,Run,,3900,8.85,,,false,,,,0.0,,3900.0,3900.0,8851.4,,,,,,,,0.0,,,,,,,,,,,,,,,,,,,,,,,,,0.0,,,,,,,,,,,,,,,,,,,,,,,,,,,,,,,,,,,,,,,,,,,,,,,,media/332D8A11-3609-4A72-B165-91C14CC661B3.jpg|media/9FFE203D-51E9-4C50-9675-5A564088F58C.jpg
2173621810,"Feb 25, 2019, 12:18:43 AM",First Sunday runday of February fml,Run,,4939,11.49,,,false,,,activities/2173621810.gpx,0.0,,4939.0,4584.0,11493.3,4.7,,118.1,,2.0,105.9,49.1,-0.2,,,,,,,,,,,,,,,,,,,,,,,,,0.0,,,,,,,,,,,,,,,,,,,,,,,,,,,,,,,,,,,,,,,,,,,,,,,,media/976981A4-341D-4775-B0C6-5A78C1F621D0.jpg|media/A01BBCA0-F427-4920-A3D3-90B675FAB2F3.jpg|media/F9EE6DAD-CEA9-4694-8F0A-818B7A54011B.jpg
2189043054,"Mar 3, 2019, 4:00:29 PM",Chinatown 10k 2019,Run,,3985,10.40,,,false,,,activities/2189043054.gpx,0.0,,3985.0,3957.0,10405.4,6.1,,77.6,,2.8,32.6,16.6,-0.1,,,,,,,,,,,,,,,,,,,,,,,,,0.0,,,10556.5,,,,,,,,,,,,,,,,,,,,,,,,,,,,,,,,,,,,,,,,,,,,,""
2205179563,"Mar 10, 2019, 8:52:06 PM","Presidio and marina, no crissy field ",Run,,3196,7.46,,,false,,,activities/2205179563.gpx,0.0,,3196.0,3026.0,7464.7,4.5,,89.9,,2.5,107.0,30.8,-0.8,,,,,,,,,,,,,,,,,,,,,,,,,0.0,,,,,,,,,,,,,,,,,,,,,,,,,,,,,,,,,,,,,,,,,,,,,,,,""
2217976166,"Mar 16, 2019, 7:32:06 PM",Quick,Run,,1934,4.60,,,false,,,activities/2217976166.gpx,0.0,,1934.0,1852.0,4602.6,3.8,,66.7,,61.3,105.0,28.1,-0.7,,,,,,,,,,,,,,,,,,,,,,,,,0.0,,,,,,,,,,,,,,,,,,,,,,,,,,,,,,,,,,,,,,,,,,,,,,,,""
2308722995,"Apr 21, 2019, 11:07:45 PM",Presidio and marina and Octavia ,Run,,3447,7.62,,,false,,,activities/2308722995.gpx,0.0,,3447.0,3125.0,7622.1,4.6,,137.4,,2.5,105.1,34.0,-0.2,,,,,,,,,,,,,,,,,,,,,,,,,0.0,,,8132.2,,,,,,,,,,,,,,,,,,,,,,,,,,,,,,,,,,,,,,,,,,,,,""
2475309987,"Jun 15, 2019, 7:41:24 PM",Lunch Run,Run,,2153,4.02,,,false,,,activities/2475309987.gpx,0.0,,2153.0,1698.0,4027.1,4.5,,107.6,,61.3,104.4,23.3,0.3,,,,,,,,,,,,,,,,,,,,,,,,,,,,,,,,,,,,,,,,,,,,,,,,,,,,,,,,,,,,,,,,,,,,,,,,,""
2475310033,"Jun 23, 2019, 7:34:00 PM",Blah,Run,,3861,9.09,,,false,,,activities/2475310033.gpx,0.0,,3861.0,3747.0,9095.3,5.3,,101.2,,2.0,93.5,20.0,0.1,,,,,,,,,,,,,,,,,,,,,,,,,,,,9419.0,,,,,,,,,,,,,,,,,,,,,,,,,,,,,,,,,,,,,,,,,,,,,media/35C9A4E6-8C0B-44C9-B0B7-FF1D29622D73.jpg
2493879054,"Jun 30, 2019, 9:40:13 PM",Pre-spin class l,Run,,2813,6.96,,,false,,,activities/2493879054.gpx,0.0,,2813.0,2728.0,6964.5,4.6,,144.1,,8.8,105.9,29.4,-0.1,,,,,,,,,,,,,,,,,,,,,,,,,,,,7416.1,,,,,,,,,,,,,,,,,,,,,,,,,,,,,,,,,,,,,,,,,,,,,""
2507520265,"Jul 6, 2019, 12:30:45 AM","Short fake-path-to-South, then visit Crocker  ",Run,,3391,5.79,,,false,,,activities/2507520265.gpx,0.0,,3391.0,2243.0,5797.1,4.7,,85.5,,18.1,70.2,15.3,0.1,,,,,,,,,,,,,,,,,,,,,,,,,,,,,,,,,,,,,,,,,,,,,,,,,,,,,,,,,,,,,,,,,,,,,,,,,""
2513563234,"Jul 8, 2019, 12:29:50 AM",South and part of north ,Run,,4782,11.34,,,false,,,activities/2513563234.gpx,0.0,,4782.0,4709.0,11344.3,3.8,,145.7,,14.1,70.2,37.1,0.1,,,,,,,,,,,,,,,,,,,,,,,,,,,,,,,,,,,,,,,,,,,,,,,,,,,,,,,,,,,,,,,,,,,,,,,,,""
2568431948,"Jul 27, 2019, 10:14:50 PM",Pick up sf half bib ,Run,,774,2.01,,,false,,,activities/2568431948.gpx,0.0,,774.0,704.0,2017.9,5.2,,22.3,,16.8,93.5,41.5,-2.3,,,,,,,,,,,,,,,,,,,,,,,,,,,,,,,,,,,,,,,,,,,,,,,,,,,,,,,,,,,,,,,,,,,,,,,,,""
2570684909,"Jul 28, 2019, 1:46:18 PM",Sf first half marathon ,Run,"",9159,21.51,,,false,,,activities/2570684909.gpx,0.0,,9159.0,8998.0,21512.5,4.5,,227.2,,2.6,87.7,14.5,0.3,,,,,,,,,,,,,,,,,,,,,,,,,,,,22066.7,,,,,,,,,,,,,,,,,,,,,,,,,,,,,,,,,,,,,,,,,,,,,media/7D103457-E33D-4C04-BA85-05BF9C951E06.jpg
2787257571,"Sep 16, 2019, 1:12:32 AM",Short and tired ,Run,,1401,3.27,,,false,,,activities/2787257571.gpx,0.0,,1401.0,1274.0,3278.0,6.0,,93.0,,16.6,93.5,20.7,0.3,,,,,,,,,,,,,,,,,,,,,,,,,0.0,,,,,,,,,,,,,,,,,,,,,,,,,,,,,,,,,,,,,,,,,,,,,,,,""
2787257582,"Oct 14, 2019, 12:11:56 AM",Omg,Run,,2764,5.21,,,false,,,activities/2787257582.gpx,0.0,,2764.0,2166.0,5211.1,4.9,,60.3,,2.4,93.5,45.1,-0.7,,,,,,,,,,,,,,,,,,,,,,,,,0.0,,,,,,,,,,,,,,,,,,,,,,,,,,,,,,,,,,,,,,,,,,,,,,,,""
3157948899,"Mar 6, 2020, 12:53:34 AM",Presidio outskirts plus alta plaza hill sprints,Run,,2231,4.49,,,false,,,activities/3157948899.gpx,0.0,,2231.0,1962.0,4498.2,6.4,2.293,114.0,129.6,61.2,116.6,50.0,-0.3,,,,,,,,,,,,,,,,,,,,,,,,,0.0,,1.0,5057.3,,,,,,,,,,,,,,,,,,,,,,,,,,,,,,,,,,,,,,,,,,,,,""
3160543289,"Mar 7, 2020, 2:22:41 AM",Alta Plaza 5x hills,Run,,1858,3.43,,,false,,,activities/3160543289.gpx,0.0,,1858.0,1530.0,3430.9,5.5,2.242,126.1,118.3,61.3,105.4,44.2,0.2,,,,,,,,,,,,,,,,,,,,,,,,,0.0,,1.0,4127.2,,,,,,,,,,,,,,,,,,,,,,,,,,,,,,,,,,,,,,,,,,,,,""
3163853924,"Mar 8, 2020, 2:02:35 AM",Alta plaza steps 7x,Run,,1524,2.44,,,false,,,activities/3163853924.gpx,0.0,,1524.0,1524.0,2441.1,4.7,1.602,121.7,112.8,68.6,105.9,48.6,0.4,,,,,,,,,,,,,,,,,,,,,,,,,0.0,,1.0,3187.1,,,,,,,,,,,,,,,,,,,,,,,,,,,,,,,,,,,,,,,,,,,,,""
3170097095,"Mar 10, 2020, 2:00:27 AM",Lyon street steps minus steps ,Run,"",2394,5.24,,,false,,,activities/3170097095.gpx,0.0,,2394.0,2050.0,5246.8,5.8,2.559,119.7,110.8,69.3,116.6,38.0,0.2,,,,,,,,,,,,,,,,,,,,,,,0.0,,0.0,,1.0,5660.7,,,,,,,,,,,,,,,,,,,,,,,,,,,,,,,,,,,,,,,,,,,,,media/83DF8CDB-81DD-4728-AAC9-79B960E87112.jpg
3173006406,"Mar 11, 2020, 1:40:06 AM","Lyon st stairs 1x, Alta stairs 4x ",Run,,2909,5.16,,,false,,,activities/3173006406.gpx,0.0,,2909.0,2887.0,5162.9,6.7,1.788,183.5,186.4,56.3,116.6,49.6,-0.1,,,,,,,,,,,,,,,,,,,,,,,,,0.0,,1.0,6234.9,,,,,,,,,,,,,,,,,,,,,,,,,,,,,,,,,,,,,,,,,,,,,""
3175938880,"Mar 12, 2020, 1:20:04 AM",To books inc ,Run,,979,2.48,,,false,,,activities/3175938880.gpx,0.0,,979.0,896.0,2487.6,4.9,2.776,45.6,41.2,50.4,89.0,49.5,0.2,,,,,,,,,,,,,,,,,,,,,,,,,0.0,,1.0,2563.2,,,,,,,,,,,,,,,,,,,,,,,,,,,,,,,,,,,,,,,,,,,,,""
3180971381,"Mar 14, 2020, 1:24:59 AM",1x Lyon hills taking Broadway hills 2x,Run,,2836,5.30,,,false,,,activities/3180971381.gpx,0.0,,2836.0,2243.0,5303.5,5.0,2.364,192.5,175.5,52.2,102.9,49.6,0.3,,,,,,,,,,,,,,,,,,,,,,,,,0.0,,1.0,6276.2,,,,,,,,,,,,,,,,,,,,,,,,,,,,,,,,,,,,,,,,,,,,,""
3192988077,"Mar 18, 2020, 12:52:40 AM",To north around the maddings’,Run,,2327,5.42,,,false,,,activities/3192988077.gpx,0.0,,2327.0,2157.0,5426.2,4.1,2.516,81.2,74.0,18.1,69.6,14.0,0.1,,,,,,,,,,,,,,,,,,,,,,,,,0.0,,1.0,5603.0,,,,,,,,,,,,,,,,,,,,,,,,,,,,,,,,,,,,,,,,,,,,,""
3195929775,"Mar 18, 2020, 10:53:36 PM",Around,Run,,3077,6.26,,,false,,,activities/3195929775.gpx,0.0,,3077.0,2450.0,6260.0,4.1,2.555,72.9,68.4,18.1,69.5,41.5,0.1,,,,,,,,,,,,,,,,,,,,,,,,,0.0,,1.0,6370.7,,,,,,,,,,,,,,,,,,,,,,,,,,,,,,,,,,,,,,,,,,,,,""
3199145345,"Mar 20, 2020, 12:27:46 AM",To Crocker for some laps and around ,Run,,3826,7.86,,,false,,,activities/3199145345.gpx,0.0,,3826.0,3227.0,7863.7,5.9,2.437,103.3,98.4,18.1,69.6,21.3,0.1,,,,,,,,,,,,,,,,,,,,,,,,,0.0,,1.0,8110.2,,,,,,,,,,,,,,,,,,,,,,,,,,,,,,,,,,,,,,,,,,,,,""
3201992436,"Mar 21, 2020, 1:23:28 AM",To north for sprint straights walk curves laps,Run,,3561,6.11,,,false,,,activities/3201992436.gpx,0.0,,3561.0,2476.0,6115.0,5.3,2.47,80.9,74.0,22.3,69.6,14.4,0.1,,,,,,,,,,,,,,,,,,,,,,,,,0.0,,1.0,6289.7,,,,,,,,,,,,,,,,,,,,,,,,,,,,,,,,,,,,,,,,,,,,,""
3208853643,"Mar 22, 2020, 10:10:13 PM",Crystal + sm library ,Run,"",6692,15.52,,,false,,,activities/3208853643.gpx,0.0,,6692.0,6481.0,15519.2,4.1,2.395,168.0,168.0,11.5,69.3,13.5,0.0,,,,,,,,,0.0,,,,,,,,,,,,,,0.0,,0.0,,1.0,15796.9,,,,,,,,,,,,,,,,,,,,,,,,,,,,,,,,,,,,,,,,,,,,,media/AE7424A7-B30E-45CA-90DE-C8B054DB5F1C.jpg|media/8087E377-6532-401F-B16F-3B71444A960A.jpg
3233406734,"Mar 29, 2020, 11:38:11 PM",Bromfield loop astor parkside,Run,,3278,8.17,,,false,,,activities/3233406734.gpx,0.0,,3278.0,3226.0,8170.7,5.0,2.533,101.8,96.3,16.3,70.3,15.8,0.1,,,,,,,,,0.0,,,,,,,,,,,,,,,,0.0,,1.0,8373.2,,,,,,,,,,,,,,,,,,,,,,,,,,,,,,,,,,,,,,,,,,,,,""
3236639389,"Mar 30, 2020, 11:16:47 PM",Out and about idk ,Run,,3236,8.27,,,false,,,activities/3236639389.gpx,0.0,,3236.0,3203.0,8271.6,5.1,2.582,114.9,113.0,18.1,70.2,12.5,0.0,,,,,,,,,0.0,,,,,,,,,,,,,,,,0.0,,1.0,8479.9,,,,,,,,,,,,,,,,,,,,,,,,,,,,,,,,,,,,,,,,,,,,,""
3240459503,"Mar 31, 2020, 10:18:51 PM",Edge of sm past south to broadway ,Run,,4554,11.55,,,false,,,activities/3240459503.gpx,0.0,,4554.0,4533.0,11553.0,4.7,2.549,87.8,142.4,9.6,69.7,12.5,-0.5,,,,,,,,,0.0,,,,,,,,,,,,,,,,0.0,,1.0,11592.5,,,,,,,,,,,,,,,,,,,,,,,,,,,,,,,,,,,,,,,,,,,,,""
3273671223,"Apr 8, 2020, 9:58:13 PM",Flintstone house + hills + extra ,Run,Google Maps lied,10887,21.69,,,false,,,activities/3273671223.gpx,0.0,,10887.0,10621.0,21693.2,4.8,2.042,491.6,486.1,18.1,197.4,48.4,0.0,,,,,,,,,0.0,,,,,,,,,,,,,,0.0,,0.0,,1.0,23277.0,,,,,,,,,,,,,,,,,,,,,,,,,,,,,,,,,,,,,,,,,,,,,media/435E8249-1609-4EAE-B9C4-7BE1DB6013DE.jpg|media/412921A9-F8BC-4B3F-8E72-5ED4FC3B5966.jpg|media/E42B78C1-21AE-49EC-803A-3C020C0C5FA8.jpg|media/74B58E1B-A6FE-4AB5-956B-AA876A82E6D0.jpg
3343889571,"Apr 24, 2020, 12:13:49 AM",Out and about brewer,Run,,3780,8.20,,,false,,,activities/3343889571.gpx,0.0,,3780.0,3640.0,8202.4,5.9,2.253,109.6,109.6,18.3,70.3,35.9,0.0,,,,,,,,,,,,,,,,,,,,,,,,,0.0,,1.0,8438.2,,,,,,,,,,,,,,,,,,,,,,,,,,,,,,,,,,,,,,,,,,,,,""
3359290645,"Apr 26, 2020, 11:45:57 PM",To Apple store bc kindle can’t connect ,Run,,3395,6.95,,,false,,,activities/3359290645.gpx,0.0,,3395.0,2675.0,6952.2,4.6,2.599,79.0,78.3,9.2,70.3,22.7,0.0,,,,,,,,,,,,,,,,,,,,,,,,,0.0,,1.0,7106.1,,,,,,,,,,,,,,,,,,,,,,,,,,,,,,,,,,,,,,,,,,,,,""
3373399046,"Apr 30, 2020, 12:24:00 AM",Short Apple store ,Run,,2944,6.22,,,false,,,activities/3373399046.gpx,0.0,,2944.0,2548.0,6227.6,4.3,2.444,48.8,72.4,9.2,70.3,11.6,-0.4,,,,,,,,,,,,,,,,,,,,,,,,,0.0,,1.0,6276.4,,,,,,,,,,,,,,,,,,,,,,,,,,,,,,,,,,,,,,,,,,,,,""
3388296033,"May 2, 2020, 10:56:20 PM",Bike coyote point to port royal ,Ride,,8407,24.11,,,false,,,activities/3388296033.gpx,0.0,,8407.0,5335.0,24112.3,6.6,4.52,6.7,7.3,1.5,5.6,5.5,0.0,,,,,,,,,,,,,,,,,,,,,,,,,0.0,,1.0,,,,,,,,,,,,,,,,,,,,,,,,,,,,,,,,,,,,,,,,,,,,,,""
3405107557,"May 6, 2020, 12:33:28 AM",Casual brewer ,Ride,,3544,7.52,,,false,,,activities/3405107557.gpx,0.0,,3544.0,3067.0,7526.9,4.8,2.454,91.5,95.1,18.3,70.3,12.7,0.0,,,,,,,,,,,,,,,,,,,,,,,,,0.0,,1.0,,,,,,,,,,,,,,,,,,,,,,,,,,,,,,,,,,,,,,,,,,,,,,""
3421366309,"May 8, 2020, 11:33:45 PM",#IRunWithMaud ,Run,Haven’t sprinted like that at the end/run with a set distance in a while ,1276,3.66,,,false,,,activities/3421366309.gpx,0.0,,1276.0,1270.0,3666.5,4.2,2.887,31.5,57.2,18.3,70.3,11.0,-0.7,,,,,,,,,,,,,,,,,,,,,,,,,0.0,,1.0,3678.0,,,,,,,,,,,,,,,,,,,,,,,,,,,,,,,,,,,,,,,,,,,,,""
3457318235,"May 15, 2020, 11:13:48 PM",Crocker and around ,Ride,,2448,8.92,,,false,,,activities/3457318235.gpx,0.0,,2448.0,2448.0,8926.8,8.2,3.647,92.1,87.4,24.7,60.0,23.3,0.1,,,,,,,,,,,,,,,,,,,,,,,,,0.0,,1.0,,,,,,,,,,,,,,,,,,,,,,,,,,,,,,,,,,,,,,,,,,,,,,""
3569572492,"Jun 5, 2020, 9:28:30 PM",Elise’s to track hill back to super cue ,Ride,,7754,23.08,,,false,,,activities/3569572492.gpx,,,7754.0,5261.0,23080.4,7.6,4.387,18.8,20.2,0.6,6.1,8.7,0.0,,,,,,,,,,,,,,,,,,,,,,,,,0.0,,1.0,,,,,,,,,,,,,,,,,,,,,,,,,,,,,,,,,,,,,,,,,,,,,,""
3585139726,"Jun 8, 2020, 8:54:58 PM",George Floyd walk n run 8.46,Run,,7074,13.90,,,false,,,activities/3585139726.gpx,,,7074.0,6173.0,13899.6,5.1,2.252,160.0,172.3,14.1,69.2,44.9,-0.1,,,,,,,,,,,,,,,,,,,,,,,,,0.0,,1.0,14195.1,,,,,,,,,,,,,,,,,,,,,,,,,,,,,,,,,,,,,,,,,,,,,""
3605055826,"Jun 12, 2020, 10:59:56 PM",Redwood shores continued from Elise to bridge,Ride,,3429,13.20,,,false,,,activities/3605055826.gpx,,,3429.0,2598.0,13207.9,8.0,5.084,5.5,6.5,0.6,3.8,4.7,0.0,,,,,,,,,,,,,,,,,,,,,,,,,0.0,,1.0,,,,,,,,,,,,,,,,,,,,,,,,,,,,,,,,,,,,,,,,,,,,,,""
3605055924,"Jun 12, 2020, 9:22:44 PM",Redwood City from Elise’s,Ride,,5563,21.15,,,false,,,activities/3605055924.gpx,,,5563.0,5303.0,21150.3,6.5,3.988,14.5,13.5,1.1,6.9,7.7,0.0,,,,,,,,,,,,,,,,,,,,,,,,,0.0,,1.0,,,,,,,,,,,,,,,,,,,,,,,,,,,,,,,,,,,,,,,,,,,,,,""
3616600835,"Jun 14, 2020, 9:25:53 PM",Lea’s to RWS,Ride,,14808,39.84,,,false,,,activities/3616600835.gpx,,,14808.0,9060.0,39846.1,8.1,4.398,49.7,49.7,0.6,12.1,12.5,0.0,,,,,,,,,,,,,,,,,,,,,,,,,0.0,,1.0,,,,,,,,,,,,,,,,,,,,,,,,,,,,,,,,,,,,,,,,,,,,,,""
3651585923,"Jun 21, 2020, 9:58:57 PM",Start of RWS from lea’s,Ride,,7668,34.37,,,false,,,activities/3651585923.gpx,,,7668.0,7401.0,34369.4,7.6,4.644,20.8,20.8,0.6,5.6,6.2,0.0,,,,,,,,,,,,,,,,,,,,,,,,,0.0,,1.0,,,,,,,,,,,,,,,,,,,,,,,,,,,,,,,,,,,,,,,,,,,,,,""
3679990573,"Jun 27, 2020, 5:10:08 PM","Attempt kinda at hawk hill, Crissy field to headlands ",Ride,"",5660,16.75,,,false,,,activities/3679990573.gpx,,,5660.0,4346.0,16754.0,10.2,3.855,205.3,205.3,1.9,89.0,44.1,0.0,,,,,,,,,,,,,,,,,,,,,,,0.0,,0.0,,1.0,,,,,,,,,,,,,,,,,,,,,,,,,,,,,,,,,,,,,,,,,,,,,,media/85F022AD-9399-4CDF-9894-7FC7950AAB1B.jpg|media/E77B28B7-F512-4542-AAE3-EE43990E1CE7.jpg|media/45D78C01-4E44-4373-A23F-FDA4DDD47433.jpg|media/0EA6205E-2F94-4053-9EA7-30FDD0DD8C03.jpg|media/78A83254-0D8D-4090-9AE9-151DC9989422.jpg
3685719018,"Jun 28, 2020, 6:06:52 PM",L’s to bridge and back then past bridge over fc bridge to right ,Ride,,8156,27.75,,,false,,,activities/3685719018.gpx,,,8156.0,6348.0,27751.0,8.3,4.372,42.2,42.1,1.0,21.0,9.7,0.0,,,,,,,,,,,,,,,,,,,,,,,,,0.0,,1.0,,,,,,,,,,,,,,,,,,,,,,,,,,,,,,,,,,,,,,,,,,,,,,""
3695833284,"Jul 1, 2020, 1:18:52 AM",To Aster around north ,Run,,3247,5.93,,,false,,,activities/3695833284.gpx,,,3247.0,2236.0,5938.2,4.4,2.656,78.0,79.2,18.1,69.4,12.3,0.0,,,,,,,,,,,,,,,,,,,,,,,,,0.0,,1.0,6095.1,,,,,,,,,,,,,,,,,,,,,,,,,,,,,,,,,,,,,,,,,,,,,""
3729494308,"Jul 7, 2020, 10:00:20 PM",Sawyer camp trail San Andreas segment with some skyline sidewalks ,Ride,"",5222,21.69,,,false,,,activities/3729494308.gpx,,,5222.0,4846.0,21698.4,10.3,4.478,166.7,167.1,92.2,187.4,8.5,0.0,,,,,,,,,,,,,,,,,,,,,,,0.0,,0.0,,1.0,,,,,,,,,,,,,,,,,,,,,,,,,,,,,,,,,,,,,,,,,,,,,,media/DB06D52F-4E0E-4FEF-9D40-33DC2B4A798B.jpg|media/1A8DFBCF-6EF1-4350-9B6E-460E68AC9F6B.jpg|media/8404D7C0-1F97-4374-9321-4BFC2EEF08F5.jpg|media/6D31133F-4BDE-4A02-81A5-B135E9CFF0A1.jpg|media/B7A5DFDD-B7B1-4C45-BAAD-E8C52DA7C371.jpg|media/1462FA4F-73DC-4C27-A521-97BEB7EBFC67.jpg|media/287C88E8-79ED-4C9A-93FF-8660F82A1F75.jpg|media/121A0E67-C450-4CDD-BE61-91EAA1210173.jpg
3734404885,"Jul 8, 2020, 10:29:25 PM",Sawyer camp trail with some woodside ,Ride,,6152,25.03,,,false,,,activities/3734404885.gpx,,,6152.0,5290.0,25032.5,12.0,4.732,185.1,184.6,87.4,187.4,8.6,0.0,,,,,,,,,,,,,,,,,,,,,,,,,0.0,,1.0,,,,,,,,,,,,,,,,,,,,,,,,,,,,,,,,,,,,,,,,,,,,,,""
3743684815,"Jul 10, 2020, 11:55:42 PM",Sawyer/woodside crystal springs trail laps bc part closed,Ride,,6251,27.39,,,false,,,activities/3743684815.gpx,,,6251.0,5721.0,27392.0,10.0,4.788,158.1,165.3,90.0,124.2,20.0,0.0,,,,,,,,,,,,,,,,,,,,,,,,,0.0,,1.0,,,,,,,,,,,,,,,,,,,,,,,,,,,,,,,,,,,,,,,,,,,,,,""
3747507786,"Jul 11, 2020, 5:39:33 PM",Half moon bay ,Ride,,2222,8.76,,,false,,,activities/3747507786.gpx,,,2222.0,1814.0,8762.7,6.7,4.831,32.6,16.8,2.8,22.2,3.7,0.2,,,,,,,,,,,,,,,,,,,,,,,,,0.0,,1.0,,,,,,,,,,,,,,,,,,,,,,,,,,,,,,,,,,,,,,,,,,,,,,""
3747635638,"Jul 11, 2020, 6:59:38 PM",Round 2 short hmb,Ride,,1851,7.26,,,false,,,activities/3747635638.gpx,,,1851.0,1793.0,7263.2,7.0,4.051,28.4,28.0,2.8,12.4,10.6,0.0,,,,,,,,,,,,,,,,,,,,,,,,,0.0,,1.0,,,,,,,,,,,,,,,,,,,,,,,,,,,,,,,,,,,,,,,,,,,,,,""
3754123832,"Jul 13, 2020, 12:59:13 AM",2 woodside crystal spring loops post-lea no end hill,Ride,,1642,8.33,,,false,,,activities/3754123832.gpx,,,1642.0,1642.0,8330.1,10.3,5.073,58.8,59.0,90.0,107.7,12.2,0.0,,,,,,,,,,,,,,,,,,,,,,,,,0.0,,1.0,,,,,,,,,,,,,,,,,,,,,,,,,,,,,,,,,,,,,,,,,,,,,,""
3769080250,"Jul 16, 2020, 1:05:26 AM",3 miles Sawyer to Millbrae then woodside part x2,Ride,,5588,30.14,,,false,,,activities/3769080250.gpx,,,5588.0,5537.0,30142.4,10.1,5.444,85.3,84.1,90.0,107.7,10.0,0.0,,,,,,,,,,,,,,,,,,,,,,,,,0.0,,1.0,,,,,,,,,,,,,,,,,,,,,,,,,,,,,,,,,,,,,,,,,,,,,,""
3777621110,"Jul 17, 2020, 10:11:24 PM",Lea’s to fc with 1 coyote hill ,Ride,,5218,13.24,,,false,,,activities/3777621110.gpx,,,5218.0,3044.0,13246.2,9.0,4.352,25.5,25.5,1.0,19.0,8.2,0.0,,,,,,,,,,,,,,,,,,,,,,,,,0.0,,1.0,,,,,,,,,,,,,,,,,,,,,,,,,,,,,,,,,,,,,,,,,,,,,,""
3783164798,"Jul 19, 2020, 12:11:47 AM",Sawyer camp to Millbrae and 2x woodside sprints ,Ride,,5876,28.16,,,false,,,activities/3783164798.gpx,,,5876.0,5541.0,28165.5,11.5,5.083,194.1,192.7,90.0,187.4,36.7,0.0,,,,,,,,,,,,,,,,,,,,,,,,,0.0,,1.0,,,,,,,,,,,,,,,,,,,,,,,,,,,,,,,,,,,,,,,,,,,,,,""
3788539206,"Jul 20, 2020, 12:29:37 AM",Sawyer with 2x woodside segment ,Ride,,5610,27.55,,,false,,,activities/3788539206.gpx,,,5610.0,5320.0,27558.2,13.5,5.18,200.6,200.8,90.0,187.4,27.8,0.0,,,,,,,,,,,,,,,,,,,,,,,,,0.0,,1.0,,,,,,,,,,,,,,,,,,,,,,,,,,,,,,,,,,,,,,,,,,,,,,""
3813849384,"Jul 25, 2020, 8:25:56 PM",Post-Lea measure sawyer ,Ride,,6212,16.34,,,false,,,activities/3813849384.gpx,,,6212.0,3522.0,16344.8,11.5,4.641,138.8,147.1,90.0,187.4,9.9,-0.1,,,,,,,,,,,,,,,,,,,,,,,,,0.0,,1.0,,,,,,,,,,,,,,,,,,,,,,,,,,,,,,,,,,,,,,,,,,,,,,""
3824456136,"Jul 28, 2020, 1:05:34 AM",Sawyer only 1 woodside segment ,Ride,,4952,23.41,,,false,,,activities/3824456136.gpx,,,4952.0,4668.0,23417.0,12.5,5.016,162.6,163.4,90.0,187.4,30.6,0.0,,,,,,,,,,,,,,,,,,,,,,,,,0.0,,1.0,,,,,,,,,,,,,,,,,,,,,,,,,,,,,,,,,,,,,,,,,,,,,,""
3830734339,"Jul 29, 2020, 12:52:53 AM",Usual,Ride,,5075,23.50,,,false,,,activities/3830734339.gpx,,,5075.0,4719.0,23503.7,11.8,4.981,164.6,164.0,90.0,187.4,10.0,0.0,,,,,,,,,,,,,,,,,,,,,,,,,0.0,,1.0,,,,,,,,,,,,,,,,,,,,,,,,,,,,,,,,,,,,,,,,,,,,,,""
3856163908,"Aug 2, 2020, 11:53:50 PM",Easy with weights ,Ride,,1928,8.45,,,false,,,activities/3856163908.gpx,,,1928.0,1843.0,8454.1,7.1,4.587,7.1,7.1,0.6,3.8,4.2,0.0,,,,,,,,,,,,,,,,,,,,,,,,,0.0,,1.0,,,,,,,,,,,,,,,,,,,,,,,,,,,,,,,,,,,,,,,,,,,,,,""
3861033141,"Aug 4, 2020, 12:56:31 AM",Sawyer,Ride,,4742,23.50,,,false,,,activities/3861033141.gpx,,,4742.0,4618.0,23504.2,12.5,5.09,162.6,161.6,90.0,187.4,10.1,0.0,,,,,,,,,,,,,,,,,,,,,,,,,0.0,,1.0,,,,,,,,,,,,,,,,,,,,,,,,,,,,,,,,,,,,,,,,,,,,,,media/84815BD8-ECAA-4137-8549-3BD6D20D6EFD.jpg|media/B5E484B3-E1B8-4AD0-B93C-4BDD5057EBB0.jpg
3866070887,"Aug 5, 2020, 12:34:10 AM",Sawyer,Ride,,4646,23.68,,,false,,,activities/3866070887.gpx,,,4646.0,4631.0,23682.9,12.3,5.114,164.5,164.1,90.0,187.4,10.8,0.0,,,,,,,,,,,,,,,,,,,,,,,,,0.0,,1.0,,,,,,,,,,,,,,,,,,,,,,,,,,,,,,,,,,,,,,,,,,,,,,""
3871053541,"Aug 5, 2020, 11:52:22 PM",Sawyer ,Ride,,4733,23.31,,,false,,,activities/3871053541.gpx,,,4733.0,4664.0,23309.4,16.6,4.998,306.3,305.3,87.9,187.4,47.1,0.0,,,,,,,,,,,,,,,,,,,,,,,,,0.0,,1.0,,,,,,,,,,,,,,,,,,,,,,,,,,,,,,,,,,,,,,,,,,,,,,""
3885827918,"Aug 9, 2020, 5:20:16 AM",Pulgas Ridge Preserve,Hike,,2940,7.08,,,false,,,,,,2940.0,2940.0,7081.1,,2.409,,,,,,0.0,,,,,,,,,,,,,,,,,,5.0,,,,,0.0,53.0,0.0,,0.0,,,,,,,,,,,,,,,,,,,,,,,,,,,,,,,,,,,,,,,,,,,,,,media/D60403F2-69D7-4171-8A7F-52F23A849F91.jpg|media/6ECC1F52-D946-4E05-A6AF-472AF974BF63.jpg|media/8A60886B-5F99-4F9C-8ACD-D5605EA5D3D1.jpg|media/1F816F6A-5724-4C26-BD62-E49655AB06E0.jpg
3895259660,"Aug 11, 2020, 12:49:55 AM",Sawyer,Ride,,4586,22.96,,,false,,,activities/3895259660.gpx,,,4586.0,4450.0,22963.5,17.0,5.16,379.8,377.7,82.6,187.4,42.2,0.0,,,,,,,,,,,,,,,,,,,,,,,,,0.0,,1.0,,,,,,,,,,,,,,,,,,,,,,,,,,,,,,,,,,,,,,,,,,,,,,""
3900293841,"Aug 12, 2020, 1:10:35 AM","1st run in a while, around Brewer ",Run,"",3582,7.79,,,false,,,activities/3900293841.gpx,,,3582.0,3098.0,7798.5,4.2,2.517,101.8,101.6,18.1,69.3,29.2,0.0,,,,,,,,,,,,,,,,,,,,,,,0.0,,0.0,,1.0,7999.9,,,,,,,,,,,,,,,,,,,,,,,,,,,,,,,,,,,,,,,,,,,,,""
3905133409,"Aug 13, 2020, 12:35:01 AM",Sawyer ,Ride,,4478,23.40,,,false,,,activities/3905133409.gpx,,,4478.0,4460.0,23406.0,12.5,5.248,164.0,163.0,90.0,187.4,10.2,0.0,,,,,,,,,,,,,,,,,,,,,,,,,0.0,,1.0,,,,,,,,,,,,,,,,,,,,,,,,,,,,,,,,,,,,,,,,,,,,,,""
3937570465,"Aug 19, 2020, 6:58:07 PM",Lunchtime ride bgame bay,Ride,,3857,16.06,,,false,,,activities/3937570465.gpx,,,3857.0,3761.0,16068.1,7.8,4.272,19.0,18.2,0.6,9.1,26.6,0.0,,,,,,,,,,,,,,,,,,,,,,,,,0.0,,1.0,,,,,,,,,,,,,,,,,,,,,,,,,,,,,,,,,,,,,,,,,,,,,,""
3943314166,"Aug 20, 2020, 11:37:16 PM",borough -> bgame -> Easton ,Run,"",6456,12.50,,,false,,,activities/3943314166.gpx,,,6456.0,5378.0,12507.2,3.9,2.326,110.0,111.8,2.8,69.1,38.2,0.0,,,,,,,,,,,,,,,,,,,,,,,0.0,,0.0,,1.0,12736.1,,,,,,,,,,,,,,,,,,,,,,,,,,,,,,,,,,,,,,,,,,,,,""
3946722601,"Aug 21, 2020, 9:05:58 PM",Afternoon Run,Run,,0,0.00,,,false,,,activities/3946722601.gpx,,,0.0,0.0,4.4,1.9,0.0,0.0,-0.1,23.6,23.7,4.0,2.3,,,,,,,,,,,,,,,,,,,,,,,,,0.0,,1.0,4.8,,,,,,,,,,,,,,,,,,,,,,,,,,,,,,,,,,,,,,,,,,,,,""
3946918308,"Aug 21, 2020, 9:06:21 PM",Stanford. ,Ride,,4971,20.95,,,false,,,activities/3946918308.gpx,,,4971.0,4805.0,20954.8,14.3,4.361,82.4,82.4,18.6,45.0,9.1,0.0,,,,,,,,,,,,,,,,,,,,,,,,,0.0,,1.0,,,,,,,,,,,,,,,,,,,,,,,,,,,,,,,,,,,,,,,,,,,,,,""
3961794037,"Aug 25, 2020, 12:28:27 AM",Bay trail bgame to RWS start ,Ride,,8111,37.01,,,false,,,activities/3961794037.gpx,,,8111.0,7037.0,37018.1,8.8,5.26,23.1,22.5,0.6,5.9,13.5,0.0,,,,,,,,,,,,,,,,,,,,,,,,,0.0,,1.0,,,,,,,,,,,,,,,,,,,,,,,,,,,,,,,,,,,,,,,,,,,,,,""
3979565362,"Aug 28, 2020, 11:20:57 PM",If it’s windy why is the AQI so bad,Ride,,3750,18.18,,,false,,,activities/3979565362.gpx,,,3750.0,3704.0,18184.1,7.3,4.909,15.5,15.3,1.5,5.9,2.9,0.0,,,,,,,,,,,,,,,,,,,,,,,,,0.0,,1.0,,,,,,,,,,,,,,,,,,,,,,,,,,,,,,,,,,,,,,,,,,,,,,""
3998992605,"Sep 2, 2020, 1:03:20 AM","Trail closed, hella hills (road)",Ride,,4316,17.80,,,false,,,activities/3998992605.gpx,,,4316.0,4207.0,17806.8,15.1,4.233,168.4,168.5,7.4,37.6,40.4,0.0,,,,,,,,,,,,,,,,,,,,,,,,,0.0,,1.0,,,,,,,,,,,,,,,,,,,,,,,,,,,,,,,,,,,,,,,,,,,,,,""
4075743547,"Sep 18, 2020, 1:13:19 AM",Run then leave early for surprise tennis ,Run,,1322,3.03,,,false,,,activities/4075743547.gpx,,,1322.0,1244.0,3038.9,6.8,2.443,70.4,74.9,69.3,107.4,16.7,-0.1,,,,,,,,,,,,,,,,,,,,,,,,,0.0,,1.0,3204.1,,,,,,,,,,,,,,,,,,,,,,,,,,,,,,,,,,,,,,,,,,,,,""
4122043551,"Sep 28, 2020, 1:08:49 AM",7x Alta plaza step sprints,Run,"",2004,3.60,,,false,,,activities/4122043551.gpx,,,2004.0,1964.0,3603.3,5.8,1.835,141.9,132.3,60.0,106.0,39.3,0.3,,,,,,,,,,,,,,,,,,,,,,,0.0,,0.0,,1.0,4338.4,,,,,,,,,,,,,,,,,,,,,,,,,,,,,,,,,,,,,,,,,,,,,""
4137405074,"Oct 1, 2020, 2:30:28 PM",Virtual #signalconf run ,Run,"hills hard. Having champions meetup after motivation to run faster at end. Mornings are nice, quieter ",1833,4.36,,,false,,,activities/4137405074.gpx,,,1833.0,1753.0,4361.9,6.2,2.488,105.0,103.8,60.0,105.5,14.5,0.0,,,,,,,,,,,,,,,,,,,,,,,,,0.0,,1.0,4657.7,,,,,,,,,,,,,,,,,,,,,,,,,,,,,,,,,,,,,,,,,,,,,media/7CAA2864-B563-4F6D-857C-48B5E2F36201.jpg|media/D632573E-029A-4F2B-B149-A5A8D60D2F7D.jpg|media/24BAF925-15DF-4122-B749-934CF3E92BFF.jpg
4218239285,"Oct 20, 2020, 1:13:58 AM",Alta Presidio ish ,Run,,1885,4.67,,,false,,,activities/4218239285.gpx,,,1885.0,1818.0,4674.2,5.0,2.571,109.0,112.4,62.4,105.5,15.2,-0.1,,,,,,,,,,,,,,,,,,,,,,,,,0.0,,1.0,4964.1,,,,,,,,,,,,,,,,,,,,,,,,,,,,,,,,,,,,,,,,,,,,,media/F468F037-0A65-4CD5-9B0F-0638A0C4A8CC.jpg
4222642231,"Oct 21, 2020, 12:58:55 AM",Alta 10x hills,Run,,2103,3.72,,,false,,,activities/4222642231.gpx,,,2103.0,2024.0,3727.8,5.0,1.842,137.7,139.7,62.4,105.5,46.1,-0.1,,,,,,,,,,,,,,,,,,,,,,,,,0.0,,1.0,4638.5,,,,,,,,,,,,,,,,,,,,,,,,,,,,,,,,,,,,,,,,,,,,,""
4248141237,"Oct 26, 2020, 11:47:27 PM",Presidio ish ,Run,,3437,8.79,,,false,,,activities/4248141237.gpx,,,3437.0,3379.0,8795.7,5.8,2.603,212.6,213.5,10.4,106.1,21.4,0.0,,,,,,,,,,,,,,,,,,,,,,,,,0.0,,1.0,9434.9,,,,,,,,,,,,,,,,,,,,,,,,,,,,,,,,,,,,,,,,,,,,,""
4260652037,"Oct 30, 2020, 12:04:46 AM",Presidio ish ,Run,,4159,10.58,,,false,,,activities/4260652037.gpx,,,4159.0,4048.0,10586.1,5.1,2.615,240.7,242.9,6.4,106.1,46.5,0.0,,,,,,,,,,,,,,,,,,5.0,,,,,0.0,73.0,0.0,,1.0,11424.8,,,,,,,,,,,,,,,,,,,,,,,,,,,,,,,,,,,,,,,,,,,,,media/CE372541-475B-40D0-B7D0-C993C589B3A3.jpg|media/9B4F4D99-078D-4F4F-B8D3-D02526FB589B.jpg|media/BAE7FD7E-F4B4-4DA0-B830-CE4274E38898.jpg
4263323754,"Oct 30, 2020, 6:00:15 PM",Run to pickup racket but no hills with racket ,Run,,3013,6.78,,,false,,,activities/4263323754.gpx,,,3013.0,2377.0,6779.1,7.0,2.852,44.9,104.5,3.1,106.2,16.5,-0.9,,,,,,,,,,,,,,,,,,,,,,,,,0.0,,1.0,6849.7,,,,,,,,,,,,,,,,,,,,,,,,,,,,,,,,,,,,,,,,,,,,,""
4287678253,"Nov 5, 2020, 12:19:12 AM",Presidio-ish x Marina x gough hill ,Run,,3411,9.40,,,false,,,activities/4287678253.gpx,,,3411.0,3334.0,9399.7,5.1,2.819,135.4,159.7,3.6,106.1,17.9,-0.3,,,,,,,,,,,,,,,,,,,,,,,,,0.0,,1.0,9729.6,,,,,,,,,,,,,,,,,,,,,,,,,,,,,,,,,,,,,,,,,,,,,""
4295044353,"Nov 6, 2020, 12:50:58 AM",Lyon st steps 1x,Run,,2624,6.23,,,false,,,activities/4295044353.gpx,,,2624.0,2525.0,6238.8,4.9,2.471,186.5,186.2,11.7,108.0,50.0,0.0,,,,,,,,,,,,,,,,,,,,,,,,,0.0,,1.0,6939.0,,,,,,,,,,,,,,,,,,,,,,,,,,,,,,,,,,,,,,,,,,,,,""
4325244719,"Nov 12, 2020, 12:42:36 AM",Presidio marina franklin hill ,Run,,3091,8.48,,,false,,,activities/4325244719.gpx,,,3091.0,3086.0,8487.5,5.4,2.75,131.0,149.4,3.6,106.2,14.5,-0.2,,,,,,,,,,,,,,,,,,,,,,,,,0.0,,1.0,8799.3,,,,,,,,,,,,,,,,,,,,,,,,,,,,,,,,,,,,,,,,,,,,,""
4358063104,"Nov 18, 2020, 11:17:29 PM",In between meetings ,Run,,2406,6.41,,,false,,,activities/4358063104.gpx,,,2406.0,2314.0,6418.1,5.7,2.774,180.0,179.0,14.8,107.7,24.3,0.0,,,,,,,,,,,,,,,,,,,,,,,,,0.0,,1.0,6967.8,,,,,,,,,,,,,,,,,,,,,,,,,,,,,,,,,,,,,,,,,,,,,""
4371809668,"Nov 21, 2020, 8:27:14 PM",Richmond and sunset stairs ,Run,Who KNEW the sunset had hills ,9703,23.70,,,false,,,activities/4371809668.gpx,,,9703.0,9289.0,23708.1,5.3,2.552,297.6,306.1,6.5,138.3,37.7,0.0,,,,,,,,,,,,,,,,,,7.0,,,,,0.0,296.0,0.0,,1.0,24447.0,,,,,,,,,,,,,,,,,,,,,,,,,,,,,,,,,,,,,,,,,,,,,media/EEEC8A47-53AE-4A8A-98FA-28872C0773F9.jpg|media/88BACFD4-B5EB-424A-854B-E2B1FC832DEA.jpg|media/9FE05091-9C46-4513-87AF-764647409098.jpg|media/3D945372-F9B4-498E-94D7-9A7C57DE477F.jpg|media/07098C1A-AD27-4C2F-9558-BD9530807B90.jpg
4382218303,"Nov 24, 2020, 12:58:24 AM",20th ave night ,Run,,3810,10.56,,,false,,,activities/4382218303.gpx,,,3810.0,3737.0,10568.8,5.6,2.828,120.5,120.2,40.3,89.5,15.1,0.0,,,,,,,,,,,,,,,,,,,,,,,,,0.0,,1.0,10767.1,,,,,,,,,,,,,,,,,,,,,,,,,,,,,,,,,,,,,,,,,,,,,""
4399718397,"Nov 28, 2020, 12:17:10 AM",Forest view intervals ,Run,,1210,3.22,,,false,,,activities/4399718397.gpx,,,1210.0,1190.0,3223.6,4.4,2.709,81.6,82.3,24.1,69.8,31.7,0.0,,,,,,,,,,,,,,,,,,,,,,,,,0.0,,1.0,3414.8,,,,,,,,,,,,,,,,,,,,,,,,,,,,,,,,,,,,,,,,,,,,,""
4404672434,"Nov 28, 2020, 11:10:58 PM",The one where everyone goes to crystal springs feat elise,Ride,,4147,16.28,,,false,,,activities/4404672434.gpx,,,4147.0,3868.0,16288.7,9.5,4.211,75.7,76.1,92.1,140.3,11.3,0.0,,,,,,,,,,,,,,,,,,,,,,,,,0.0,,1.0,,,,,,,,,,,,,,,,,,,,,,,,,,,,,,,,,,,,,,,,,,,,,,""
4414145282,"Dec 1, 2020, 1:00:05 AM",Alta hills,Run,,1910,4.20,,,false,,,activities/4414145282.gpx,,,1910.0,1726.0,4207.2,4.6,2.438,124.1,125.1,62.2,101.6,39.4,0.0,,,,,,,,,,,,,,,,,,,,,,,,,0.0,,1.0,4818.2,,,,,,,,,,,,,,,,,,,,,,,,,,,,,,,,,,,,,,,,,,,,,""
4422901047,"Dec 2, 2020, 11:57:39 PM",AOC day2,Run,,4152,10.98,,,false,,,activities/4422901047.gpx,,,4152.0,4029.0,10980.9,5.2,2.725,118.2,118.8,39.8,89.5,14.9,0.0,,,,,,,,,,,,,,,,,,,,,,,,,0.0,,1.0,11177.3,,,,,,,,,,,,,,,,,,,,,,,,,,,,,,,,,,,,,,,,,,,,,""
4464376498,"Dec 12, 2020, 9:35:18 PM",to Christmas house ,Run,"",2893,6.88,,,false,,,activities/4464376498.gpx,,,2893.0,2627.0,6881.6,7.1,2.62,126.1,115.8,31.2,85.4,25.0,0.1,,,,,,,,,,,,,,,,,,,,,,,0.0,,0.0,,1.0,7199.0,,,,,,,,,,,,,,,,,,,,,,,,,,,,,,,,,,,,,,,,,,,,,media/E8151734-3843-4772-AA4A-89FBB934C761.jpg
4477612834,"Dec 15, 2020, 11:59:23 PM",Holiday houses p2,Run,,5110,10.57,,,false,,,activities/4477612834.gpx,,,5110.0,4434.0,10575.3,5.7,2.385,197.9,198.3,44.7,142.9,45.3,0.0,,,,,,,,,,,,,,,,,,,,,,,,,0.0,,1.0,11080.3,,,,,,,,,,,,,,,,,,,,,,,,,,,,,,,,,,,,,,,,,,,,,media/12296189-48EE-4BCC-B9A5-712A9992F34D.jpg|media/D7FC49DC-1F39-4174-B4F5-79CAEB243643.jpg|media/313F8DE3-1A38-473D-9A9C-E84814D1D63E.jpg
4485518874,"Dec 17, 2020, 11:48:18 PM",Holiday decorations p3,Run,"",7956,16.69,,,false,,,activities/4485518874.gpx,,,7956.0,6633.0,16689.9,5.2,2.516,328.2,318.6,18.8,125.4,31.6,0.1,,,,,,,,,,,,,,,,,,,,,,,0.0,,0.0,,1.0,17651.0,,,,,,,,,,,,,,,,,,,,,,,,,,,,,,,,,,,,,,,,,,,,,media/89546B3A-2D4F-4404-B845-00308FA920AE.jpg
4498440851,"Dec 20, 2020, 11:05:37 PM",Coyote point bc levee closed,Ride,,3088,13.78,,,false,,,activities/4498440851.gpx,,,3088.0,3086.0,13780.4,7.3,4.465,30.4,30.1,1.6,24.1,12.9,0.0,,,,,,,,,,,,,,,,,,,,,,,,,0.0,,1.0,,,,,,,,,,,,,,,,,,,,,,,,,,,,,,,,,,,,,,,,,,,,,,""
4505960075,"Dec 22, 2020, 9:24:58 PM",Coyote point short,Ride,,1530,5.65,,,false,,,activities/4505960075.gpx,,,1530.0,1516.0,5650.3,7.5,3.727,47.7,47.4,1.6,25.0,11.6,0.0,,,,,,,,,,,,,,,,,,,,,,,,,0.0,,1.0,,,,,,,,,,,,,,,,,,,,,,,,,,,,,,,,,,,,,,,,,,,,,,""
4510225070,"Dec 23, 2020, 11:01:03 PM",For the tiktok material  ,Run,,3457,7.68,,,false,,,activities/4510225070.gpx,,,3457.0,2870.0,7680.6,4.7,2.676,92.4,92.8,18.4,69.8,24.3,0.0,,,,,,,,,,,,,,,,,,,,,,,,,0.0,,1.0,7843.8,,,,,,,,,,,,,,,,,,,,,,,,,,,,,,,,,,,,,,,,,,,,,""
4522305249,"Dec 26, 2020, 10:03:28 PM",To top of the world ,Run,300 Tobin Clark is CLOSED I walked the hills there ,9152,19.13,,,false,,,activities/4522305249.gpx,,,9152.0,8010.0,19133.0,4.5,2.389,423.3,423.6,14.5,167.7,34.3,0.0,,,,,,,,,,,,,,,,,,,,,,,,,0.0,,1.0,20566.1,,,,,,,,,,,,,,,,,,,,,,,,,,,,,,,,,,,,,,,,,,,,,media/2AB22DE8-7624-4F3A-BDE4-E5DD350A39C8.jpg|media/ABE13DC4-5257-47E1-9238-824C75E26301.jpg|media/6EB8FDF6-CE79-4658-8D85-4E21F1916C83.jpg
4536857184,"Dec 29, 2020, 11:12:20 PM",Around south ,Ride,,4036,16.56,,,false,,,activities/4536857184.gpx,,,4036.0,3972.0,16568.4,10.0,4.171,186.5,186.5,9.8,42.7,16.3,0.0,,,,,,,,,,,,,,,,,,,,,,,,,0.0,,1.0,,,,,,,,,,,,,,,,,,,,,,,,,,,,,,,,,,,,,,,,,,,,,,""
4551539220,"Jan 1, 2021, 11:21:35 PM",Around ,Run,,4219,8.23,,,false,,,activities/4551539220.gpx,,,4219.0,3418.0,8234.1,4.1,2.409,104.5,99.1,7.0,69.8,49.3,0.1,,,,,,,,,,,,,,,,,,,,,,,,,0.0,,1.0,8456.7,,,,,,,,,,,,,,,,,,,,,,,,,,,,,,,,,,,,,,,,,,,,,""
4563625744,"Jan 3, 2021, 11:11:10 PM",Afternoon run into north moms ,Run,,4162,9.78,,,false,,,activities/4563625744.gpx,,,4162.0,3696.0,9786.1,4.7,2.648,133.8,134.2,18.4,69.8,36.6,0.0,,,,,,,,,,,,,,,,,,,,,,,,,0.0,,1.0,10068.1,,,,,,,,,,,,,,,,,,,,,,,,,,,,,,,,,,,,,,,,,,,,,""
4573612964,"Jan 5, 2021, 8:53:02 PM",AirPods won’t stay in or charged Sawyer,Ride,"",4378,19.58,,,false,,,activities/4573612964.gpx,,,4378.0,4102.0,19588.2,12.0,4.775,145.2,151.2,88.5,186.3,17.4,0.0,,,,,,,,,,,,,,,,,,,,,,,0.0,,0.0,,1.0,,,,,,,,,,,,,,,,,,,,,,,,,,,,,,,,,,,,,,,,,,,,,,media/1D95904D-796C-4870-8198-724430193F09.jpg
4579667005,"Jan 6, 2021, 11:18:56 PM",Sawyer p2 ,Ride,,4416,23.24,,,false,,,activities/4579667005.gpx,,,4416.0,4386.0,23242.4,11.4,5.299,164.6,163.6,88.5,186.3,13.5,0.0,,,,,,,,,,,,,,,,,,,,,,,,,0.0,,1.0,,,,,,,,,,,,,,,,,,,,,,,,,,,,,,,,,,,,,,,,,,,,,,""
4588682637,"Jan 8, 2021, 8:45:15 PM",To BHS,Run,,1077,3.11,,,false,,,activities/4588682637.gpx,,,1077.0,1074.0,3111.4,4.6,2.897,9.0,65.1,6.6,69.8,12.8,-1.8,,,,,,,,,,,,,,,,,,,,,,,,,0.0,,1.0,3033.9,,,,,,,,,,,,,,,,,,,,,,,,,,,,,,,,,,,,,,,,,,,,,""
4589077744,"Jan 8, 2021, 10:44:28 PM",Post Lea track get to bottom of hill ,Run,,760,1.73,,,false,,,activities/4589077744.gpx,,,760.0,722.0,1733.8,3.7,2.401,17.6,3.1,6.6,24.3,13.7,0.8,,,,,,,,,,,,,,,,,,,,,,,,,0.0,,1.0,1782.5,,,,,,,,,,,,,,,,,,,,,,,,,,,,,,,,,,,,,,,,,,,,,""
4601701168,"Jan 10, 2021, 11:56:10 PM",Too many people last Sawyer ride for while ,Ride,,4750,23.35,,,false,,,activities/4601701168.gpx,,,4750.0,4682.0,23354.8,18.1,4.988,181.7,180.8,88.5,186.3,22.9,0.0,,,,,,,,,,,,,,,,,,,,,,,,,0.0,,1.0,,,,,,,,,,,,,,,,,,,,,,,,,,,,,,,,,,,,,,,,,,,,,,media/83E7F174-1E7C-4C41-ADEB-679AB86E3A39.jpg|media/9E830906-A147-4D63-912F-FDFA580D3489.jpg
4622271911,"Jan 15, 2021, 1:18:27 AM",1x Lyon st steps ,Run,Been too long since last Lyon st ,2183,5.60,,,false,,,activities/4622271911.gpx,,,2183.0,2048.0,5603.0,6.2,2.736,158.1,154.8,58.8,108.0,41.9,0.1,,,,,,,,,,,,,,,,,,,,,,,,,0.0,,1.0,6280.1,,,,,,,,,,,,,,,,,,,,,,,,,,,,,,,,,,,,,,,,,,,,,""
4632883710,"Jan 17, 2021, 1:36:04 AM",Alta steps hack Davis food ,Run,,1562,3.34,,,false,,,activities/4632883710.gpx,,,1562.0,1328.0,3343.0,5.2,2.517,70.6,112.3,41.2,91.2,48.5,-1.2,,,,,,,,,,,,,,,,,,,,,,,,,0.0,,1.0,3773.2,,,,,,,,,,,,,,,,,,,,,,,,,,,,,,,,,,,,,,,,,,,,,""
4639364453,"Jan 18, 2021, 12:59:08 AM",Pick up racquet ,Run,,3633,9.26,,,false,,,activities/4639364453.gpx,,,3633.0,3449.0,9267.3,4.7,2.687,86.5,128.7,40.2,91.7,21.6,-0.5,,,,,,,,,,,,,,,,,,,,,,,,,0.0,,1.0,9340.9,,,,,,,,,,,,,,,,,,,,,,,,,,,,,,,,,,,,,,,,,,,,,""
4644350270,"Jan 18, 2021, 10:25:53 PM",3x overlooks and stow ,Run,,9462,20.83,,,false,,,activities/4644350270.gpx,,,9462.0,8577.0,20837.9,6.5,2.43,323.4,356.8,13.5,108.4,42.6,-0.2,,,,,,,,,,,,,,,,,,,,,,,,,0.0,,1.0,21668.1,,,,,,,,,,,,,,,,,,,,,,,,,,,,,,,,,,,,,,,,,,,,,media/C3283103-E670-45D2-A99B-2A99C4DEC0F8.jpg|media/8F754B75-FDDC-4BEE-A368-0688A66F9A7B.jpg|media/F38D5AE3-50EC-4070-B53C-DCAF14C7769A.jpg|media/20366BA1-ACEE-4575-965E-17C44DEF1F1E.jpg
4649807721,"Jan 20, 2021, 1:21:56 AM",Easy Alta stairs ,Run,,2060,5.10,,,false,,,activities/4649807721.gpx,,,2060.0,1953.0,5102.1,5.7,2.612,138.1,137.9,62.2,106.1,35.6,0.0,,,,,,,,,,,,,,,,,,,,,,,,,0.0,,1.0,5706.2,,,,,,,,,,,,,,,,,,,,,,,,,,,,,,,,,,,,,,,,,,,,,""
4654920211,"Jan 21, 2021, 12:42:05 AM",Lovers lane to Franklin climb ,Run,,3401,9.13,,,false,,,activities/4654920211.gpx,,,3401.0,3362.0,9137.4,5.3,2.718,133.1,142.8,2.9,104.9,18.3,-0.1,,,,,,,,,,,,,,,,,,,,,,,,,0.0,,1.0,9493.8,,,,,,,,,,,,,,,,,,,,,,,,,,,,,,,,,,,,,,,,,,,,,""
4670554927,"Jan 23, 2021, 10:10:29 PM",All for a croissant ,Walk,,3133,4.30,,,false,,,activities/4670554927.gpx,,,3133.0,3011.0,4306.9,5.8,1.43,80.1,49.8,51.4,98.4,15.3,0.7,,,,,,,,,,,,,,,,,,,,,,,,,0.0,,1.0,,,,,,,,,,,,,,,,,,,,,,,,,,,,,,,,,,,,,,,,,,,,,,""
4682006098,"Jan 26, 2021, 12:22:02 AM",I thought chad was a wuss bc he said no tennis bc cold but it really is cold ,Run,"",5420,14.92,,,false,,,activities/4682006098.gpx,,,5420.0,5338.0,14928.2,6.9,2.797,180.5,183.7,37.8,106.1,18.1,0.0,,,,,,,,,,,,,,,,,,,,,,,0.0,,0.0,,1.0,15247.0,,,,,,,,,,,,,,,,,,,,,,,,,,,,,,,,,,,,,,,,,,,,,media/18B0B736-644F-4C71-AAD8-7A9FF47ABF66.jpg|media/99038985-C929-473E-BA27-CBF45B5DD938.jpg
4691966018,"Jan 27, 2021, 8:38:49 PM",Slippery in-between-rain lunch run bc code won’t run,Run,,3736,10.26,,,false,,,activities/4691966018.gpx,,,3736.0,3644.0,10265.9,5.0,2.817,155.0,169.6,3.6,116.5,16.2,-0.1,,,,,,,,,,,,,,,,,,,,,,,,,0.0,,1.0,10678.5,,,,,,,,,,,,,,,,,,,,,,,,,,,,,,,,,,,,,,,,,,,,,""
4697829375,"Jan 29, 2021, 12:49:03 AM",Late afternoon run  ,Run,,4036,9.60,,,false,,,activities/4697829375.gpx,,,4036.0,3431.0,9605.9,5.5,2.8,152.0,166.3,3.2,116.6,15.6,-0.1,,,,,,,,,,,,,,,,,,,,,,,,,0.0,,1.0,10011.7,,,,,,,,,,,,,,,,,,,,,,,,,,,,,,,,,,,,,,,,,,,,,media/44398D57-B665-438E-86CA-5A9FCF282305.jpg|media/431B9835-7B13-4688-9B6A-7F6A43146634.jpg
4719815078,"Feb 2, 2021, 1:03:15 AM",Mon-yay,Run,,3031,8.23,,,false,,,activities/4719815078.gpx,,,3031.0,2958.0,8234.2,5.5,2.784,173.2,168.4,3.8,104.9,23.8,0.1,,,,,,,,,,,,,,,,,,,,,,,,,0.0,,1.0,8766.1,,,,,,,,,,,,,,,,,,,,,,,,,,,,,,,,,,,,,,,,,,,,,""
4747452700,"Feb 7, 2021, 1:19:27 AM",Late to femmehacks judging bc mixed up time zones ,Run,,1559,3.25,,,false,,,activities/4747452700.gpx,,,1559.0,1348.0,3251.6,4.3,2.412,95.0,125.2,44.9,91.2,41.0,-0.9,,,,,,,,,,,,,,,,,,,,,,,,,0.0,,1.0,3885.9,,,,,,,,,,,,,,,,,,,,,,,,,,,,,,,,,,,,,,,,,,,,,""
4747452715,"Feb 3, 2021, 1:29:30 AM",Lyon st steps ,Run,,2217,5.37,,,false,,,activities/4747452715.gpx,,,2217.0,2043.0,5376.5,7.8,2.632,143.4,143.2,56.3,107.9,50.0,0.0,,,,,,,,,,,,,,,,,,,,,,,,,0.0,,1.0,6006.6,,,,,,,,,,,,,,,,,,,,,,,,,,,,,,,,,,,,,,,,,,,,,""
4758001873,"Feb 9, 2021, 12:48:29 AM",Post-doughnut I have a new manager now run ,Run,"",5549,15.53,,,false,,,activities/4758001873.gpx,,,5549.0,5513.0,15537.7,5.4,2.818,226.1,235.5,37.8,106.1,32.8,-0.1,,,,,,,,,,,,,,,,,,,,,,,0.0,,0.0,,1.0,16037.8,,,,,,,,,,,,,,,,,,,,,,,,,,,,,,,,,,,,,,,,,,,,,media/A258C7DD-FC15-4BB5-9556-186321C1765A.jpg
4763238943,"Feb 10, 2021, 1:25:59 AM",Idk why I wore shorts it’s still cold Marina ,Run,,3148,9.00,,,false,,,activities/4763238943.gpx,,,3148.0,3125.0,9006.5,5.3,2.882,125.4,138.7,3.6,104.9,12.9,-0.1,,,,,,,,,,,,,,,,,,,,,,,,,0.0,,1.0,9304.1,,,,,,,,,,,,,,,,,,,,,,,,,,,,,,,,,,,,,,,,,,,,,""
4777024599,"Feb 12, 2021, 7:32:42 PM",Errands and mural ,Walk,,5238,6.53,,,false,,,activities/4777024599.gpx,,,5238.0,4115.0,6532.5,5.9,1.587,80.2,97.2,25.0,89.5,21.0,-0.3,,,,,,,,,,,,,,,,,,,,,,,,,0.0,,1.0,,,,,,,,,,,,,,,,,,,,,,,,,,,,,,,,,,,,,,,,,,,,,,media/4A25619E-05C9-49EF-B4D9-94CE6669E663.jpg
4783325680,"Feb 14, 2021, 12:50:28 AM",Windy old stomping grounds for dispoHQ pics,Run,,2897,8.30,,,false,,,activities/4783325680.gpx,,,2897.0,2897.0,8305.7,4.6,2.867,106.5,106.3,18.4,69.8,15.2,0.0,,,,,,,,,,,,,,,,,,,,,,,,,0.0,,1.0,8496.7,,,,,,,,,,,,,,,,,,,,,,,,,,,,,,,,,,,,,,,,,,,,,""
4789125334,"Feb 14, 2021, 11:40:53 PM",Foggy Sawyer for the dispo,Ride,,5273,23.85,,,false,,,activities/4789125334.gpx,,,5273.0,4971.0,23853.0,10.8,4.798,165.6,164.9,88.5,186.3,11.0,0.0,,,,,,,,,,,,,,,,,,,,,,,,,0.0,,1.0,,,,,,,,,,,,,,,,,,,,,,,,,,,,,,,,,,,,,,,,,,,,,,""
4794055469,"Feb 16, 2021, 12:47:28 AM",It’s cold but at least no snow to south ,Run,,3978,11.00,,,false,,,activities/4794055469.gpx,,,3978.0,3978.0,11003.3,4.5,2.766,122.7,123.4,14.3,69.8,13.7,0.0,,,,,,,,,,,,,,,,,,,,,,,,,0.0,,1.0,11214.1,,,,,,,,,,,,,,,,,,,,,,,,,,,,,,,,,,,,,,,,,,,,,""
4799611360,"Feb 17, 2021, 1:48:01 AM",Getting dark later Presidio Marina run ,Run,,3167,8.85,,,false,,,activities/4799611360.gpx,,,3167.0,3066.0,8852.1,6.8,2.887,128.8,142.6,3.6,104.9,16.0,-0.2,,,,,,,,,,,,,,,,,,,,,,,,,0.0,,1.0,9182.3,,,,,,,,,,,,,,,,,,,,,,,,,,,,,,,,,,,,,,,,,,,,,""
4814630026,"Feb 19, 2021, 11:49:11 PM",Billy goat hill to bernal,Run,Idk why hard wah,4263,8.67,,,false,,,activities/4814630026.gpx,,,4263.0,3682.0,8670.9,5.5,2.355,239.6,246.5,18.2,117.3,45.1,-0.1,,,,,,,,,,,,,,,,,,3.0,,,,,0.0,30.0,0.0,,1.0,9585.4,,,,,,,,,,,,,,,,,,,,,,,,,,,,,,,,,,,,,,,,,,,,,media/E8FE88AC-F95D-4087-A406-27C091B5D4E0.jpg|media/5E0DA7FB-096A-4060-8DA0-CC362AE6C194.jpg
4833257406,"Feb 23, 2021, 1:41:19 AM",Getting dark Monday runday ,Run,idk why cramps and hard to breathe at first but not at end ,3964,10.02,,,false,,,activities/4833257406.gpx,,,3964.0,3727.0,10025.8,5.2,2.69,146.2,161.6,3.1,106.1,13.8,-0.2,,,,,,,,,,,,,,,,,,,,,,,,,0.0,,1.0,10383.9,,,,,,,,,,,,,,,,,,,,,,,,,,,,,,,,,,,,,,,,,,,,,""
4839209164,"Feb 24, 2021, 1:28:53 AM",Alta steps then stop bc Sam called ,Run,,2497,5.45,,,false,,,activities/4839209164.gpx,,,2497.0,2150.0,5450.4,7.1,2.535,135.8,138.1,57.5,96.6,42.9,0.0,,,,,,,,,,,,,,,,,,,,,,,,,0.0,,1.0,6209.4,,,,,,,,,,,,,,,,,,,,,,,,,,,,,,,,,,,,,,,,,,,,,""
4862489807,"Feb 28, 2021, 1:32:31 AM",New sf uje ,Run,,3989,9.86,,,false,,,activities/4862489807.gpx,,,3989.0,3653.0,9861.5,5.5,2.7,141.8,153.2,3.2,106.1,16.5,-0.1,,,,,,,,,,,,,,,,,,,,,,,,,0.0,,1.0,10224.6,,,,,,,,,,,,,,,,,,,,,,,,,,,,,,,,,,,,,,,,,,,,,media/5A22CDDA-863F-494C-9FED-14E5FF01671D.jpg
4874857220,"Mar 2, 2021, 1:56:18 AM",Getting dark ,Run,"",3729,10.06,,,false,,,activities/4874857220.gpx,,,3729.0,3509.0,10061.9,5.7,2.867,153.0,166.3,3.3,106.1,15.1,-0.1,,,,,,,,,,,,,,,,,,,,,,,0.0,,0.0,,1.0,10432.2,,,,,,,,,,,,,,,,,,,,,,,,,,,,,,,,,,,,,,,,,,,,,media/49144BEF-5C37-43C5-8425-D0843CAA0CF6.jpg
4880966646,"Mar 3, 2021, 1:53:16 AM",Weekly went 45 mins late so late uje,Run,,3580,9.98,,,false,,,activities/4880966646.gpx,,,3580.0,3506.0,9986.5,5.1,2.848,158.5,170.1,3.2,106.1,20.2,-0.1,,,,,,,,,,,,,,,,,,,,,,,,,0.0,,1.0,10392.4,,,,,,,,,,,,,,,,,,,,,,,,,,,,,,,,,,,,,,,,,,,,,media/0730F225-1483-4709-9D11-014013F533C6.jpg
4886870350,"Mar 4, 2021, 2:11:49 AM",Late Alta steps and around,Run,,2519,5.25,,,false,,,activities/4886870350.gpx,,,2519.0,2137.0,5255.2,4.9,2.459,167.4,164.0,69.3,107.6,41.0,0.1,,,,,,,,,,,,,,,,,,,,,,,,,0.0,,1.0,6209.8,,,,,,,,,,,,,,,,,,,,,,,,,,,,,,,,,,,,,,,,,,,,,""
4892270559,"Mar 5, 2021, 1:57:13 AM",Late uje,Run,,3636,10.01,,,false,,,activities/4892270559.gpx,,,3636.0,3583.0,10017.6,5.0,2.796,138.4,147.4,3.1,104.9,17.9,-0.1,,,,,,,,,,,,,,,,,,,,,,,,,0.0,,1.0,10379.5,,,,,,,,,,,,,,,,,,,,,,,,,,,,,,,,,,,,,,,,,,,,,""
4903578310,"Mar 6, 2021, 11:20:38 PM",AirPods died and so did I great highway ,Run,,10425,26.71,,,false,,,activities/4903578310.gpx,,,10425.0,10132.0,26716.7,5.5,2.637,235.4,251.1,6.4,101.6,35.6,-0.1,,,,,,,,,,,,,,,,,,,,,,,,,0.0,,1.0,27179.4,,,,,,,,,,,,,,,,,,,,,,,,,,,,,,,,,,,,,,,,,,,,,media/751DEB43-4548-4BFE-927B-80BF4E8A2F3C.jpg|media/4B073739-06BB-4EEF-A454-7AC551B8AA5D.jpg
4931852452,"Mar 12, 2021, 12:01:58 AM",Uje in between meetings ,Run,,3295,9.97,,,false,,,activities/4931852452.gpx,,,3295.0,3266.0,9970.1,5.7,3.053,149.2,157.6,3.1,106.1,20.2,-0.1,,,,,,,,,,,,,,,,,,,,,,,,,0.0,,1.0,10351.9,,,,,,,,,,,,,,,,,,,,,,,,,,,,,,,,,,,,,,,,,,,,,""
4936859773,"Mar 13, 2021, 1:39:51 AM",1.5 Lyon st steps + .5 near steps ,Run,,2450,5.82,,,false,,,activities/4936859773.gpx,,,2450.0,2380.0,5823.8,5.6,2.447,190.3,183.8,60.7,116.5,49.5,0.1,,,,,,,,,,,,,,,,,,,,,,,,,0.0,,1.0,6832.2,,,,,,,,,,,,,,,,,,,,,,,,,,,,,,,,,,,,,,,,,,,,,""
4959701355,"Mar 17, 2021, 1:13:32 AM",Love Arlan uje ,Run,"",3511,9.76,,,false,,,activities/4959701355.gpx,,,3511.0,3447.0,9762.5,5.7,2.832,142.6,154.1,3.1,104.8,18.7,-0.1,,,,,,,,,,,,,,,,,,,,,,,0.0,,0.0,,1.0,10126.8,,,,,,,,,,,,,,,,,,,,,,,,,,,,,,,,,,,,,,,,,,,,,""
4965120173,"Mar 17, 2021, 11:28:05 PM",Modified Uje for Chron,Run,"",4161,8.33,,,false,,,activities/4965120173.gpx,,,4161.0,2914.0,8332.3,5.3,2.859,119.0,137.9,2.8,104.9,16.1,-0.2,,,,,,,,,,,,,,,,,,,,,,,0.0,,0.0,,1.0,8613.6,,,,,,,,,,,,,,,,,,,,,,,,,,,,,,,,,,,,,,,,,,,,,media/0C61CC6B-EDC8-4FF8-8D10-C24B7FBBC0C2.jpg
4975325714,"Mar 20, 2021, 12:38:35 AM",Run bc late to tennis ,Run,,1240,3.15,,,false,,,activities/4975325714.gpx,,,1240.0,1162.0,3158.3,6.2,2.718,49.5,122.0,3.8,106.3,14.9,-2.3,,,,,,,,,,,,,,,,,,,,,,,,,0.0,,1.0,3229.3,,,,,,,,,,,,,,,,,,,,,,,,,,,,,,,,,,,,,,,,,,,,,""
4981675450,"Mar 21, 2021, 12:52:02 AM",Post-boba tennis is canceled weekend Seacliff ,Run,,4826,13.89,,,false,,,activities/4981675450.gpx,,,4826.0,4738.0,13891.0,5.5,2.932,174.3,174.4,37.8,101.6,14.8,0.0,,,,,,,,,,,,,,,,,,,,,,,,,0.0,,1.0,14202.8,,,,,,,,,,,,,,,,,,,,,,,,,,,,,,,,,,,,,,,,,,,,,media/3E2EFBAB-7EF8-485B-AEEE-2DCE52478C25.jpg|media/FC73D969-BE76-4C6E-B116-C074089A4915.jpg
4992533287,"Mar 22, 2021, 7:52:58 PM",Apple store to pickup cable,Run,,1415,2.95,,,false,,,activities/4992533287.gpx,,,1415.0,1018.0,2955.0,4.8,2.903,37.4,85.0,9.6,94.4,18.8,-1.6,,,,,,,,,,,,,,,,,,,,,,,,,0.0,,1.0,3028.2,,,,,,,,,,,,,,,,,,,,,,,,,,,,,,,,,,,,,,,,,,,,,media/31A7BAD5-9619-44DB-A5EB-FD9086630FA6.jpg
5016410247,"Mar 27, 2021, 1:08:13 AM",Easy around north ,Run,,3042,7.38,,,false,,,activities/5016410247.gpx,,,3042.0,2714.0,7383.9,4.4,2.721,87.5,91.6,18.4,69.8,12.4,-0.1,,,,,,,,,,,,,,,,,,,,,,,,,0.0,,1.0,7542.2,,,,,,,,,,,,,,,,,,,,,,,,,,,,,,,,,,,,,,,,,,,,,media/3CCD604F-124E-41B4-97F0-52CEFAAA6ECA.jpg
5028985137,"Mar 28, 2021, 10:45:49 PM",Around south/sm library/CSUS,Run,"Needed water early on, all water fountains not dispensing water bc Covid, end early to walk rest wah ",6600,16.81,,,false,,,activities/5028985137.gpx,,,6600.0,6131.0,16816.6,4.2,2.743,135.6,156.2,9.7,69.8,15.0,-0.1,,,,,,,,,,,,,,,,,,,,,,,,,0.0,,1.0,16979.7,,,,,,,,,,,,,,,,,,,,,,,,,,,,,,,,,,,,,,,,,,,,,""
5034314377,"Mar 29, 2021, 9:45:41 PM",Big C,Walk,,6913,6.37,,,false,,,activities/5034314377.gpx,,,6913.0,5158.0,6375.2,6.3,1.236,200.4,214.4,51.1,250.7,48.8,-0.2,,,,,,,,,,,,,,,,,,6.0,,,,,0.0,136.0,0.0,,1.0,,,,,,,,,,,,,,,,,,,,,,,,,,,,,,,,,,,,,,,,,,,,,,media/FE2F69D0-805D-4B85-8869-4EA9FC04BD31.jpg
5041189803,"Mar 31, 2021, 1:13:22 AM",Reverse green course Crocker ish ,Run,,2415,6.61,,,false,,,activities/5041189803.gpx,,,2415.0,2408.0,6610.2,5.0,2.745,93.6,87.0,18.4,69.8,13.0,0.1,,,,,,,,,,,,,,,,,,,,,,,,,0.0,,1.0,6806.3,,,,,,,,,,,,,,,,,,,,,,,,,,,,,,,,,,,,,,,,,,,,,""
5046767453,"Mar 31, 2021, 8:16:57 PM",SJ/Campbell/Los gatos,Ride,,10662,29.72,,,false,,,activities/5046767453.gpx,,,10662.0,8493.0,29722.4,11.3,3.5,120.8,120.8,46.8,117.4,28.4,0.0,,,,,,,,,,,,,,,,,,5.0,,,,,0.0,153.0,0.0,,1.0,,,,,,,,,,,,,,,,,,,,,,,,,,,,,,,,,,,,,,,,,,,,,,media/D086BA26-B13B-41D3-BBB5-45F00140284A.jpg|media/1700679F-32D9-4DB3-9B4E-B9597809587C.jpg
5052191317,"Apr 1, 2021, 9:35:16 PM",Ded devils slide ,Ride,,3835,8.43,,,false,,,activities/5052191317.gpx,,,3835.0,2668.0,8437.0,13.0,3.162,222.2,221.9,77.3,143.9,31.4,0.0,,,,,,,,,,,,,,,,,,,,,,,,,0.0,,1.0,,,,,,,,,,,,,,,,,,,,,,,,,,,,,,,,,,,,,,,,,,,,,,media/A0996E2E-1375-4A7D-BA64-7BD873AC06CB.jpg|media/FCF46CE6-AEB6-4061-9E14-19412C05BB2D.jpg
5052193768,"Mar 31, 2021, 8:34:40 PM",Afternoon Ride,Ride,,24333,26.22,,,false,,,activities/5052193768.fit,,,24333.0,7728.0,26223.4,11.7,3.393,107.1,115.5,46.8,117.4,17.9,0.0,,,,,,,,,,,,,,,,,,,,,,,,,0.0,,1.0,,,,,,,,,,,,,,,,,,,,,,,,,,,,,,,,,,,,,,,,,,,,,,""
5082455495,"Apr 6, 2021, 11:31:54 PM",Sawyer 1x2,Ride,,5767,29.43,,,false,,,activities/5082455495.gpx,,,5767.0,5758.0,29429.3,16.5,5.111,216.1,222.3,88.5,186.3,44.7,0.0,,,,,,,,,,,,,,,,,,,,,,,,,0.0,,1.0,,,,,,,,,,,,,,,,,,,,,,,,,,,,,,,,,,,,,,,,,,,,,,media/4029535E-A49C-48FD-B2AE-F62D41D23818.jpg
5087923353,"Apr 7, 2021, 11:04:13 PM",Carolands run but walk up chateau ,Run,,4367,9.75,,,false,,,activities/5087923353.gpx,,,4367.0,3857.0,9753.5,5.8,2.529,227.0,227.0,22.3,189.3,42.0,0.0,,,,,,,,,,,,,,,,,,,,,,,,,0.0,,1.0,10401.1,,,,,,,,,,,,,,,,,,,,,,,,,,,,,,,,,,,,,,,,,,,,,""
5093909066,"Apr 9, 2021, 12:03:20 AM",Sawyer 1x1,Ride,,4711,24.47,,,false,,,activities/5093909066.gpx,,,4711.0,4711.0,24478.1,16.1,5.196,164.6,171.5,88.5,186.3,11.5,0.0,,,,,,,,,,,,,,,,,,,,,,,,,0.0,,1.0,,,,,,,,,,,,,,,,,,,,,,,,,,,,,,,,,,,,,,,,,,,,,,""
5117052721,"Apr 13, 2021, 12:47:24 AM",Marina is poppin I’m just watchin ,Run,,3573,10.08,,,false,,,activities/5117052721.gpx,,,3573.0,3546.0,10079.6,6.3,2.843,148.5,162.1,3.1,106.1,21.2,-0.1,,,,,,,,,,,,,,,,,,,,,,,,,0.0,,1.0,10455.1,,,,,,,,,,,,,,,,,,,,,,,,,,,,,,,,,,,,,,,,,,,,,""
5123135755,"Apr 14, 2021, 12:25:01 AM",Ggp to spreckle lake ish,Run,"",6238,17.02,,,false,,,activities/5123135755.gpx,,,6238.0,6133.0,17028.4,5.9,2.777,175.2,167.6,39.6,89.8,15.3,0.0,,,,,,,,,,,,,,,,,,,,,,,0.0,,0.0,,1.0,17324.2,,,,,,,,,,,,,,,,,,,,,,,,,,,,,,,,,,,,,,,,,,,,,""
5175594264,"Apr 23, 2021, 1:28:22 AM",Cold and hard it’s been too long lah ,Run,,4323,9.93,,,false,,,activities/5175594264.gpx,,,4323.0,3648.0,9929.8,5.8,2.722,153.0,161.8,3.1,104.9,16.1,-0.1,,,,,,,,,,,,,,,,,,,,,,,,,0.0,,1.0,10332.8,,,,,,,,,,,,,,,,,,,,,,,,,,,,,,,,,,,,,,,,,,,,,""
5205271101,"Apr 28, 2021, 1:01:18 AM",Lands end with Twitter/tiktok breaks bc tired ,Run,,7182,15.83,,,false,,,activities/5205271101.gpx,,,7182.0,6302.0,15832.2,4.5,2.512,222.0,215.1,37.8,91.8,37.3,0.0,,,,,,,,,,,,,,,,,,,,,,,,,0.0,,1.0,16463.5,,,,,,,,,,,,,,,,,,,,,,,,,,,,,,,,,,,,,,,,,,,,,media/2D7537D1-05C1-4C52-96F2-385B9E45B280.jpg
5233413735,"Apr 30, 2021, 2:20:52 AM",AirPods died wah,Run,,470,1.34,,,false,,,activities/5233413735.gpx,,,470.0,466.0,1344.9,5.1,2.886,23.0,23.1,71.9,91.2,13.4,0.0,,,,,,,,,,,,,,,,,,,,,,,,,0.0,,1.0,1402.0,,,,,,,,,,,,,,,,,,,,,,,,,,,,,,,,,,,,,,,,,,,,,""
5233413785,"May 3, 2021, 1:06:27 AM",Fort Point but hard idk why I carb loaded ,Run,,5437,14.05,,,false,,,activities/5233413785.gpx,,,5437.0,5344.0,14058.4,4.5,2.631,142.1,150.3,3.3,94.5,31.3,-0.1,,,,,,,,,,,,,,,,,,,,,,,,,0.0,,1.0,14484.9,,,,,,,,,,,,,,,,,,,,,,,,,,,,,,,,,,,,,,,,,,,,,media/4BDB1A9F-48AA-4026-8A31-35C54E6E055C.jpg|media/4490576A-5BC7-4626-994A-200425F2EFD0.jpg
5243683626,"May 5, 2021, 12:06:02 AM",Star Wars day uje w/ accidental pacific ,Run,,3500,9.99,,,false,,,activities/5243683626.gpx,,,3500.0,3444.0,9997.4,5.3,2.903,152.8,160.9,3.2,116.5,20.2,-0.1,,,,,,,,,,,,,,,,,,,,,,,,,0.0,,1.0,10431.7,,,,,,,,,,,,,,,,,,,,,,,,,,,,,,,,,,,,,,,,,,,,,""
5265075015,"May 9, 2021, 2:03:58 AM",Easy Crocker post-2nd shot,Run,Left arm sore wah,2061,5.17,,,false,,,activities/5265075015.gpx,,,2061.0,1942.0,5176.0,4.6,2.665,75.8,75.8,22.3,69.8,13.2,0.0,,,,,,,,,,,,,,,,,,,,,,,0.0,,0.0,,1.0,5328.4,,,,,,,,,,,,,,,,,,,,,,,,,,,,,,,,,,,,,,,,,,,,,""
5269415545,"May 9, 2021, 4:15:23 PM",Easy crystal with elise and moms walking ,Run,,1610,4.96,,,false,,,activities/5269415545.gpx,,,1610.0,1606.0,4966.0,4.5,3.092,5.3,3.8,95.0,100.3,3.8,0.0,,,,,,,,,,,,,,,,,,,,,,,,,0.0,,1.0,4978.1,,,,,,,,,,,,,,,,,,,,,,,,,,,,,,,,,,,,,,,,,,,,,""
5282058822,"May 12, 2021, 1:56:22 AM",Looking at van ness then surprise sushi,Run,"",1963,5.25,,,false,,,activities/5282058822.gpx,,,1963.0,1876.0,5254.1,5.8,2.801,50.0,84.9,4.0,76.2,13.7,-0.7,,,,,,,,,,,,,,,,,,,,,,,0.0,,0.0,,1.0,5301.1,,,,,,,,,,,,,,,,,,,,,,,,,,,,,,,,,,,,,,,,,,,,,""
5287415751,"May 13, 2021, 12:36:10 AM",The # of zoom meetings is too dang high,Run,"",3364,10.02,,,false,,,activities/5287415751.gpx,,,3364.0,3290.0,10022.8,6.2,3.046,146.1,152.8,3.1,104.9,17.2,-0.1,,,,,,,,,,,,,,,,,,,,,,,0.0,,0.0,,1.0,10409.0,,,,,,,,,,,,,,,,,,,,,,,,,,,,,,,,,,,,,,,,,,,,,""
5293324257,"May 14, 2021, 1:55:05 AM",Didn’t feel like running so I ran,Run,"",3571,9.81,,,false,,,activities/5293324257.gpx,,,3571.0,3503.0,9814.4,5.0,2.802,146.9,154.9,3.0,104.9,19.1,-0.1,,,,,,,,,,,,,,,,,,,,,,,0.0,,0.0,,1.0,10180.8,,,,,,,,,,,,,,,,,,,,,,,,,,,,,,,,,,,,,,,,,,,,,""
5304184760,"May 16, 2021, 1:15:57 AM",Late seacliff bc operators,Run,"",5439,15.20,,,false,,,activities/5304184760.gpx,,,5439.0,5310.0,15202.5,6.1,2.863,178.8,172.5,37.8,96.6,14.9,0.0,,,,,,,,,,,,,,,,,,,,,,,0.0,,0.0,,1.0,15530.7,,,,,,,,,,,,,,,,,,,,,,,,,,,,,,,,,,,,,,,,,,,,,media/F8F9439B-FA24-4250-AD42-A58F64F1DC3C.jpg
5332053081,"May 21, 2021, 1:35:40 AM",Seacliff not all the way bc windy ,Run,,5022,14.05,,,false,,,activities/5332053081.gpx,,,5022.0,5004.0,14056.4,5.0,2.809,166.0,158.9,37.8,96.6,12.6,0.1,,,,,,,,,,,,,,,,,,,,,,,,,0.0,,1.0,14347.3,,,,,,,,,,,,,,,,,,,,,,,,,,,,,,,,,,,,,,,,,,,,,media/2C532D5F-3048-4D34-84E5-2A0617DE7C84.jpg
5342030704,"May 22, 2021, 11:37:11 PM",Bear mom queen runs GGP so I did GGP-> end of gr8 hway ,Run,GGP was popping omg,10771,28.26,,,false,,,activities/5342030704.gpx,,,10771.0,10578.0,28259.9,5.1,2.672,213.3,214.0,7.1,89.9,17.1,0.0,,,,,,,,,,,,,,,,,,,,,,,0.0,,0.0,,1.0,28609.3,,,,,,,,,,,,,,,,,,,,,,,,,,,,,,,,,,,,,,,,,,,,,media/2302E099-3E13-4700-9424-D5802BF5DB9D.jpg
5369769906,"May 28, 2021, 12:57:52 AM","Slow to 24th bc still sore, languishing, tweeting whomp ",Run,,4715,11.49,,,false,,,activities/5369769906.gpx,,,4715.0,4416.0,11490.8,5.0,2.602,158.7,149.5,37.8,100.1,14.0,0.1,,,,,,,,,,,,,,,,,,,,,,,,,0.0,,1.0,11802.2,,,,,,,,,,,,,,,,,,,,,,,,,,,,,,,,,,,,,,,,,,,,,""
5409814750,"Jun 3, 2021, 9:17:27 PM",Top of the world socal has nimbys too,Hike,,11321,15.82,,,false,,,activities/5409814750.gpx,,,11321.0,10752.0,15826.4,3.6,1.472,514.2,514.9,59.3,312.7,36.5,0.0,,,,,,,,,,,,,,,,,,,,,,,,,0.0,,1.0,,,,,,,,,,,,,,,,,,,,,,,,,,,,,,,,,,,,,,,,,,,,,,media/FB94557C-EB0B-4025-847B-D2FFD96E7965.jpg|media/13436FAA-D8FC-4F1B-B468-9F0B75166F29.jpg
5438442816,"Jun 9, 2021, 2:10:35 AM",Back @ it again uje,Run,"I cheated, clay has smaller incline to Presidio ",3169,9.86,,,false,,,activities/5438442816.gpx,,,3169.0,3169.0,9860.7,5.7,3.112,142.0,156.6,3.1,100.1,17.4,-0.1,,,,,,,,,,,,,,,,,,,,,,,0.0,,0.0,,1.0,10191.5,,,,,,,,,,,,,,,,,,,,,,,,,,,,,,,,,,,,,,,,,,,,,""
5466155647,"Jun 13, 2021, 11:39:43 PM",People act like running in flip flops with tennis rackets is weird ,Walk,Late again but this time bc book pickup,2905,5.16,,,false,,,activities/5466155647.gpx,,,2905.0,2721.0,5164.0,9.5,1.898,62.4,68.3,51.4,89.5,15.2,-0.1,,,,,,,,,,,,,,,,,,,,,,,0.0,,0.0,,1.0,,,,,,,,,,,,,,,,,,,,,,,,,,,,,,,,,,,,,,,,,,,,,,""
5474781625,"Jun 15, 2021, 4:07:58 PM",Lyon st -> Lyon steps ,Run,,2455,5.74,,,false,,,activities/5474781625.gpx,,,2455.0,2403.0,5748.6,5.3,2.392,191.3,185.2,54.3,116.5,49.5,0.1,,,,,,,,,,,,,,,,,,,,,,,,,0.0,,1.0,6779.4,,,,,,,,,,,,,,,,,,,,,,,,,,,,,,,,,,,,,,,,,,,,,media/D11ED7EE-5AD2-4764-AEB2-9003425AFAF8.jpg
5492416947,"Jun 18, 2021, 8:38:21 PM","Shouldn’t have gone all way gr8 hway, AirPods died x late to game night lah ",Run,"",11043,27.53,,,false,,,activities/5492416947.gpx,,,11043.0,10868.0,27538.8,5.4,2.534,193.3,193.9,7.1,89.5,20.3,0.0,,,,,,,,,,,,,,,,,,,,,,,0.0,,0.0,,1.0,27864.6,,,,,,,,,,,,,,,,,,,,,,,,,,,,,,,,,,,,,,,,,,,,,""
5507659696,"Jun 21, 2021, 7:45:56 PM",Btwn meetings minimal sweat acai bowl jog,Run,,1288,3.56,,,false,,,activities/5507659696.gpx,,,1288.0,1225.0,3567.7,5.1,2.912,42.1,60.5,51.4,89.5,11.9,-0.5,,,,,,,,,,,,,,,,,,,,,,,,,0.0,,1.0,3620.2,,,,,,,,,,,,,,,,,,,,,,,,,,,,,,,,,,,,,,,,,,,,,""
5524868704,"Jun 25, 2021, 1:14:48 AM",My toe bled through my sock and shoe wtf usual,Run,,3554,9.92,,,false,,,activities/5524868704.gpx,,,3554.0,3478.0,9919.8,5.8,2.852,150.5,159.7,3.1,100.1,16.7,-0.1,,,,,,,,,,,,,,,,,,,,,,,,,0.0,,1.0,10298.9,,,,,,,,,,,,,,,,,,,,,,,,,,,,,,,,,,,,,,,,,,,,,""
5545576994,"Jun 28, 2021, 11:58:37 PM",Partial seacliff bc too many meetings end late + I didn’t woman up + bounce ,Run,"",5118,14.41,,,false,,,activities/5545576994.gpx,,,5118.0,4806.0,14417.5,5.4,3.0,184.0,174.1,37.8,96.6,14.3,0.1,,,,,,,,,,,,,,,,,,,,,,,0.0,,0.0,,1.0,14783.2,,,,,,,,,,,,,,,,,,,,,,,,,,,,,,,,,,,,,,,,,,,,,media/DD8FEAF6-DEEB-4501-90E8-901A5F366B4C.jpg|media/66EDC94A-049C-4579-8FE2-58A567443232.jpg
5560224404,"Jul 1, 2021, 8:03:09 PM",Stream went late so run w/ backpack to GGP p2,Run,,2168,5.02,,,false,,,activities/5560224404.gpx,,,2168.0,2063.0,5027.5,4.7,2.437,60.9,49.6,44.7,87.4,21.3,0.2,,,,,,,,,,,,,,,,,,,,,,,,,0.0,,1.0,5157.7,,,,,,,,,,,,,,,,,,,,,,,,,,,,,,,,,,,,,,,,,,,,,""
5623903132,"Jul 14, 2021, 1:01:13 AM",Late to volleyball and I still missed the turn whomp ,Run,,1533,5.00,,,false,,,activities/5623903132.gpx,,,1533.0,1419.0,5003.3,9.2,3.526,33.7,33.7,18.2,95.5,12.1,-1.3,,,,,,,,,,,,,,,,,,,,,,,,,0.0,,1.0,4948.7,,,,,,,,,,,,,,,,,,,,,,,,,,,3.264,137.1,,,,,,,,,,,,,,,,,""
5629425600,"Jul 15, 2021, 2:00:39 AM",Idk what I’m doing wednes-yay,Run,"",2745,7.57,,,false,,,activities/5629425600.gpx,,,2745.0,2721.0,7574.4,9.7,2.784,190.7,190.7,3.9,107.0,49.0,0.0,,,,,,,,,,,,,,,,,,,,,,,0.0,,0.0,,1.0,8264.6,,,,,,,,,,,,,,,,,,,,,,,,,,,2.759,21.8,,,,,,,,,,,,,,,,,media/DBEC9EFD-F764-4704-B616-B19282545986.jpg|media/066C2706-1DDF-4655-A4FE-F87F54399965.jpg
5644529600,"Jul 18, 2021, 12:54:18 AM",Sore from tues && salty ,Swim,,1808,"1,189",,,false,,,,,,1808.0,1808.0,1188.7,,0.657,,,,,,0.0,,,,,,,,,,,,,,,,,,,,,,,,,0.0,,0.0,,,,,,,,,,,,,,,,,,,,,,,,,,,,0.657,,,,,,,,,,,,,,,,,,""
5655119107,"Jul 19, 2021, 11:24:52 PM",Alexa is this cross-training ,Swim,,2622,"1,463",,,false,,,,,,2622.0,2622.0,1463.0,,0.558,,,,,,0.0,,,,,,,,,,,,,,,,,,,,,,,,,0.0,,0.0,,,,,,,,,,,,,,,,,,,,,,,,,,,,0.558,,,,,,,,,,,,,,,,,,""
5660942364,"Jul 21, 2021, 1:02:33 AM",Late to volleyball and forgot street to turn on round ✌🏼,Run,,1415,4.25,,,false,,,activities/5660942364.gpx,,,1415.0,1284.0,4252.3,6.1,3.312,26.0,26.0,17.0,95.2,9.9,-1.6,,,,,,,,,,,,,,,,,,,,,,,,,0.0,,1.0,4231.2,,,,,,,,,,,,,,,,,,,,,,,,,,,3.005,0.0,,,,,,,,,,,,,,,,,""
5661141463,"Jul 21, 2021, 2:27:59 AM",First post-vball win feat CA/Taylor steps ,Run,,1812,4.85,,,false,,,activities/5661141463.gpx,,,1812.0,1640.0,4852.5,6.4,2.959,113.1,113.1,25.0,93.0,24.4,1.3,,,,,,,,,,,,,,,,,,,,,,,,,0.0,,1.0,5229.7,,,,,,,,,,,,,,,,,,,,,,,,,,,2.678,0.0,,,,,,,,,,,,,,,,,""
5665547032,"Jul 21, 2021, 8:37:50 PM",Lunch run for Yelp coffee ferry building ,Run,,536,1.98,,,false,,,activities/5665547032.gpx,,,536.0,524.0,1979.9,5.8,3.778,0.0,86.3,4.1,90.6,2.5,-4.4,,,,,,,,,,,,,,,,,,,,,,,,,0.0,,1.0,1903.1,,,,,,,,,,,,,,,,,,,,,,,,,,,3.694,,,,,,,,,,,,,,,,,,""
5671915933,"Jul 23, 2021, 2:09:23 AM",Arm day RH bookstore run ,Run,"",466,1.55,,,false,,,activities/5671915933.gpx,,,466.0,449.0,1549.7,5.8,3.451,14.1,14.1,46.1,95.6,7.5,-3.2,,,,,,,,,,,,,,,,,,,,,,,0.0,,0.0,,1.0,1495.6,,,,,,,,,,,,,,,,,,,,,,,,,,,3.326,0.0,,,,,,,,,,,,,,,,,""
5676686979,"Jul 24, 2021, 1:33:06 AM",It doesn’t get easier you just get BETTER quick swim,Swim,I need Strava on my watch omg,1538,960,,,false,,,,,,1538.0,1538.0,960.1,,0.624,,,,,,0.0,,,,,,,,,,,,,,,,,,,,,,,0.0,,0.0,,0.0,,,,,,,,,,,,,,,,,,,,,,,,,,,,0.624,,,,,,,,,,,,,,,,,,""
5686570692,"Jul 25, 2021, 5:55:32 PM",Late to playoffs but lighter🎾 bag is *mwah*,Run,Started out too fast bc stress,2050,6.36,,,false,,,activities/5686570692.gpx,,,2050.0,2004.0,6368.7,5.7,3.178,69.4,69.4,42.9,95.5,8.3,-0.3,,,,,,,,,,,,,,,,,,,,,,,0.0,,0.0,,1.0,6440.4,,,,,,,,,,,,,,,,,,,,,,,,,,,3.107,4.7,,,,,,,,,,,,,,,,,""
5698593729,"Jul 28, 2021, 2:29:15 AM","Week 3: new vball gym, still late+missed turn ",Run,"",1913,6.20,,,false,,,activities/5698593729.gpx,,,1913.0,1855.0,6208.1,6.4,3.347,60.2,60.2,15.4,95.2,13.6,-0.9,,,,,,,,,,,,,,,,,,,,,,,0.0,,0.0,,1.0,6235.3,,,,,,,,,,,,,,,,,,,,,,,,,,,3.245,121.4,,,,,,,,,,,,,,,,,""
5729566897,"Aug 3, 2021, 1:11:52 AM","Like interviews, there are too many dang hills",Run,"",4183,11.94,,,false,,,activities/5729566897.gpx,,,4183.0,4129.0,11941.8,6.0,2.892,230.0,230.0,3.0,107.0,20.4,0.0,,,,,,,,,,,,,,,,,,6.0,,,,,0.0,108.0,0.0,,1.0,12583.9,,,,,,,,,,,,,,,,,,,,,,,,,,,2.855,172.9,,,,,,,,,,,,,,,,,media/090C6CC4-E68A-479F-A2DF-2F93C879AB0C.jpg
5735346536,"Aug 4, 2021, 2:01:12 AM",Late to vball but took right turn 🙏🙌,Run,,1349,4.28,,,false,,,activities/5735346536.gpx,,,1349.0,1222.0,4281.1,7.1,3.503,26.4,26.4,17.0,95.5,11.4,-1.5,,,,,,,,,,,,,,,,,,,,,,,,,0.0,,1.0,4220.4,,,,,,,,,,,,,,,,,,,,,,,,,,,3.174,124.5,,,,,,,,,,,,,,,,,""
5772662755,"Aug 11, 2021, 1:02:33 AM",Late to vball made the right turn ,Run,,1261,4.18,,,false,,,activities/5772662755.gpx,,,1261.0,1203.0,4186.4,6.9,3.48,26.3,26.3,17.5,95.7,8.4,-1.6,,,,,,,,,,,,,,,,,,,,,,,,,0.0,,1.0,4131.8,,,,,,,,,,,,,,,,,,,,,,,,,,,3.32,129.4,,,,,,,,,,,,,,,,,""
5799936821,"Aug 16, 2021, 2:12:59 AM",Optimize time post-LA/soju grace cathedral steps ,Run,"Not Alta, but decent HIIT stairs",1320,2.92,,,false,,,activities/5799936821.gpx,,,1320.0,1205.0,2928.2,5.4,2.43,41.3,41.7,87.8,94.3,38.2,0.0,,,,,,,,,,,,,,,,,,,,,,,,,0.0,,1.0,3940.7,,,,,,,,,,,,,,,,,,,,,,,,,,,2.218,,,,,,,,,,,,,,,,,,media/471DC093-F0F0-4E98-AD5B-13C654735887.jpg
5821307000,"Aug 20, 2021, 1:16:38 AM",7.5x Alta steps bc < 8 weeks to signal ,Run,"",2773,6.41,,,false,,,activities/5821307000.gpx,,,2773.0,2415.0,6417.1,5.2,2.657,189.8,189.8,53.6,107.2,39.7,0.0,,,,,,,,,,,,,,,,,,6.0,,,,,0.0,63.0,0.0,,1.0,7296.3,,,,,,,,,,,,,,,,,,,,,,,,,,,2.314,0.0,,,,,,,,,,,,,,,,,media/13DEFBBA-C3FE-4895-91CA-4F199A67A110.jpg
5837174947,"Aug 22, 2021, 8:18:05 PM",BA ridge Presidio trail-> GGB,Run,Too many bikers and people but weather and aqi so good,8093,21.47,,,false,,,activities/5837174947.gpx,,,8093.0,7912.0,21471.9,5.3,2.714,227.7,227.7,3.4,105.0,25.0,-0.2,,,,,,,,,,,,,,,,,,6.0,,,,,0.0,208.0,0.0,,1.0,21870.4,,,,,,,,,,,,,,,,,,,,,,,,,,,2.653,3189.3,,,,,,,,,,,,,,,,,media/66CFE60A-DD23-4CEF-A947-119D01DC360D.jpg|media/6CB138B3-A1E8-4BFB-860A-6E9F95D2C4B2.jpg|media/75EE645F-0705-40D5-8BED-F96226B9FE86.jpg|media/FDFC61A4-5C56-4DB4-B8C3-70B817EC8B24.jpg
5880076021,"Aug 31, 2021, 2:17:46 AM",Quick 1mi bc tensorflow.js is once more a pain in my,Run,,499,1.77,,,false,,,activities/5880076021.gpx,,,499.0,499.0,1775.9,5.5,3.559,0.0,0.0,87.8,93.9,6.1,-0.3,,,,,,,,,,,,,,,,,,,,,,,,,0.0,,1.0,1769.1,,,,,,,,,,,,,,,,,,,,,,,,,,,3.559,0.0,,,,,,,,,,,,,,,,,""
5890012449,"Sep 1, 2021, 7:20:52 PM",Lunch run ran into ex pubnubbers omg,Run,Air quality x weather so good omg ,4232,11.80,,,false,,,activities/5890012449.gpx,,,4232.0,4001.0,11808.0,6.1,2.951,190.0,190.0,3.4,105.0,19.5,0.0,,,,,,,,,,,,,,,,,,,,,,,0.0,,0.0,,1.0,12239.9,,,,,,,,,,,,,,,,,,,,,,,,,,,2.79,256.2,,,,,,,,,,,,,,,,,media/C1FFC166-77BD-4F21-B4E3-7947D7FBFF9A.jpg
5928240430,"Sep 8, 2021, 6:35:07 PM",Run to Pilates then stop bc change of plans,Run,,253,0.68,,,false,,,activities/5928240430.gpx,,,253.0,253.0,680.0,4.4,2.688,2.5,2.5,59.2,94.4,17.5,-4.4,,,,,,,,,,,,,,,,,,,,,,,,,0.0,,1.0,676.6,,,,,,,,,,,,,,,,,,,,,,,,,,0.0,2.688,0.0,,,,,,,,,,,,,,,,,""
5934919700,"Sep 10, 2021, 12:29:20 AM",Walk/jog downhill for daddy sahil lmfao,Walk,,1857,3.31,,,false,,,activities/5934919700.gpx,,,1857.0,1857.0,3313.8,5.6,1.784,6.7,6.7,15.8,95.3,7.8,-2.4,,,,,,,,,,,,,,,,,,,,,,,,,0.0,,1.0,,,,,,,,,,,,,,,,,,,,,,,,,,,0.0,1.784,62.1,,,,,,,,,,,,,,,,,""
5962077183,"Sep 15, 2021, 1:20:24 AM",No hills bc today was already a climb rofl ,Run,"",1639,5.49,,,false,,,activities/5962077183.gpx,,,1639.0,1636.0,5497.4,5.1,3.36,0.0,0.0,87.8,93.4,2.4,-0.1,,,,,,,,,,,,,,,,,,,,,,,0.0,,0.0,,1.0,5500.9,,,,,,,,,,,,,,,,,,,,,,,,,,0.0,3.354,0.0,,,,,,,,,,,,,,,,,media/3103AD20-35D4-4E71-B073-B39CB57C41CF.jpg
5972772094,"Sep 17, 2021, 2:12:50 AM",Evening Ride bc Texas is hot,Ride,"",3991,0,162.0,85,false,,,activities/5972772094.gpx,,,3991.0,3991.0,0.0,0.0,0.0,0.0,,,,0.0,0.0,,,,,,148.0,,,,,,85.0,,,,,,,,,,,0.0,,0.0,,1.0,,,,,,,,,,,,,,,,,,,,,,,,,,,0.0,0.0,,,,,,,,,,,,,,,,,,""
5976195818,"Sep 17, 2021, 6:38:40 PM",Texas walks hit different ,Walk,,4127,5.35,,,false,,,activities/5976195818.gpx,,,4127.0,3738.0,5357.8,8.0,1.433,11.4,9.6,131.1,142.9,7.0,0.0,,,,,,,,,,,,,,,,,,,,,,,,,0.0,,1.0,,,,,,,,,,,,,,,,,,,,,,,,,,,0.0,1.298,,,,,,,,,,,,,,,,,,media/F172AC70-0DD7-47A6-B5DB-9DF76A58E226.jpg|media/10EDB84B-1846-4E57-A9A1-812534BA425F.jpg
5988344789,"Sep 19, 2021, 10:15:53 PM",JFK museum -> bishop arts district ,Walk,"Hella cars, not enough crosswalks on each side of the street omg ",2994,3.87,,,false,,,activities/5988344789.gpx,,,2994.0,2807.0,3871.4,2.5,1.379,32.3,9.4,129.1,157.5,13.7,0.6,,,,,,,,,,,,,,,,,,,,,,,0.0,,0.0,,1.0,,,,,,,,,,,,,,,,,,,,,,,,,,,0.0,1.293,,,,,,,,,,,,,,,,,,media/A06DB6C5-356F-44A5-95D2-B562F6A74080.jpg
5998822087,"Sep 21, 2021, 10:29:56 PM","Flower piano last day, GGP hills 2 OP",Run,,6757,14.55,,,false,,,activities/5998822087.gpx,,,6757.0,5812.0,14551.4,5.2,2.504,139.5,139.5,41.3,95.3,13.0,-0.3,,,,,,,,,,,,,,,,,,,,,,,,,0.0,,1.0,14755.2,,,,,,,,,,,,,,,,,,,,,,,,,,0.0,2.154,106.2,,,,,,,,,,,,,,,,,media/269A7AAB-EA0E-466B-92DC-8EA21B79A8AD.jpg
6013360469,"Sep 24, 2021, 8:29:19 PM",Head down week to head up weekend Sawyer 1x1,Ride,,4860,24.55,,,false,,,activities/6013360469.gpx,,,4860.0,4745.0,24555.9,12.1,5.175,166.6,176.0,88.3,186.4,10.8,0.0,,,,,,,,,,,,,,,,,,,,,,,,,0.0,,1.0,,,,,,,,,,,,,,,,,,,,,,,,,,,0.0,5.053,,,,,,,,,,,,,,,,,,media/58FD781E-E1ED-4677-A188-BB7C494DF2B3.jpg|media/B545CCBE-97D3-4DDC-8F70-645A90D9FAF4.jpg
6019660428,"Sep 26, 2021, 1:12:47 AM",Run to kpsf > patty slate party ,Run,"",2171,6.90,,,false,,,activities/6019660428.gpx,,,2171.0,2070.0,6905.1,9.3,3.336,65.1,65.1,43.6,95.7,8.4,-0.3,,,,,,,,,,,,,,,,,,,,,,,0.0,,0.0,,1.0,6954.6,,,,,,,,,,,,,,,,,,,,,,,,,,0.0,3.181,0.0,,,,,,,,,,,,,,,,,""
6019963859,"Sep 26, 2021, 4:02:22 AM",Strava didn’t record all the way rip night run from kpsf,Run,,1916,2.69,,,false,,,activities/6019963859.gpx,,,1916.0,887.0,2693.5,4.6,3.037,24.1,47.6,51.7,90.0,10.7,-0.9,,,,,,,,,,,,,,,,,,,,,,,,,0.0,,1.0,2741.4,,,,,,,,,,,,,,,,,,,,,,,,,,0.0,1.406,,,,,,,,,,,,,,,,,,""
6041065805,"Sep 30, 2021, 4:59:23 AM",Night swim ,Swim,"",978,0,171.0,20,false,,,activities/6041065805.gpx,,,978.0,971.0,0.0,0.0,0.0,0.0,,,,0.0,0.0,,,,,,139.0,,,,,,20.0,,,,,,,,,,,0.0,,0.0,,1.0,,,,,,,,,,,,,,,,,,,,,,,,,,,0.0,0.0,,,,,,,,,,,,,,,,,,""
6060170286,"Oct 3, 2021, 10:26:58 PM","2much heat/tennis, !enough miles ",Run,,3537,9.30,,,false,,,activities/6060170286.gpx,,,3537.0,3374.0,9299.3,5.4,2.756,134.5,134.5,3.6,105.1,21.1,-0.5,,,,,,,,,,,,,,,,,,,,,,,,,0.0,,1.0,9581.2,,,,,,,,,,,,,,,,,,,,,,,,,,0.0,2.629,173.7,,,,,,,,,,,,,,,,,""
6075100099,"Oct 6, 2021, 11:50:22 PM",Pre-Indian Wells Sawyer ride,Ride,,4943,24.78,,,false,,,activities/6075100099.gpx,,,4943.0,4731.0,24783.9,12.6,5.239,166.9,175.6,88.3,186.4,10.4,0.0,,,,,,,,,,,,,,,,,,,,,,,,,0.0,,1.0,,,,,,,,,,,,,,,,,,,,,,,,,,,0.0,5.014,,,,,,,,,,,,,,,,,,media/CA43AF5C-2A41-44FB-B952-01810A236766.jpg
6080450967,"Oct 8, 2021, 5:32:06 AM",Night Indian Wells post-hot tub swim #1,Swim,"",321,0,159.0,4,false,,,activities/6080450967.gpx,,,321.0,316.0,0.0,0.0,0.0,0.0,,,,0.0,0.0,,,,,,131.0,,,,,,4.0,,,,,,,,,,,0.0,,0.0,,1.0,,,,,,,,,,,,,,,,,,,,,,,,,,,0.0,0.0,,,,,,,,,,,,,,,,,,""
6080572861,"Oct 8, 2021, 6:05:21 AM",Indian Wells night swim #2,Swim,Why do athletes drink so much hmm ,1397,0,172.0,72,false,,,activities/6080572861.gpx,,,1397.0,1386.0,0.0,0.0,0.0,0.0,,,,0.0,0.0,,,,,,161.0,,,,,,72.0,,,,,,,,,,,0.0,,0.0,,1.0,,,,,,,,,,,,,,,,,,,,,,,,,,,0.0,0.0,,,,,,,,,,,,,,,,,,""
6085136846,"Oct 9, 2021, 7:07:18 AM",This felt way longer than 7 mins post-Leylah,Workout,"",454,0,168.0,14,false,,,activities/6085136846.gpx,,,454.0,454.0,0.0,0.0,0.0,0.0,,,,0.0,0.0,,,,,,160.0,,,,,,14.0,,,,,,,,,,,0.0,,0.0,,1.0,,,,,,,,,,,,,,,,,,,,,,,,,,,0.0,0.0,,,,,,,,,,,,,,,,,,""
6090507014,"Oct 10, 2021, 7:33:33 AM",Night Activity,Workout,,178,0,146.0,2,false,,,activities/6090507014.gpx,,,178.0,178.0,0.0,0.0,0.0,0.0,,,,0.0,0.0,,,,,,142.0,,,,,,2.0,,,,,,,,,,,,,0.0,,1.0,,,,,,,,,,,,,,,,,,,,,,,,,,,0.0,0.0,,,,,,,,,,,,,,,,,,""
6090507020,"Oct 10, 2021, 6:14:29 AM",Night Activity,Workout,,673,0,172.0,8,false,,,activities/6090507020.gpx,,,673.0,673.0,0.0,0.0,0.0,0.0,,,,0.0,0.0,,,,,,138.0,,,,,,8.0,,,,,,,,,,,,,0.0,,1.0,,,,,,,,,,,,,,,,,,,,,,,,,,,0.0,0.0,,,,,,,,,,,,,,,,,,""
6095736161,"Oct 11, 2021, 4:46:56 AM",Night Swim,Swim,,825,549,,,false,,,,,,825.0,825.0,548.6,,0.665,,,,,,0.0,,,,,,,,,,,,,,,,,,,,,,,,,0.0,,0.0,,,,,,,,,,,,,,,,,,,,,,,,,,,0.0,0.665,,,,,,,,,,,,,,,,,,""
6109833547,"Oct 14, 2021, 12:46:33 AM",Should’ve packed running shoes for Indian Wells so Devin could lap me pre-tennis,Run,2many people omg,2152,6.95,,,false,,,activities/6109833547.gpx,,,2152.0,2146.0,6955.3,4.9,3.241,0.0,1.4,87.8,89.4,2.6,0.0,,,,,,,,,,,,,,,,,,,,,,,0.0,,0.0,,1.0,6967.2,,,,,,,,,,,,,,,,,,,,,,,,,,0.0,3.232,0.0,,,,,,,,,,,,,,,,,""
6114427504,"Oct 14, 2021, 10:52:28 PM","Been too long, lands end feat hella giants gear ",Run,,6321,17.02,,,false,,,activities/6114427504.gpx,,,6321.0,6181.0,17027.4,5.1,2.755,252.0,252.0,37.9,106.4,38.3,-0.2,,,,,,,,,,,,,,,,,,,,,,,,,0.0,,1.0,17615.7,,,,,,,,,,,,,,,,,,,,,,,,,,0.0,2.694,1390.0,,,,,,,,,,,,,,,,,""
6156971448,"Oct 23, 2021, 10:59:34 PM","1st post-signal run, pre-Devin meets savvy/James @ Ronny Chieng ",Run,,1267,2.25,,,false,,,activities/6156971448.gpx,,,1267.0,1093.0,2254.1,5.406,2.062,33.8,33.9,88.4,95.0,38.0,-0.2,,,,,,,,,,,,,,,,,,,,,,,,,0.0,,1.0,3343.2,,,,,,,,,,,,,,,,,,,,,,,,,,0.0,1.779,0.0,,,,,,,,,,,,,,,,,""
6171865008,"Oct 26, 2021, 9:33:02 PM",Sawyer 2x3 pre-warriors/World Series ,Ride,,11809,53.23,,,false,,,activities/6171865008.gpx,,,11809.0,10716.0,53233.8,16.68,4.968,357.8,366.4,88.3,186.4,10.2,0.0,,,,,,,,,,,,,,,,,,,,,,,,,0.0,,1.0,,,,,,,,,,,,,,,,,,,,,,,,,,,0.0,4.508,0.0,,,,,,,,,,,,,,,,,media/424D3F98-BBF4-42F2-9D1D-4B83FE722CB4.jpg
6226187898,"Nov 7, 2021, 5:49:42 PM",One run in which running is the fastest means of transportation too late ,Run,"",463,1.40,,,false,,,activities/6226187898.gpx,,,463.0,463.0,1405.0,5.7,3.035,20.6,20.6,49.3,92.6,7.4,-1.5,,,,,,,,,,,,,,,,,,,,,,,0.0,,0.0,,1.0,1421.8,,,,,,,,,,,,,,,,,,,,,,,,,,0.0,3.035,0.0,,,,,,,,,,,,,,,,,""
6231980364,"Nov 9, 2021, 3:13:18 AM",Evening Swim,Swim,,1975,"1,180",170.0,28,false,,,activities/6623067892.fit.gz,,,1975.0,1975.0,1179.6,2.744,0.597,0.0,,,,0.0,0.0,,,,,,124.0,,,262.0,,,28.0,,,,,,,,,,,,,0.0,,1.0,,,,,,,,,,,,,,,,,,,,,,,,,,,0.0,0.597,0.0,,,,,,,,,,,,,,,,,""
6241159875,"Nov 11, 2021, 12:40:15 AM",I lied to get out of MCing devrelcon and ran instead ,Run,"",5193,13.17,,,false,,,activities/6241159875.gpx,,,5193.0,4871.0,13169.2,5.546,2.704,231.9,231.9,3.6,106.4,20.6,0.0,,,,,,,,,,,,,,,,,,,,,,,0.0,,0.0,,1.0,13735.1,,,,,,,,,,,,,,,,,,,,,,,,,,0.0,2.536,232.0,,,,,,,,,,,,,,,,,media/15F2E243-8A94-4987-80B4-12EC21A15232.jpg
6253157337,"Nov 13, 2021, 7:41:07 AM",Night Walk,Walk,,1105,1.38,,,false,,,activities/6645623456.fit.gz,,,1105.0,1086.0,1379.4,2.753,1.27,63.7,63.7,29.3,94.4,27.0,4.7,,,,,,,,,82.0,,,,,,,,,,,,,,,,0.0,,1.0,,,,,,,,,,,,,,,,,,,,,,,,,,,0.0,1.248,0.0,,,,,,,,,,,,,,,,,""
6253157850,"Nov 13, 2021, 6:45:14 AM",Night Run,Run,,189,0.51,,,false,,,activities/6645624058.fit.gz,,,189.0,169.0,513.1,4.688,3.036,0.0,0.0,53.7,92.5,0.0,-7.6,,,,,,,,,27.0,,,,,,,,,,,,,,,,0.0,,1.0,462.7,,,,,,,,,,,,,,,,,,,,,,,,,,0.0,2.715,0.0,,,,,,,,,,,,,,,,,""
6280794370,"Nov 19, 2021, 7:02:42 AM",Night Walk,Walk,,900,1.21,,,false,,,activities/6675186498.fit.gz,,,900.0,900.0,1215.7,2.403,1.351,72.9,72.9,18.4,93.6,23.2,6.2,,,,,,,,,80.0,,,,,,,,,,,,,,,,0.0,,1.0,,,,,,,,,,,,,,,,,,,,,,,,,,,0.0,1.351,0.0,,,,,,,,,,,,,,,,,""
6285999400,"Nov 21, 2021, 3:50:05 AM","Been 2 long, 2 many ppl, 2 many dogs ",Run,"",1825,5.40,,,false,,,activities/6285999400.gpx,,,1825.0,1814.0,5405.1,4.305,2.98,0.0,2.4,87.8,91.4,2.3,0.0,,,,,,,,,,,,,,,,,,,,,,,0.0,,0.0,,1.0,5412.4,,,,,,,,,,,,,,,,,,,,,,,,,,0.0,2.962,0.0,,,,,,,,,,,,,,,,,media/813C732F-259F-4ACF-8F3F-936C62687F79.jpg
6290809408,"Nov 21, 2021, 9:25:34 PM",Walk to 9.5 GGP matchhh,Walk,"",6580,6.89,97.0,10,false,,,activities/6685955515.fit.gz,,,6580.0,5128.0,6890.0,3.977,1.344,100.1,100.1,51.5,92.7,20.1,-0.3,,,,,,90.0,,,313.0,,,10.0,,,,,,,,,,,0.0,,0.0,,1.0,,,,,,,,,,,,,,,,,,,,,,,,,,,0.0,1.047,0.0,,,,,,,,,,,,,,,,,""
6290809476,"Nov 22, 2021, 12:15:23 AM",9.5 dubs p2,Workout,"",5527,0,181.0,98,false,,,activities/6685955632.fit.gz,,,5527.0,5527.0,0.0,0.0,0.0,0.0,,,,0.0,0.0,,,,,,145.0,,,737.0,,,98.0,,,,,,,,,,,0.0,,0.0,,1.0,,,,,,,,,,,,,,,,,,,,,,,,,,,0.0,0.0,0.0,,,,,,,,,,,,,,,,,""
6290930298,"Nov 22, 2021, 2:18:52 AM",Evening Walk,Walk,,4704,6.03,75.0,6,false,,,activities/6686090513.fit.gz,,,4704.0,4599.0,6030.4,2.597,1.311,113.8,113.8,39.0,95.3,17.0,0.3,,,,,,75.0,,,281.0,,,6.0,,,,,,,,,,,,,0.0,,1.0,,,,,,,,,,,,,,,,,,,,,,,,,,,0.0,1.282,0.0,,,,,,,,,,,,,,,,,""
6295027164,"Nov 23, 2021, 2:20:14 AM",Jameson had a g00d night 🎾🎾,Workout,"",4539,0,178.0,125,false,,,activities/6690493016.fit.gz,,,4539.0,4539.0,0.0,0.0,0.0,0.0,,,,0.0,0.0,,,,,,155.0,,,672.0,,,125.0,,,,,,,,,,,0.0,,0.0,,1.0,,,,,,,,,,,,,,,,,,,,,,,,,,,0.0,0.0,0.0,,,,,,,,,,,,,,,,,""
6295028988,"Nov 23, 2021, 1:46:14 AM",Afternoon Walk,Walk,,1288,1.87,95.0,2,false,,,activities/6690495222.fit.gz,,,1288.0,1258.0,1870.5,3.09,1.487,0.0,0.0,4.3,92.3,8.0,-4.7,,,,,,95.0,,,72.0,,,2.0,,,,,,,,,,,,,0.0,,1.0,,,,,,,,,,,,,,,,,,,,,,,,,,,0.0,1.452,0.0,,,,,,,,,,,,,,,,,""
6303523297,"Nov 24, 2021, 8:40:12 PM",Lunch Walk,Walk,,13218,16.51,161.0,313,false,,,activities/6699600916.fit.gz,,,13218.0,11139.0,16515.6,4.138,1.483,229.1,229.1,42.9,95.3,37.1,0.0,,,,,,153.0,,,774.0,,,313.0,,,,,,,,,,,,,0.0,,1.0,,,,,,,,,,,,,,,,,,,,,,,,,,,0.0,1.249,0.0,,,,,,,,,,,,,,,,,""
6303868059,"Nov 25, 2021, 1:51:30 AM",Run bc late to tennis,Run,"",629,1.70,,,false,,,activities/6699975803.fit.gz,,,629.0,584.0,1706.9,7.352,2.923,0.0,85.9,4.3,90.2,2.3,-5.0,,,,,,,,,103.0,,,,,,,,,,,,,,0.0,,0.0,,1.0,1618.6,,,,,,,,,,,,,,,,,,,,,,,,,,0.0,2.714,0.0,,,,,,,,,,,,,,,,,""
6303868186,"Nov 25, 2021, 2:07:33 AM",Flip flop tennis bc forgot shoes rip ,Workout,"",5112,0,178.0,169,false,,,activities/6699975906.fit.gz,,,5112.0,5112.0,0.0,0.0,0.0,0.0,,,,0.0,0.0,,,,,,159.0,,,761.0,,,169.0,,,,,,,,,,,0.0,,0.0,,1.0,,,,,,,,,,,,,,,,,,,,,,,,,,,0.0,0.0,0.0,,,,,,,,,,,,,,,,,""
6311610747,"Nov 26, 2021, 9:38:25 PM",Stanfurd dish trail,Walk,"",3490,4.83,132.0,15,false,,,activities/6708293391.fit.gz,,,3490.0,3490.0,4838.9,2.438,1.387,114.5,148.6,44.8,159.3,17.9,-0.7,,,,,,132.0,,,244.0,,,15.0,,,,,,,,,,,0.0,,0.0,,1.0,,,,,,,,,,,,,,,,,,,,,,,,,,,0.0,1.387,0.0,,,,,,,,,,,,,,,,,""
6319915867,"Nov 28, 2021, 11:06:06 PM",Sunday runday in ze hills of borough ,Run,Le knees ,6355,16.87,,,false,,,activities/6319915867.gpx,,,6355.0,6265.0,16869.8,7.713,2.693,146.9,150.7,11.9,69.1,15.3,0.0,,,,,,,,,,,,,,,,,,,,,,,0.0,,0.0,,1.0,17103.4,,,,,,,,,,,,,,,,,,,,,,,,,,0.0,2.655,0.0,,,,,,,,,,,,,,,,,media/EBA49DB1-2C5A-40D4-8695-9C39D60A79F8.jpg
6324394359,"Nov 30, 2021, 3:36:44 AM",Evening Walk,Walk,,1265,1.85,,,false,,,activities/6722051187.fit.gz,,,1265.0,1179.0,1849.7,3.82,1.569,35.4,35.4,53.8,95.7,33.2,-2.1,,,,,,,,,102.0,,,,,,,,,,,,,,,,0.0,,1.0,,,,,,,,,,,,,,,,,,,,,,,,,,,0.0,1.462,0.0,,,,,,,,,,,,,,,,,""
6328490514,"Dec 1, 2021, 1:38:51 AM",Afternoon Walk,Walk,,1691,2.46,112.0,4,false,,,activities/6726430236.fit.gz,,,1691.0,1659.0,2460.6,2.752,1.483,23.9,23.9,45.2,95.3,16.5,-2.0,,,,,,108.0,,,113.0,,,4.0,,,,,,,,,,,,,0.0,,1.0,,,,,,,,,,,,,,,,,,,,,,,,,,,0.0,1.455,0.0,,,,,,,,,,,,,,,,,""
6328490545,"Dec 1, 2021, 2:38:35 AM",Avenged cal club 🎾,Workout,"",6096,0,172.0,84,false,,,activities/6726430289.fit.gz,,,6096.0,6096.0,0.0,0.0,0.0,0.0,,,,0.0,0.0,,,,,,142.0,,,754.0,,,84.0,,,,,,,,,,,0.0,,0.0,,1.0,,,,,,,,,,,,,,,,,,,,,,,,,,,0.0,0.0,0.0,,,,,,,,,,,,,,,,,""
6328555119,"Dec 1, 2021, 4:53:12 AM",Evening Walk,Walk,,2024,2.50,138.0,7,false,,,activities/6726500272.fit.gz,,,2024.0,1967.0,2499.5,3.692,1.271,85.2,85.2,45.3,95.3,17.5,1.9,,,,,,120.0,,,137.0,,,7.0,,,,,,,,,,,,,0.0,,1.0,,,,,,,,,,,,,,,,,,,,,,,,,,,0.0,1.235,0.0,,,,,,,,,,,,,,,,,""
6332406074,"Dec 1, 2021, 4:53:14 PM",Morning Walk,Walk,,1668,2.01,97.0,3,false,,,activities/6730603014.fit.gz,,,1668.0,1598.0,2014.1,3.596,1.26,2.1,2.1,4.4,92.9,10.7,-4.3,,,,,,92.0,,,86.0,,,3.0,,,,,,,,,,,,,0.0,,1.0,,,,,,,,,,,,,,,,,,,,,,,,,,,0.0,1.207,0.0,,,,,,,,,,,,,,,,,""
6332406155,"Dec 2, 2021, 12:30:33 AM",Afternoon Walk,Walk,,1734,1.93,,,false,,,activities/6730603092.fit.gz,,,1734.0,1523.0,1937.3,2.772,1.272,87.3,87.3,4.5,93.7,49.2,4.6,,,,,,,,,116.0,,,,,,,,,,,,,,,,0.0,,1.0,,,,,,,,,,,,,,,,,,,,,,,,,,,0.0,1.117,0.0,,,,,,,,,,,,,,,,,""
6332748699,"Dec 2, 2021, 2:40:12 AM",Evening Walk,Walk,,3961,6.04,84.0,6,false,,,activities/6730975285.fit.gz,,,3961.0,3928.0,6048.4,4.022,1.54,72.3,72.3,44.8,95.3,15.9,-0.3,,,,,,83.0,,,278.0,,,6.0,,,,,,,,,,,,,0.0,,1.0,,,,,,,,,,,,,,,,,,,,,,,,,,,0.0,1.527,0.0,,,,,,,,,,,,,,,,,""
6332748712,"Dec 2, 2021, 4:05:53 AM",9.5 3-sets whomp 🎾,Workout,"",5855,0,173.0,69,false,,,activities/6730975358.fit.gz,,,5855.0,5855.0,0.0,0.0,0.0,0.0,,,,0.0,0.0,,,,,,138.0,,,717.0,,,69.0,,,,,,,,,,,0.0,,0.0,,1.0,,,,,,,,,,,,,,,,,,,,,,,,,,,0.0,0.0,0.0,,,,,,,,,,,,,,,,,""
6336927226,"Dec 3, 2021, 6:55:58 AM",Night Walk,Walk,,1334,1.63,,,false,,,activities/6735456039.fit.gz,,,1334.0,1312.0,1638.1,2.531,1.249,84.6,84.6,8.7,94.3,37.7,5.2,,,,,,,,,101.0,,,,,,,,,,,,,,,,0.0,,1.0,,,,,,,,,,,,,,,,,,,,,,,,,,,0.0,1.228,0.0,,,,,,,,,,,,,,,,,""
6343263825,"Dec 4, 2021, 5:58:10 PM",Sonoma I’m just proud I woke up early enough tbh ,Run,Sam woke up before me,1128,2.96,,,false,,,activities/6343263825.gpx,,,1128.0,1113.0,2959.3,4.376,2.659,4.1,4.2,29.1,33.3,2.5,0.0,,,,,,,,,,,,,,,,,,,,,,,0.0,,0.0,,1.0,2963.1,,,,,,,,,,,,,,,,,,,,,,,,,,0.0,2.624,0.0,,,,,,,,,,,,,,,,,""
6349039083,"Dec 6, 2021, 12:53:35 AM",Post-too much red wine thirst for sf holiday houses,Run,4got about buena vista hills,4900,11.25,,,false,,,activities/6349039083.gpx,,,4900.0,4261.0,11250.2,5.002,2.64,245.2,245.2,31.9,146.2,27.9,0.0,,,,,,,,,,,,,,,,,,,,,,,0.0,,0.0,,1.0,11947.3,,,,,,,,,,,,,,,,,,,,,,,,,,0.0,2.296,0.0,,,,,,,,,,,,,,,,,media/308993FA-572C-4E4E-85BA-176BAD80FD48.jpg|media/23E5CD86-BBE5-4B17-89E1-C8B8F56A593A.jpg
6357016192,"Dec 8, 2021, 12:37:09 AM",Richmond holiday home trek ,Run,Hills continue to be humbling ,6981,16.24,,,false,,,activities/6357016192.gpx,,,6981.0,6482.0,16243.0,4.916,2.506,257.2,257.2,37.9,101.8,19.3,-0.1,,,,,,,,,,,,,,,,,,,,,,,,,0.0,,1.0,16837.5,,,,,,,,,,,,,,,,,,,,,,,,,,0.0,2.327,0.0,,,,,,,,,,,,,,,,,media/4341A690-7D16-4CF5-94BB-7EECD36F9E7B.jpg|media/06B5F89F-FFC6-4C4F-96D0-909523333C09.jpg
6361610006,"Dec 9, 2021, 3:14:43 AM",Evening Walk,Walk,Emporiummm gud night,2260,3.77,,,false,,,activities/6762115773.fit.gz,,,2260.0,2260.0,3771.1,4.074,1.669,46.3,46.3,42.9,95.3,13.8,-0.9,,,,,,,,,190.0,,,,,,,,,,,,,,0.0,,0.0,,1.0,,,,,,,,,,,,,,,,,,,,,,,,,,,0.0,1.669,0.0,,,,,,,,,,,,,,,,,""
6365503570,"Dec 10, 2021, 7:51:15 AM",Night Walk,Walk,,500,0.54,,,false,,,activities/6766314554.fit.gz,,,500.0,500.0,547.7,2.631,1.095,43.4,43.4,46.7,94.3,27.7,8.7,,,,,,,,,48.0,,,,,,,,,,,,,,,,0.0,,1.0,,,,,,,,,,,,,,,,,,,,,,,,,,,0.0,1.095,0.0,,,,,,,,,,,,,,,,,""
6377248762,"Dec 13, 2021, 1:20:06 AM",Afternoon Ride,Ride,,1253,0,120.0,3,false,,,activities/6779085118.fit.gz,,,1253.0,1253.0,0.0,0.0,0.0,0.0,,,,0.0,0.0,,,,,,109.0,,,105.0,,,3.0,,,,,,,,,,,,,0.0,,1.0,,,,,,,,,,,,,,,,,,,,,,,,,,,0.0,0.0,0.0,,,,,,,,,,,,,,,,,""
6385221399,"Dec 15, 2021, 1:25:09 AM",Quick bc cold ,Run,"",1052,3.45,,,false,,,activities/6385221399.gpx,,,1052.0,1052.0,3454.2,5.33,3.283,0.0,2.1,87.8,90.1,2.7,-0.1,,,,,,,,,,,,,,,,,,,,,,,0.0,,0.0,,1.0,3457.5,,,,,,,,,,,,,,,,,,,,,,,,,,0.0,3.283,0.0,,,,,,,,,,,,,,,,,""
6393526511,"Dec 17, 2021, 5:50:42 AM",Night Walk,Walk,,1421,1.51,,,false,,,activities/6796594182.fit.gz,,,1421.0,1275.0,1518.1,3.965,1.191,88.1,88.1,5.2,93.7,25.5,5.8,,,,,,,,,99.0,,,,,,,,,,,,,,,,0.0,,1.0,,,,,,,,,,,,,,,,,,,,,,,,,,,0.0,1.068,0.0,,,,,,,,,,,,,,,,,""
6400604551,"Dec 18, 2021, 11:37:39 PM","2cold, y do good tweets come pre-run",Run,"",3968,9.79,,,false,,,activities/6400604551.gpx,,,3968.0,3518.0,9795.0,4.772,2.784,106.4,105.9,12.7,69.1,13.0,0.0,,,,,,,,,,,,,,,,,,,,,,,0.0,,0.0,,1.0,9974.4,,,,,,,,,,,,,,,,,,,,,,,,,,0.0,2.468,0.0,,,,,,,,,,,,,,,,,""
6409009882,"Dec 20, 2021, 11:08:21 PM",Beat the darkness 1.75x1 sawyer,Ride,,8184,40.14,,,false,,,activities/6409009882.gpx,,,8184.0,8147.0,40148.3,11.306,4.928,220.5,225.9,88.3,186.4,12.3,0.0,,,,,,,,,,,,,,,,,,,,,,,,,0.0,,1.0,,,,,,,,,,,,,,,,,,,,,,,,,,,0.0,4.906,0.0,,,,,,,,,,,,,,,,,""
6420418807,"Dec 23, 2021, 10:07:00 PM",Ball machine,Workout,"",3263,0,197.0,122,false,,,activities/6825583608.fit.gz,,,3263.0,3263.0,0.0,0.0,0.0,0.0,,,,0.0,0.0,,,,,,165.0,,,497.0,,,122.0,,,,,,,,,,,0.0,,0.0,,1.0,,,,,,,,,,,,,,,,,,,,,,,,,,,0.0,0.0,0.0,,,,,,,,,,,,,,,,,""
6424158778,"Dec 24, 2021, 11:58:02 PM",I need to stop run and tweet replying ,Run,,2490,5.94,,,false,,,activities/6424158778.gpx,,,2490.0,2107.0,5947.1,4.47,2.823,66.0,76.6,18.4,69.1,12.1,-0.2,,,,,,,,,,,,,,,,,,,,,,,,,0.0,,1.0,6054.4,,,,,,,,,,,,,,,,,,,,,,,,,,0.0,2.388,0.0,,,,,,,,,,,,,,,,,""
6435809002,"Dec 27, 2021, 11:49:07 PM",I packed too many shorts for it to be this cold,Run,"",2906,7.46,,,false,,,activities/6435809002.gpx,,,2906.0,2870.0,7468.9,4.116,2.602,76.7,89.6,18.4,69.1,12.7,-0.2,,,,,,,,,,,,,,,,,,,,,,,0.0,,0.0,,1.0,7583.3,,,,,,,,,,,,,,,,,,,,,,,,,,0.0,2.57,0.0,,,,,,,,,,,,,,,,,""
6440780445,"Dec 29, 2021, 2:27:25 AM",Tri-level practice 🎾,Workout,"Jen, Jean, Miki, Sabrina ",10212,0,179.0,194,false,,,activities/6847693955.fit.gz,,,10212.0,10212.0,0.0,0.0,0.0,0.0,,,,0.0,0.0,,,,,,147.0,,,1304.0,,,194.0,,,,,,,,,,,0.0,,0.0,,1.0,,,,,,,,,,,,,,,,,,,,,,,,,,,0.0,0.0,0.0,,,,,,,,,,,,,,,,,""
6449368387,"Dec 31, 2021, 1:43:26 AM",Afternoon Ride,Ride,,897,0,133.0,4,false,,,activities/6856953303.fit.gz,,,897.0,897.0,0.0,0.0,0.0,0.0,,,,0.0,0.0,,,,,,123.0,,,83.0,,,4.0,,,,,,,,,,,,,0.0,,1.0,,,,,,,,,,,,,,,,,,,,,,,,,,,0.0,0.0,0.0,,,,,,,,,,,,,,,,,""
6449368426,"Dec 31, 2021, 2:11:29 AM",Ball machine p2,Workout,"",3165,0,183.0,75,false,,,activities/6856953349.fit.gz,,,3165.0,3165.0,0.0,0.0,0.0,0.0,,,,0.0,0.0,,,,,,152.0,,,372.0,,,75.0,,,,,,,,,,,0.0,,0.0,,1.0,,,,,,,,,,,,,,,,,,,,,,,,,,,0.0,0.0,0.0,,,,,,,,,,,,,,,,,""
6453520226,"Dec 31, 2021, 10:14:25 PM",Run errands with book bag ,Run,,1238,3.42,,,false,,,activities/6453520226.gpx,,,1238.0,1203.0,3419.8,4.29,2.843,10.7,64.6,9.3,69.0,10.3,-1.6,,,,,,,,,,,,,,,,,,,,,,,,,0.0,,1.0,3344.2,,,,,,,,,,,,,,,,,,,,,,,,,,0.0,2.762,0.0,,,,,,,,,,,,,,,,,""
6458353493,"Jan 1, 2022, 11:40:34 PM",Waiting for ppl to get back from Hawaii + texas ,Run,,3092,8.51,,,false,,,activities/6458353493.gpx,,,3092.0,3092.0,8509.4,4.47,2.752,109.5,109.5,18.4,69.1,18.4,0.0,,,,,,,,,,,,,,,,,,,,,,,,,0.0,,1.0,8716.8,,,,,,,,,,,,,,,,,,,,,,,,,,0.0,2.752,0.0,,,,,,,,,,,,,,,,,""
6464114096,"Jan 2, 2022, 11:36:53 PM",1 hr ball machine 1 hr Abhilash,Workout,"",6755,0,195.0,298,false,,,activities/6872882707.fit.gz,,,6755.0,6755.0,0.0,0.0,0.0,0.0,,,,0.0,0.0,,,,,,167.0,,,1025.0,,,298.0,,,,,,,,,,,0.0,,0.0,,1.0,,,,,,,,,,,,,,,,,,,,,,,,,,,0.0,0.0,0.0,,,,,,,,,,,,,,,,,""
6479543089,"Jan 6, 2022, 1:44:27 AM",Afternoon Walk,Walk,,1290,2.04,,,false,,,activities/6889390065.fit.gz,,,1290.0,1290.0,2041.3,4.304,1.582,0.0,0.0,4.0,93.6,2.7,-4.4,,,,,,,,,87.0,,,,,,,,,,,,,,,,0.0,,1.0,,,,,,,,,,,,,,,,,,,,,,,,,,,0.0,1.582,0.0,,,,,,,,,,,,,,,,,""
6479543103,"Jan 6, 2022, 2:09:16 AM",Tennis ,Workout,"",2883,0,176.0,76,false,,,activities/6889390103.fit.gz,,,2883.0,2883.0,0.0,0.0,0.0,0.0,,,,0.0,0.0,,,,,,154.0,,,370.0,,,76.0,,,,,,,,,,,0.0,,0.0,,1.0,,,,,,,,,,,,,,,,,,,,,,,,,,,0.0,0.0,0.0,,,,,,,,,,,,,,,,,""
6484165822,"Jan 6, 2022, 9:12:43 PM",Afternoon Walk,Walk,,11998,14.50,138.0,17,false,,,activities/6894328027.fit.gz,,,11998.0,9952.0,14507.6,8.857,1.458,240.1,240.1,31.7,96.9,18.7,0.0,,,,,,83.0,,,664.0,,,17.0,,,,,,,,,,,,,0.0,,1.0,,,,,,,,,,,,,,,,,,,,,,,,,,,0.0,1.209,10.3,,,,,,,,,,,,,,,,,""
6488895921,"Jan 8, 2022, 1:58:04 AM",Afternoon Walk,Walk,,3692,3.12,77.0,2,false,,,activities/6899421611.fit.gz,,,3692.0,2553.0,3123.0,2.634,1.223,99.7,99.6,6.5,94.7,39.5,2.8,,,,,,68.0,,,199.0,,,2.0,,,,,,,,,,,,,0.0,,1.0,,,,,,,,,,,,,,,,,,,,,,,,,,,0.0,0.846,0.0,,,,,,,,,,,,,,,,,""
6493888307,"Jan 8, 2022, 8:00:07 PM",Tri-level #1 🎾,Workout,"",4832,0,185.0,117,false,,,activities/6904780220.fit.gz,,,4832.0,4832.0,0.0,0.0,0.0,0.0,,,,0.0,0.0,,,,,,152.0,,,636.0,,,117.0,,,,,,,,,,,0.0,,0.0,,1.0,,,,,,,,,,,,,,,,,,,,,,,,,,,0.0,0.0,0.0,,,,,,,,,,,,,,,,,""
6493888356,"Jan 8, 2022, 10:41:24 PM",Tri-level #2 🎾,Workout,"",3971,0,192.0,120,false,,,activities/6904780275.fit.gz,,,3971.0,3971.0,0.0,0.0,0.0,0.0,,,,0.0,0.0,,,,,,158.0,,,541.0,,,120.0,,,,,,,,,,,0.0,,0.0,,1.0,,,,,,,,,,,,,,,,,,,,,,,,,,,0.0,0.0,0.0,,,,,,,,,,,,,,,,,""
6499658679,"Jan 9, 2022, 9:53:17 PM",Tri-level #4 🎾,Workout,"",3804,0,191.0,96,false,,,activities/6910977104.fit.gz,,,3804.0,3804.0,0.0,0.0,0.0,0.0,,,,0.0,0.0,,,,,,154.0,,,487.0,,,96.0,,,,,,,,,,,0.0,,0.0,,1.0,,,,,,,,,,,,,,,,,,,,,,,,,,,0.0,0.0,0.0,,,,,,,,,,,,,,,,,""
6499658706,"Jan 9, 2022, 7:13:07 PM",Tri-level #3 🎾,Workout,"",2190,0,189.0,67,false,,,activities/6910977147.fit.gz,,,2190.0,2190.0,0.0,0.0,0.0,0.0,,,,0.0,0.0,,,,,,158.0,,,305.0,,,67.0,,,,,,,,,,,0.0,,0.0,,1.0,,,,,,,,,,,,,,,,,,,,,,,,,,,0.0,0.0,0.0,,,,,,,,,,,,,,,,,""
6504901375,"Jan 11, 2022, 5:51:42 AM",Night Ride,Ride,,3239,0,165.0,49,false,,,activities/6916585256.fit.gz,,,3239.0,3239.0,0.0,0.0,0.0,0.0,,,,0.0,0.0,,,,,,142.0,,,384.0,,,49.0,,,,,,,,,,,,,0.0,,1.0,,,,,,,,,,,,,,,,,,,,,,,,,,,0.0,0.0,0.0,,,,,,,,,,,,,,,,,""
6510336187,"Jan 12, 2022, 6:31:54 AM",Night Ride,Ride,,3255,0,149.0,26,false,,,activities/6922364403.fit.gz,,,3255.0,3255.0,0.0,0.0,0.0,0.0,,,,0.0,0.0,,,,,,133.0,,,356.0,,,26.0,,,,,,,,,,,,,0.0,,1.0,,,,,,,,,,,,,,,,,,,,,,,,,,,0.0,0.0,0.0,,,,,,,,,,,,,,,,,""
6515565706,"Jan 13, 2022, 6:55:30 AM",Night Activity,Workout,,2213,0,178.0,34,false,,,activities/6927931207.fit.gz,,,2213.0,2213.0,0.0,0.0,0.0,0.0,,,,0.0,0.0,,,,,,131.0,,,241.0,,,34.0,,,,,,,,,,,,,0.0,,1.0,,,,,,,,,,,,,,,,,,,,,,,,,,,0.0,0.0,0.0,,,,,,,,,,,,,,,,,""
6520235626,"Jan 14, 2022, 1:17:49 AM",Afternoon Walk,Walk,,5347,4.95,123.0,5,false,,,activities/6932901491.fit.gz,,,5347.0,3510.0,4953.7,2.962,1.411,111.6,111.6,11.3,94.4,25.6,0.0,,,,,,82.0,,,264.0,,,5.0,,,,,,,,,,,,,0.0,,1.0,,,,,,,,,,,,,,,,,,,,,,,,,,,0.0,0.926,0.0,,,,,,,,,,,,,,,,,""
6524356000,"Jan 14, 2022, 7:48:44 PM",Lunch Walk,Walk,,2562,3.33,103.0,5,false,,,activities/6937320953.fit.gz,,,2562.0,2493.0,3334.8,3.417,1.338,0.0,0.0,3.4,93.5,2.9,-2.7,,,,,,90.0,,,139.0,,,5.0,,,,,,,,,,,,,0.0,,1.0,,,,,,,,,,,,,,,,,,,,,,,,,,,0.0,1.302,0.0,,,,,,,,,,,,,,,,,""
6535433764,"Jan 16, 2022, 7:20:37 PM",Mixed 9.0 @ Carlmont,Workout,"",4419,0,184.0,110,false,,,activities/6949222612.fit.gz,,,4419.0,4419.0,0.0,0.0,0.0,0.0,,,,0.0,0.0,,,,,,153.0,,,602.0,,,110.0,,,,,,,,,,,0.0,,0.0,,1.0,,,,,,,,,,,,,,,,,,,,,,,,,,,0.0,0.0,0.0,,,,,,,,,,,,,,,,,""
6536218565,"Jan 17, 2022, 2:30:04 AM",🎾 round ✌🏼,Workout,"",2789,0,171.0,53,false,,,activities/6950081417.fit.gz,,,2789.0,2789.0,0.0,0.0,0.0,0.0,,,,0.0,0.0,,,,,,146.0,,,343.0,,,53.0,,,,,,,,,,,0.0,,0.0,,1.0,,,,,,,,,,,,,,,,,,,,,,,,,,,0.0,0.0,0.0,,,,,,,,,,,,,,,,,""
6540996423,"Jan 17, 2022, 11:22:44 PM",Afternoon Walk,Walk,,5694,4.78,81.0,4,false,,,activities/6955188791.fit.gz,,,5694.0,4020.0,4785.4,2.991,1.19,31.2,32.7,7.4,40.3,8.5,0.0,,,,,,68.0,,,215.0,,,4.0,,,,,,,,,,,,,0.0,,1.0,,,,,,,,,,,,,,,,,,,,,,,,,,,0.0,0.84,0.0,,,,,,,,,,,,,,,,,""
6546626245,"Jan 19, 2022, 1:02:15 AM",Afternoon Walk,Walk,,4002,6.11,148.0,95,false,,,activities/6961183616.fit.gz,,,4002.0,3975.0,6114.2,3.996,1.538,99.9,99.9,46.0,95.3,29.4,-0.3,,,,,,148.0,,,291.0,,,95.0,,,,,,,,,,,,,0.0,,1.0,,,,,,,,,,,,,,,,,,,,,,,,,,,0.0,1.528,5.5,,,,,,,,,,,,,,,,,""
6546626270,"Jan 19, 2022, 2:25:51 AM",Evening Activity,Workout,,5946,0,180.0,91,false,,,activities/6961183665.fit.gz,,,5946.0,5946.0,0.0,0.0,0.0,0.0,,,,0.0,0.0,,,,,,143.0,,,693.0,,,91.0,,,,,,,,,,,,,0.0,,1.0,,,,,,,,,,,,,,,,,,,,,,,,,,,0.0,0.0,0.0,,,,,,,,,,,,,,,,,""
6550925518,"Jan 19, 2022, 8:48:19 PM",Lunch Walk,Walk,,4663,5.48,143.0,9,false,,,activities/6965781525.fit.gz,,,4663.0,3989.0,5480.0,2.921,1.374,124.8,124.8,23.1,107.2,35.6,0.0,,,,,,86.0,,,282.0,,,9.0,,,,,,,,,,,,,0.0,,1.0,,,,,,,,,,,,,,,,,,,,,,,,,,,0.0,1.175,0.0,,,,,,,,,,,,,,,,,""
6551787681,"Jan 20, 2022, 3:00:25 AM",Humbling mixed dubs ,Workout,"",3659,0,167.0,41,false,,,activities/6966694193.fit.gz,,,3659.0,3659.0,0.0,0.0,0.0,0.0,,,,0.0,0.0,,,,,,139.0,,,430.0,,,41.0,,,,,,,,,,,0.0,,0.0,,1.0,,,,,,,,,,,,,,,,,,,,,,,,,,,0.0,0.0,0.0,,,,,,,,,,,,,,,,,""
6556547713,"Jan 21, 2022, 1:36:00 AM",Best stream night run ,Run,,4083,10.83,,,false,,,activities/6556547713.gpx,,,4083.0,3804.0,10829.3,5.139,2.847,158.6,158.6,3.6,105.0,18.7,-0.4,,,,,,,,,,,,,,,,,,,,,,,,,0.0,,1.0,11153.2,,,,,,,,,,,,,,,,,,,,,,,,,,0.0,2.652,173.3,,,,,,,,,,,,,,,,,media/4A639409-002E-4A96-91EC-926E226F6DA5.jpg
6560850538,"Jan 22, 2022, 1:12:17 AM",Fri-yay,Run,,1607,4.53,,,false,,,activities/6560850538.gpx,,,1607.0,1543.0,4535.7,5.837,2.94,23.1,23.1,4.1,95.8,27.0,-1.7,,,,,,,,,,,,,,,,,,,,,,,,,0.0,,1.0,4461.9,,,,,,,,,,,,,,,,,,,,,,,,,,0.0,2.822,0.0,,,,,,,,,,,,,,,,,media/766B0493-EF0E-4436-B0DF-23BC2BB64E12.jpg
6566064628,"Jan 22, 2022, 6:19:34 PM",Morning Walk,Walk,,2900,3.98,96.0,5,false,,,activities/6981994178.fit.gz,,,2900.0,2737.0,3983.8,2.841,1.456,37.5,37.5,17.5,90.7,17.7,-1.2,,,,,,85.0,,,183.0,,,5.0,,,,,,,,,,,,,0.0,,1.0,,,,,,,,,,,,,,,,,,,,,,,,,,,0.0,1.374,137.2,,,,,,,,,,,,,,,,,""
6566064883,"Jan 22, 2022, 9:06:55 PM",Canvas 4 Bilal x walk home x errands ,Walk,"",9590,6.78,122.0,9,false,,,activities/6981994335.fit.gz,,,9590.0,5442.0,6784.6,2.824,1.247,141.8,141.8,19.6,113.3,49.9,0.2,,,,,,82.0,,,409.0,,,9.0,,,,,,,,,,,0.0,,0.0,,1.0,,,,,,,,,,,,,,,,,,,,,,,,,,,0.0,0.707,0.0,,,,,,,,,,,,,,,,,""
6572344843,"Jan 23, 2022, 11:21:42 PM",Afternoon Walk,Walk,,5714,4.96,,,false,,,activities/6988757422.fit.gz,,,5714.0,5580.0,4959.8,2.284,0.889,4.6,5.4,2.7,7.4,8.8,0.0,,,,,,,,,240.0,,,,,,,,,,,,,,,,0.0,,1.0,,,,,,,,,,,,,,,,,,,,,,,,,,,0.0,0.868,317.7,,,,,,,,,,,,,,,,,""
6577179207,"Jan 24, 2022, 11:44:41 PM",Late 2 tennis,Run,"",592,1.61,,,false,,,activities/6993927966.fit.gz,,,592.0,556.0,1616.1,5.242,2.907,0.0,0.0,4.0,93.4,7.0,-5.5,,,,,,,,,94.0,,,,,,,,,,,,,,0.0,,0.0,,1.0,1550.6,,,,,,,,,,,,,,,,,,,,,,,,,,0.0,2.73,0.0,,,,,,,,,,,,,,,,,""
6577179317,"Jan 25, 2022, 12:06:06 AM",Samwell singles ,Workout,"",3189,0,167.0,51,false,,,activities/6993928084.fit.gz,,,3189.0,3189.0,0.0,0.0,0.0,0.0,,,,0.0,0.0,,,,,,145.0,,,438.0,,,51.0,,,,,,,,,,,0.0,,0.0,,1.0,,,,,,,,,,,,,,,,,,,,,,,,,,,0.0,0.0,0.0,,,,,,,,,,,,,,,,,""
6582527928,"Jan 26, 2022, 1:22:25 AM",Pre-phone banking post-lying to get out of tennis practice and then it happened #manifestation ,Run,"",1093,3.43,,,false,,,activities/6582527928.gpx,,,1093.0,1077.0,3433.2,5.322,3.188,0.0,2.9,87.8,90.9,2.4,-0.1,,,,,,,,,,,,,,,,,,,,,,,0.0,,0.0,,1.0,3435.0,,,,,,,,,,,,,,,,,,,,,,,,,,0.0,3.141,0.0,,,,,,,,,,,,,,,,,""
6587676240,"Jan 27, 2022, 12:57:42 AM",# hills 🤝 # zoom meetings = too dang high ,Run,"Chateau van ness condo prices have plateaued, there were too many runners/bikers on the marina ",4262,11.83,,,false,,,activities/6587676240.gpx,,,4262.0,4173.0,11833.2,8.288,2.836,200.6,200.6,3.6,106.4,21.4,-0.2,,,,,,,,,,,,,,,,,,,,,,,0.0,,0.0,,1.0,12312.9,,,,,,,,,,,,,,,,,,,,,,,,,,0.0,2.776,250.9,,,,,,,,,,,,,,,,,media/F1D8B2EA-5AF6-49FB-8559-0582892AC3DA.jpg
6592650604,"Jan 28, 2022, 1:19:44 AM",No time 4 pre-hot pot run too busy getting 147 peak twitch viewers lfg ,Walk,"I’d like to thank the twitch academy and also Cassidy, celebratory long walk ",4740,6.85,159.0,13,false,,,activities/7010416608.fit.gz,,,4740.0,4631.0,6856.3,4.104,1.481,139.5,139.5,16.1,95.7,24.2,-0.6,,,,,,80.0,,,340.0,,,13.0,,,,,,,,,,,0.0,,0.0,,1.0,,,,,,,,,,,,,,,,,,,,,,,,,,,0.0,1.446,0.0,,,,,,,,,,,,,,,,,""
6592909413,"Jan 28, 2022, 4:42:21 AM",Evening Walk w/ the danicats ,Walk,"",4197,4.68,74.0,4,false,,,activities/7010698938.fit.gz,,,4197.0,3537.0,4679.2,4.209,1.323,117.5,117.5,45.2,98.4,33.2,0.8,,,,,,72.0,,,236.0,,,4.0,,,,,,,,,,,0.0,,0.0,,1.0,,,,,,,,,,,,,,,,,,,,,,,,,,,0.0,1.115,31.9,,,,,,,,,,,,,,,,,""
6596032835,"Jan 28, 2022, 7:26:10 PM",Dogpatch reminds me of pybay and devrelcon😭😭,Walk,"",3687,5.18,86.0,5,false,,,activities/7014051393.fit.gz,,,3687.0,3413.0,5179.3,3.649,1.518,11.8,11.8,3.8,95.2,7.4,-1.6,,,,,,80.0,,,222.0,,,5.0,,,,,,,,,,,0.0,,0.0,,1.0,,,,,,,,,,,,,,,,,,,,,,,,,,,0.0,1.405,0.0,,,,,,,,,,,,,,,,,""
6596626128,"Jan 28, 2022, 10:47:32 PM",One day I will not mess up hackathon demo time zones ,Walk,"",2759,3.47,102.0,4,false,,,activities/7014683887.fit.gz,,,2759.0,2635.0,3477.1,4.008,1.32,90.4,90.4,3.1,94.3,30.6,2.6,,,,,,84.0,,,179.0,,,4.0,,,,,,,,,,,0.0,,0.0,,1.0,,,,,,,,,,,,,,,,,,,,,,,,,,,0.0,1.26,0.0,,,,,,,,,,,,,,,,,""
6597117501,"Jan 29, 2022, 2:45:04 AM",I don’t always run into the vercel ceo walking but when I do it’s when I’m late for tennis ,Run,Guillermo I love you you’re my favorite neighbor ,699,1.93,,,false,,,activities/7015206781.fit.gz,,,699.0,676.0,1929.2,6.996,2.854,0.0,0.0,4.1,92.3,2.0,-4.6,,,,,,,,,115.0,,,,,,,,,,,,,,0.0,,0.0,,1.0,1859.9,,,,,,,,,,,,,,,,,,,,,,,,,,0.0,2.76,0.0,,,,,,,,,,,,,,,,,""
6597240663,"Jan 29, 2022, 3:03:35 AM",Pre-mixed night 🎾 ,Workout,"",3410,0,172.0,85,false,,,activities/7015341991.fit.gz,,,3410.0,3410.0,0.0,0.0,0.0,0.0,,,,0.0,0.0,,,,,,151.0,,,470.0,,,85.0,,,,,,,,,,,0.0,,0.0,,1.0,,,,,,,,,,,,,,,,,,,,,,,,,,,0.0,0.0,0.0,,,,,,,,,,,,,,,,,""
6601974877,"Jan 29, 2022, 9:13:26 PM",Mixed dubs🎾 w/ the neurologist ,Workout,9.0 @ SI lfg ,6370,0,179.0,111,false,,,activities/7020419912.fit.gz,,,6370.0,6370.0,0.0,0.0,0.0,0.0,,,,0.0,0.0,,,,,,145.0,,,813.0,,,111.0,,,,,,,,,,,0.0,,0.0,,1.0,,,,,,,,,,,,,,,,,,,,,,,,,,,0.0,0.0,0.0,,,,,,,,,,,,,,,,,""
6607809490,"Jan 30, 2022, 9:00:23 PM",Canvass 4 Bilal p2,Walk,Bless up hills + company ,8238,8.34,112.0,12,false,,,activities/7026695578.fit.gz,,,8238.0,6555.0,8345.1,3.956,1.273,118.0,118.0,6.7,95.3,16.9,0.6,,,,,,86.0,,,417.0,,,12.0,,,,,,,,,,,0.0,,0.0,,1.0,,,,,,,,,,,,,,,,,,,,,,,,,,,0.0,1.013,0.0,,,,,,,,,,,,,,,,,""
6612861533,"Feb 1, 2022, 2:48:50 AM",Late 2 🎾 ,Run,"",674,1.89,,,false,,,activities/7032090675.fit.gz,,,674.0,652.0,1898.2,6.626,2.911,0.0,85.8,4.1,90.0,1.7,-4.5,,,,,,,,,108.0,,,,,,,,,,,,,,0.0,,0.0,,1.0,1831.3,,,,,,,,,,,,,,,,,,,,,,,,,,0.0,2.816,0.0,,,,,,,,,,,,,,,,,""
6613097234,"Feb 1, 2022, 3:10:17 AM",Tennis ,Workout,"",4755,0,176.0,107,false,,,activities/7032345958.fit.gz,,,4755.0,4755.0,0.0,0.0,0.0,0.0,,,,0.0,0.0,,,,,,150.0,,,680.0,,,107.0,,,,,,,,,,,0.0,,0.0,,1.0,,,,,,,,,,,,,,,,,,,,,,,,,,,0.0,0.0,0.0,,,,,,,,,,,,,,,,,""
6618374233,"Feb 2, 2022, 2:21:10 AM",2.5 Asians LNY dubs 🎾,Workout,"",9569,0,157.0,50,false,,,activities/7037963258.fit.gz,,,9569.0,9569.0,0.0,0.0,0.0,0.0,,,,0.0,0.0,,,,,,123.0,,,980.0,,,50.0,,,,,,,,,,,0.0,,0.0,,1.0,,,,,,,,,,,,,,,,,,,,,,,,,,,0.0,0.0,0.0,,,,,,,,,,,,,,,,,""
6623593455,"Feb 3, 2022, 3:16:03 AM",Evening Run,Run,,292,0.54,,,false,,,activities/7043518273.fit.gz,,,292.0,244.0,541.7,5.3,2.22,0.0,14.0,15.0,29.1,1.2,-2.6,,,,,,,,,49.0,,,,,,,,,,,,,,,,0.0,,1.0,516.8,,,,,,,,,,,,,,,,,,,,,,,,,,0.0,1.855,0.0,,,,,,,,,,,,,,,,,""
6623622154,"Feb 3, 2022, 5:20:04 AM",Bands visit to steph,Walk,"",4197,4.40,68.0,3,false,,,activities/7043548973.fit.gz,,,4197.0,3142.0,4406.2,10.4,1.402,92.3,11.2,4.2,94.6,28.2,1.8,,,,,,68.0,,,208.0,,,3.0,,,,,,,,,,,0.0,,0.0,,1.0,,,,,,,,,,,,,,,,,,,,,,,,,,,0.0,1.05,0.0,,,,,,,,,,,,,,,,,""
6628091216,"Feb 4, 2022, 1:27:23 AM",Jog 2 TooGoodToGo ,Run,It’s been how many weeks and Twordle is still the death of me,1314,3.89,,,false,,,activities/6628091216.gpx,,,1314.0,1220.0,3896.8,6.558,3.194,15.5,15.5,12.7,95.9,36.1,-2.0,,,,,,,,,,,,,,,,,,,,,,,,,0.0,,1.0,3791.4,,,,,,,,,,,,,,,,,,,,,,,,,,0.0,2.966,0.0,,,,,,,,,,,,,,,,,""
6628135150,"Feb 4, 2022, 1:53:31 AM",W/ toogoodtogo ,Run,,887,2.22,,,false,,,activities/6628135150.gpx,,,887.0,834.0,2226.1,4.786,2.669,48.8,10.6,15.7,61.9,12.4,1.7,,,,,,,,,,,,,,,,,,,,,,,,,0.0,,1.0,2381.1,,,,,,,,,,,,,,,,,,,,,,,,,,0.0,2.51,0.0,,,,,,,,,,,,,,,,,""
6632571769,"Feb 5, 2022, 2:11:11 AM","Post-GrowSF 🏓, gimlet, negroni ",Walk,"",2863,2.67,,,false,,,activities/7053112556.fit.gz,,,2863.0,1810.0,2671.1,4.48,1.476,87.3,87.3,13.7,95.3,17.3,3.0,,,,,,,,,155.0,,,,,,,,,,,,,,0.0,,0.0,,1.0,,,,,,,,,,,,,,,,,,,,,,,,,,,0.0,0.933,0.0,,,,,,,,,,,,,,,,,""
6638061046,"Feb 5, 2022, 7:21:17 PM",Canvass for/with Bilal to chez maman ,Walk,"",21121,15.22,94.0,17,false,,,activities/7059012302.fit.gz,,,21121.0,11919.0,15220.1,3.052,1.277,231.6,231.6,6.7,95.7,42.5,-0.4,,,,,,76.0,,,887.0,,,17.0,,,,,,,,,,,0.0,,0.0,,1.0,,,,,,,,,,,,,,,,,,,,,,,,,,,0.0,0.721,0.0,,,,,,,,,,,,,,,,,""
6643379136,"Feb 6, 2022, 10:37:49 PM",Afternoon Walk,Walk,,4007,6.00,,,false,,,activities/7064738892.fit.gz,,,4007.0,4007.0,6004.7,3.165,1.499,74.3,74.3,41.3,95.7,16.2,-0.3,,,,,,,,,270.0,,,,,,,,,,,,,,,,0.0,,1.0,,,,,,,,,,,,,,,,,,,,,,,,,,,0.0,1.499,8.3,,,,,,,,,,,,,,,,,""
6643379140,"Feb 7, 2022, 12:17:09 AM",Jay if u could get your volleys in that’d be gr9,Workout,Bay club mixed dub match 3 GGP,6533,0,172.0,77,false,,,activities/7064738936.fit.gz,,,6533.0,6533.0,0.0,0.0,0.0,0.0,,,,0.0,0.0,,,,,,139.0,,,802.0,,,77.0,,,,,,,,,,,0.0,,0.0,,1.0,,,,,,,,,,,,,,,,,,,,,,,,,,,0.0,0.0,0.0,,,,,,,,,,,,,,,,,""
6643379227,"Feb 6, 2022, 3:18:12 AM",Evening Walk,Walk,,2666,3.51,66.0,2,false,,,activities/7064739018.fit.gz,,,2666.0,2564.0,3512.4,4.027,1.37,89.2,-0.4,3.4,93.1,43.9,2.6,,,,,,66.0,,,187.0,,,2.0,,,,,,,,,,,,,0.0,,1.0,,,,,,,,,,,,,,,,,,,,,,,,,,,0.0,1.317,0.0,,,,,,,,,,,,,,,,,""
6643490878,"Feb 7, 2022, 2:18:15 AM",Contemplating my inability to win tiebreakers,Walk,"",4301,5.71,62.0,4,false,,,activities/7064861833.fit.gz,,,4301.0,4172.0,5717.5,2.648,1.37,88.2,88.2,42.9,95.3,15.8,0.3,,,,,,62.0,,,258.0,,,4.0,,,,,,,,,,,0.0,,0.0,,1.0,,,,,,,,,,,,,,,,,,,,,,,,,,,0.0,1.329,0.0,,,,,,,,,,,,,,,,,""
6648342618,"Feb 7, 2022, 11:05:20 PM",Post-Craig on twitch canvassing ,Walk,"",15996,16.73,115.0,21,false,,,activities/7070050510.fit.gz,,,15996.0,13056.0,16731.8,6.553,1.282,334.5,334.5,6.7,149.2,48.2,0.0,,,,,,81.0,,,828.0,,,21.0,,,,,,,,,,,0.0,,0.0,,1.0,,,,,,,,,,,,,,,,,,,,,,,,,,,0.0,1.046,138.4,,,,,,,,,,,,,,,,,""
6653935280,"Feb 8, 2022, 11:08:26 PM",Dolo canvassing p2 ,Walk,My calves 😭😭,15928,13.91,94.0,19,false,,,activities/7076025619.fit.gz,,,15928.0,9704.0,13910.7,3.132,1.434,160.7,160.7,6.7,95.3,48.4,0.0,,,,,,88.0,,,630.0,,,19.0,,,,,,,,,,,0.0,,0.0,,1.0,,,,,,,,,,,,,,,,,,,,,,,,,,,0.0,0.873,133.2,,,,,,,,,,,,,,,,,""
6659365610,"Feb 10, 2022, 2:35:25 AM",Broke Samwell’s ankles 🎾,Workout,"",2032,0,171.0,60,false,,,activities/7081827392.fit.gz,,,2032.0,2032.0,0.0,0.0,0.0,0.0,,,,0.0,0.0,,,,,,157.0,,,303.0,,,60.0,,,,,,,,,,,0.0,,0.0,,1.0,,,,,,,,,,,,,,,,,,,,,,,,,,,0.0,0.0,0.0,,,,,,,,,,,,,,,,,""
6663825646,"Feb 10, 2022, 11:25:13 PM",Run around to avoid PE class ,Run,"",1726,5.00,,,false,,,activities/6663825646.gpx,,,1726.0,1708.0,5000.0,4.638,2.927,37.3,41.4,70.2,93.3,8.8,-0.1,,,,,,,,,,,,,,,,,,,,,,,0.0,,0.0,,1.0,5063.6,,,,,,,,,,,,,,,,,,,,,,,,,,0.0,2.897,0.0,,,,,,,,,,,,,,,,,""
6668807871,"Feb 12, 2022, 1:20:17 AM",Afternoon Swim,Swim,,1245,796,162.0,23,false,,,activities/7091965422.fit.gz,,,1245.0,1245.0,795.5,2.742,0.639,0.0,,,,0.0,0.0,,,,,,137.0,,,161.0,,,23.0,,,,,,,,,,,,,0.0,,1.0,,,,,,,,,,,,,,,,,,,,,,,,,,,0.0,0.639,0.0,,,,,,,,,,,,,,,,,""
6674180813,"Feb 12, 2022, 9:18:12 PM",Final Saturday Bilal canvass pre-fam dim sum,Walk,"",7326,4.68,121.0,13,false,,,activities/7097759102.fit.gz,,,7326.0,4704.0,4686.5,3.347,0.996,78.6,87.8,23.7,110.4,48.9,-0.2,,,,,,104.0,,,299.0,,,13.0,,,,,,,,,,,0.0,,0.0,,1.0,,,,,,,,,,,,,,,,,,,,,,,,,,,0.0,0.64,0.0,,,,,,,,,,,,,,,,,""
6684649083,"Feb 15, 2022, 12:28:59 AM",Today’s stream and new streamingmachine brought to you by Jeff ,Run,"My Jeff not James’s, rip hills yay slow lake st, why do Twitter and slack go off in middle of runs",6033,15.32,,,false,,,activities/6684649083.gpx,,,6033.0,5813.0,15322.2,5.466,2.636,195.6,195.6,37.9,95.9,15.9,-0.2,,,,,,,,,,,,,,,,,,,,,,,0.0,,0.0,,1.0,15629.2,,,,,,,,,,,,,,,,,,,,,,,,,,0.0,2.54,161.6,,,,,,,,,,,,,,,,,""
6688142691,"Feb 15, 2022, 2:30:34 PM",GOTV SF,Walk,"",1745,2.48,105.0,4,false,,,activities/7112846919.fit.gz,,,1745.0,1745.0,2488.0,2.605,1.426,5.8,5.8,17.8,95.3,8.9,-3.1,,,,,,105.0,,,106.0,,,4.0,,,,,,,,,,,0.0,,0.0,,1.0,,,,,,,,,,,,,,,,,,,,,,,,,,,0.0,1.426,0.0,,,,,,,,,,,,,,,,,""
6689662897,"Feb 16, 2022, 12:16:31 AM",Election day,Walk,"",1187,1.07,,,false,,,activities/7114457637.fit.gz,,,1187.0,856.0,1076.3,2.358,1.257,0.0,5.1,20.4,26.9,9.4,-0.5,,,,,,,,,77.0,,,,,,,,,,,,,,0.0,,0.0,,1.0,,,,,,,,,,,,,,,,,,,,,,,,,,,0.0,0.907,0.0,,,,,,,,,,,,,,,,,""
6690370005,"Feb 16, 2022, 6:41:15 AM",Election night,Walk,"",1904,0.63,127.0,3,false,,,activities/7115218987.fit.gz,,,1904.0,1904.0,635.1,6.756,0.334,0.0,,,,0.0,0.0,,,,,,86.0,,,79.0,,,3.0,,,,,,,,,,,0.0,,0.0,,1.0,,,,,,,,,,,,,,,,,,,,,,,,,,,0.0,0.334,0.0,,,,,,,,,,,,,,,,,""
6694918369,"Feb 17, 2022, 1:46:20 AM",Afternoon Activity,Workout,,2778,0,161.0,20,false,,,activities/7120084635.fit.gz,,,2778.0,2778.0,0.0,0.0,0.0,0.0,,,,0.0,0.0,,,,,,131.0,,,319.0,,,20.0,,,,,,,,,,,,,0.0,,1.0,,,,,,,,,,,,,,,,,,,,,,,,,,,0.0,0.0,0.0,,,,,,,,,,,,,,,,,""
6699893252,"Feb 17, 2022, 10:33:46 PM",Last walk to bilal hq for a while ,Walk,"",14960,11.11,113.0,13,false,,,activities/7125452612.fit.gz,,,14960.0,7718.0,11109.7,6.587,1.439,114.7,114.7,6.7,95.3,19.8,0.0,,,,,,84.0,,,487.0,,,13.0,,,,,,,,,,,0.0,,0.0,,1.0,,,,,,,,,,,,,,,,,,,,,,,,,,,0.0,0.743,0.0,,,,,,,,,,,,,,,,,""
6704043346,"Feb 18, 2022, 9:43:29 PM",To pinball + kimee post-work tiktok debacle,Walk,"",4869,5.90,108.0,7,false,,,activities/7129938143.fit.gz,,,4869.0,4225.0,5904.4,2.636,1.397,88.0,88.0,44.8,95.3,17.8,-0.2,,,,,,86.0,,,286.0,,,7.0,,,,,,,,,,,0.0,,0.0,,1.0,,,,,,,,,,,,,,,,,,,,,,,,,,,0.0,1.213,0.0,,,,,,,,,,,,,,,,,""
6704043379,"Feb 19, 2022, 1:33:20 AM",Friyay ,Walk,"",6461,5.77,94.0,14,false,,,activities/7129938194.fit.gz,,,6461.0,6461.0,5775.6,2.612,0.894,0.0,,,,0.0,0.0,,,,,,94.0,,,270.0,,,14.0,,,,,,,,,,,0.0,,0.0,,1.0,,,,,,,,,,,,,,,,,,,,,,,,,,,0.0,0.894,0.0,,,,,,,,,,,,,,,,,""
6709439298,"Feb 19, 2022, 6:05:43 PM",To ferry,Walk,So many people in Chinatown/ferry building farmers mkt/on ca st omg,1384,2.47,,,false,,,activities/7135766344.fit.gz,,,1384.0,1357.0,2472.8,5.464,1.822,2.8,92.7,-0.2,94.8,24.5,-3.6,,,,,,,,,122.0,,,,,,,,,,,,,,0.0,,0.0,,1.0,,,,,,,,,,,,,,,,,,,,,,,,,,,0.0,1.787,0.0,,,,,,,,,,,,,,,,,""
6709439327,"Feb 19, 2022, 6:58:45 PM",Ferry to pinball,Walk,"",2041,2.88,76.0,2,false,,,activities/7135766392.fit.gz,,,2041.0,2015.0,2887.7,2.314,1.433,4.3,0.2,2.0,6.3,2.5,0.1,,,,,,76.0,,,111.0,,,2.0,,,,,,,,,,,0.0,,0.0,,1.0,,,,,,,,,,,,,,,,,,,,,,,,,,,0.0,1.415,0.0,,,,,,,,,,,,,,,,,""
6714114027,"Feb 20, 2022, 5:41:34 PM",Missed the cable car to tennis Omg,Walk,"",1563,2.07,,,false,,,activities/7140804514.fit.gz,,,1563.0,1505.0,2077.3,2.743,1.38,0.0,84.3,4.0,88.9,5.3,-4.1,,,,,,,,,90.0,,,,,,,,,,,,,,0.0,,0.0,,1.0,,,,,,,,,,,,,,,,,,,,,,,,,,,0.0,1.329,0.0,,,,,,,,,,,,,,,,,""
6714114122,"Feb 20, 2022, 6:17:23 PM",Brian + me vs Calvin+ Devin dubs lfg ,Workout,"",9137,0,165.0,40,false,,,activities/7140804622.fit.gz,,,9137.0,9137.0,0.0,0.0,0.0,0.0,,,,0.0,0.0,,,,,,122.0,,,629.0,,,40.0,,,,,,,,,,,0.0,,0.0,,1.0,,,,,,,,,,,,,,,,,,,,,,,,,,,0.0,0.0,0.0,,,,,,,,,,,,,,,,,""
6718931493,"Feb 21, 2022, 8:52:19 PM",Bilal says I made a new friend canvassing walk to ina coolbrith x Arsicaultx shop ,Walk,"",10564,11.11,110.0,18,false,,,activities/7145981760.fit.gz,,,10564.0,8056.0,11118.1,4.094,1.38,215.8,215.8,51.5,95.7,43.3,0.0,,,,,,95.0,,,573.0,,,18.0,,,,,,,,,,,0.0,,0.0,,1.0,,,,,,,,,,,,,,,,,,,,,,,,,,,0.0,1.052,0.0,,,,,,,,,,,,,,,,,""
6719831938,"Feb 22, 2022, 1:19:43 AM",Daehoooo,Walk,"",1117,1.68,140.0,8,false,,,activities/7146953747.fit.gz,,,1117.0,1074.0,1687.2,3.08,1.571,24.3,24.3,48.8,92.4,9.7,-2.2,,,,,,123.0,,,81.0,,,8.0,,,,,,,,,,,0.0,,0.0,,1.0,,,,,,,,,,,,,,,,,,,,,,,,,,,0.0,1.51,0.0,,,,,,,,,,,,,,,,,""
6719831976,"Feb 22, 2022, 8:12:15 AM",Post-game night,Walk,"",1553,1.82,101.0,3,false,,,activities/7146953798.fit.gz,,,1553.0,1473.0,1823.6,2.34,1.238,89.2,0.1,4.2,93.8,25.5,4.9,,,,,,93.0,,,116.0,,,3.0,,,,,,,,,,,0.0,,0.0,,1.0,,,,,,,,,,,,,,,,,,,,,,,,,,,0.0,1.174,0.0,,,,,,,,,,,,,,,,,media/364ADB6F-1E53-4D16-A71D-B015A5F116C1.jpg
6724379838,"Feb 23, 2022, 1:10:36 AM",Errands to tennis but canceled bc rain ,Walk,"",6364,5.40,85.0,5,false,,,activities/7151804019.fit.gz,,,6364.0,4047.0,5401.3,4.145,1.335,152.2,152.2,12.2,95.7,25.2,0.0,,,,,,71.0,,,344.0,,,5.0,,,,,,,,,,,0.0,,0.0,,1.0,,,,,,,,,,,,,,,,,,,,,,,,,,,0.0,0.849,0.0,,,,,,,,,,,,,,,,,""
6724637988,"Feb 23, 2022, 5:19:57 AM",Night Ride,Ride,,1751,0,144.0,9,false,,,activities/7152084561.fit.gz,,,1751.0,1751.0,0.0,0.0,0.0,0.0,,,,0.0,0.0,,,,,,128.0,,,175.0,,,9.0,,,,,,,,,,,,,0.0,,1.0,,,,,,,,,,,,,,,,,,,,,,,,,,,0.0,0.0,0.0,,,,,,,,,,,,,,,,,""
6729829220,"Feb 24, 2022, 2:48:04 AM",Late to tennis run ,Run,"",654,2.02,,,false,,,activities/7157681427.fit.gz,,,654.0,646.0,2027.6,7.548,3.139,0.0,90.1,4.0,94.2,4.1,-4.4,,,,,,,,,121.0,,,,,,,,,,,,,,0.0,,0.0,,1.0,1971.5,,,,,,,,,,,,,,,,,,,,,,,,,,0.0,3.1,0.0,,,,,,,,,,,,,,,,,""
6729829231,"Feb 24, 2022, 3:11:51 AM",Dubs with giggles 🎾🎾,Workout,"",6011,0,170.0,52,false,,,activities/7157681462.fit.gz,,,6011.0,6011.0,0.0,0.0,0.0,0.0,,,,0.0,0.0,,,,,,131.0,,,682.0,,,52.0,,,,,,,,,,,0.0,,0.0,,1.0,,,,,,,,,,,,,,,,,,,,,,,,,,,0.0,0.0,0.0,,,,,,,,,,,,,,,,,""
6733868309,"Feb 24, 2022, 5:38:44 PM",B patisserie x shop b4 meeting Twitter friend ,Walk,Stranger danger !! ,2798,2.89,119.0,3,false,,,activities/7162038827.fit.gz,,,2798.0,2078.0,2894.3,3.796,1.393,43.6,43.6,51.6,95.9,17.6,-1.4,,,,,,87.0,,,159.0,,,3.0,,,,,,,,,,,0.0,,0.0,,1.0,,,,,,,,,,,,,,,,,,,,,,,,,,,0.0,1.034,0.0,,,,,,,,,,,,,,,,,""
6737363534,"Feb 25, 2022, 7:33:18 PM",Diane my love post-degeneracy ,Walk,"",1602,1.86,,,false,,,activities/7165819234.fit.gz,,,1602.0,1414.0,1860.7,2.773,1.316,0.0,0.0,5.9,94.0,6.3,-4.7,,,,,,,,,74.0,,,,,,,,,,,,,,0.0,,0.0,,1.0,,,,,,,,,,,,,,,,,,,,,,,,,,,0.0,1.161,0.0,,,,,,,,,,,,,,,,,""
6737639278,"Feb 25, 2022, 9:12:16 PM",Tourists,Walk,"",1687,2.02,,,false,,,activities/7166116240.fit.gz,,,1687.0,1687.0,2025.4,2.017,1.201,0.0,-0.4,3.8,4.3,3.5,0.0,,,,,,,,,106.0,,,,,,,,,,,,,,0.0,,0.0,,1.0,,,,,,,,,,,,,,,,,,,,,,,,,,,0.0,1.201,0.0,,,,,,,,,,,,,,,,,""
6738493393,"Feb 26, 2022, 1:48:02 AM",Rachel and I are aliveeee,Walk,"",3545,2.39,,,false,,,activities/7167034946.fit.gz,,,3545.0,2471.0,2391.7,3.659,0.968,60.8,21.0,45.6,95.9,16.7,1.7,,,,,,,,,195.0,,,,,,,,,,,,,,0.0,,0.0,,1.0,,,,,,,,,,,,,,,,,,,,,,,,,,,0.0,0.675,0.0,,,,,,,,,,,,,,,,,""
6743695914,"Feb 26, 2022, 7:58:18 PM",“I am never drinking again” -> brunch pipeline,Walk,"",12223,6.78,74.0,5,false,,,activities/7172662551.fit.gz,,,12223.0,4053.0,6787.3,2.287,1.675,91.8,110.1,41.0,96.2,16.5,-0.3,,,,,,73.0,,,213.0,,,5.0,,,,,,,,,,,0.0,,0.0,,1.0,,,,,,,,,,,,,,,,,,,,,,,,,,,0.0,0.555,0.0,,,,,,,,,,,,,,,,,""
6748050793,"Feb 27, 2022, 5:40:49 PM",Light run to sf pancake party !sweat makeup off,Run,,1534,4.18,,,false,,,activities/6748050793.gpx,,,1534.0,1422.0,4188.5,5.884,2.946,47.5,47.5,43.4,95.8,24.1,-0.9,,,,,,,,,,,,,,,,,,,,,,,,,0.0,,1.0,4240.9,,,,,,,,,,,,,,,,,,,,,,,,,,0.0,2.73,0.0,,,,,,,,,,,,,,,,,""
6748590369,"Feb 27, 2022, 8:01:40 PM","Post-pancake party the vc’s came late, artists were early",Run,,1305,3.29,,,false,,,activities/6748590369.gpx,,,1305.0,1249.0,3295.1,4.354,2.638,92.5,92.5,24.8,95.9,13.9,1.5,,,,,,,,,,,,,,,,,,,,,,,,,0.0,,1.0,3580.1,,,,,,,,,,,,,,,,,,,,,,,,,,0.0,2.525,0.0,,,,,,,,,,,,,,,,,media/2853CDA9-5C6D-49BA-B385-386E3960DB01.jpg
6749124236,"Feb 27, 2022, 10:27:40 PM",To orchids last-min,Run,,2698,7.13,,,false,,,activities/6749124236.gpx,,,2698.0,2544.0,7131.0,6.548,2.803,96.8,96.8,39.0,95.9,14.7,-0.3,,,,,,,,,,,,,,,,,,,,,,,,,0.0,,1.0,7303.1,,,,,,,,,,,,,,,,,,,,,,,,,,0.0,2.643,0.0,,,,,,,,,,,,,,,,,""
6749453046,"Feb 28, 2022, 1:07:17 AM",Orchids + tea -> pick up rackets ,Run,,2460,6.91,,,false,,,activities/6749453046.gpx,,,2460.0,2361.0,6918.2,5.192,2.93,72.8,89.5,41.0,85.2,19.5,-0.2,,,,,,,,,,,,,,,,,,,,,,,,,0.0,,1.0,7012.0,,,,,,,,,,,,,,,,,,,,,,,,,,0.0,2.812,0.0,,,,,,,,,,,,,,,,,""
6749660034,"Feb 28, 2022, 2:38:43 AM",Jameson🎾,Workout,"",4852,0,172.0,75,false,,,activities/7179151889.fit.gz,,,4852.0,4852.0,0.0,0.0,0.0,0.0,,,,0.0,0.0,,,,,,139.0,,,586.0,,,75.0,,,,,,,,,,,0.0,,0.0,,1.0,,,,,,,,,,,,,,,,,,,,,,,,,,,0.0,0.0,0.0,,,,,,,,,,,,,,,,,""
6754700822,"Mar 1, 2022, 6:30:16 AM",Bar hopping on a mon-yay,Walk,"",1480,1.72,,,false,,,activities/7184621130.fit.gz,,,1480.0,1480.0,1720.9,3.074,1.163,85.1,-0.5,8.6,94.2,49.1,5.0,,,,,,,,,108.0,,,,,,,,,,,,,,0.0,,0.0,,1.0,,,,,,,,,,,,,,,,,,,,,,,,,,,0.0,1.163,0.0,,,,,,,,,,,,,,,,,""
6759778274,"Mar 2, 2022, 2:48:24 AM",Dubs defeat + Calvin vs Devin+ Kelsey🎾,Workout,"",5960,0,175.0,53,false,,,activities/7190077632.fit.gz,,,5960.0,5960.0,0.0,0.0,0.0,0.0,,,,0.0,0.0,,,,,,132.0,,,672.0,,,53.0,,,,,,,,,,,0.0,,0.0,,1.0,,,,,,,,,,,,,,,,,,,,,,,,,,,0.0,0.0,0.0,,,,,,,,,,,,,,,,,""
6774082810,"Mar 5, 2022, 2:15:41 AM",Quick borough night run pre-oakland,Run,Zaza/Pachulias MOVED,944,2.59,,,false,,,activities/6774082810.gpx,,,944.0,931.0,2592.6,5.414,2.785,50.9,51.7,22.6,69.5,11.4,0.0,,,,,,,,,,,,,,,,,,,,,,,,,0.0,,1.0,2708.3,,,,,,,,,,,,,,,,,,,,,,,,,,0.0,2.746,0.0,,,,,,,,,,,,,,,,,media/162AFF3E-A0E3-44FE-86F0-024A824AA556.jpg
6779565437,"Mar 5, 2022, 10:49:48 PM",Point Reyes part ,Walk,"",8008,8.05,81.0,10,false,,,activities/7211399310.fit.gz,,,8008.0,7002.0,8058.9,2.34,1.151,117.8,118.5,4.4,114.1,28.3,0.0,,,,,,77.0,,,360.0,,,10.0,,,,,,,,,,,0.0,,0.0,,1.0,,,,,,,,,,,,,,,,,,,,,,,,,,,0.0,1.006,8058.9,,,,,,,,,,,,,,,,,""
6783535125,"Mar 6, 2022, 4:00:52 PM",Chinatown LNY 10K,Run,"",3637,10.61,,,false,,,activities/6783535125.gpx,,,3637.0,3426.0,10611.8,5.687,3.097,76.8,89.8,3.6,32.7,18.6,-0.1,,,,,,,,,,,,,,,,,,,,,,,0.0,,0.0,,1.0,10768.5,,,,,,,,,,,,,,,,,,,,,,,,,,0.0,2.918,0.0,,,,,,,,,,,,,,,,,media/C857D42F-97FA-409F-BF50-7E5C05FB449D.jpg
6790237822,"Mar 8, 2022, 4:16:04 AM",🌙 🌝 swim,Swim,"",1818,"1,042",157.0,21,false,,,activities/7222946406.fit.gz,,,1818.0,1818.0,1042.4,2.744,0.573,0.0,,,,0.0,0.0,,,,,,130.0,,,208.0,,,21.0,,,,,,,,,,,0.0,,0.0,,1.0,,,,,,,,,,,,,,,,,,,,,,,,,,,0.0,0.573,0.0,,,,,,,,,,,,,,,,,""
6795598975,"Mar 9, 2022, 2:00:06 AM",Walk to growsf happy hr,Walk,With griffin bc I don’t want to ride on a motorcycle ,2445,3.23,71.0,2,false,,,activities/7228698940.fit.gz,,,2445.0,2235.0,3230.1,2.653,1.445,18.0,18.0,17.5,95.9,8.7,-2.0,,,,,,71.0,,,131.0,,,2.0,,,,,,,,,,,0.0,,0.0,,1.0,,,,,,,,,,,,,,,,,,,,,,,,,,,0.0,1.321,142.0,,,,,,,,,,,,,,,,,""
6795599103,"Mar 9, 2022, 5:19:24 AM",Happy hr to bobs donuts pipeline,Walk,Concerned citizen to concerned activist pipeline ,2104,2.67,,,false,,,activities/7228699090.fit.gz,,,2104.0,2087.0,2670.1,2.764,1.279,47.8,20.5,17.4,59.4,21.8,1.0,,,,,,,,,122.0,,,,,,,,,,,,,,0.0,,0.0,,1.0,,,,,,,,,,,,,,,,,,,,,,,,,,,0.0,1.269,133.8,,,,,,,,,,,,,,,,,""
6800637632,"Mar 10, 2022, 2:14:06 AM",Singles with Jen ,Workout,"",6362,0,177.0,94,false,,,activities/7234137564.fit.gz,,,6362.0,6362.0,0.0,0.0,0.0,0.0,,,,0.0,0.0,,,,,,140.0,,,771.0,,,94.0,,,,,,,,,,,0.0,,0.0,,1.0,,,,,,,,,,,,,,,,,,,,,,,,,,,0.0,0.0,0.0,,,,,,,,,,,,,,,,,""
6805745432,"Mar 11, 2022, 1:41:40 AM","Yc, vc, web3, bobby in sf happy hr/dinner",Walk,"",2227,3.07,,,false,,,activities/7239640938.fit.gz,,,2227.0,2187.0,3073.4,2.674,1.405,10.3,10.3,7.5,95.8,7.6,-2.9,,,,,,,,,122.0,,,,,,,,,,,,,,0.0,,0.0,,1.0,,,,,,,,,,,,,,,,,,,,,,,,,,,0.0,1.38,0.0,,,,,,,,,,,,,,,,,""
6820943504,"Mar 13, 2022, 11:18:52 PM",Last mixed dubs match of seasonnn,Workout,"",4969,0,186.0,131,false,,,activities/7256095068.fit.gz,,,4969.0,4969.0,0.0,0.0,0.0,0.0,,,,0.0,0.0,,,,,,154.0,,,692.0,,,131.0,,,,,,,,,,,0.0,,0.0,,1.0,,,,,,,,,,,,,,,,,,,,,,,,,,,0.0,0.0,0.0,,,,,,,,,,,,,,,,,""
6820943653,"Mar 14, 2022, 1:37:28 AM",Walk back bc that match was embarrassing omg,Walk,"",4582,6.01,,,false,,,activities/7256095168.fit.gz,,,4582.0,4500.0,6018.8,2.629,1.338,103.6,103.6,44.6,95.9,35.7,0.3,,,,,,,,,280.0,,,,,,,,,,,,,,0.0,,0.0,,1.0,,,,,,,,,,,,,,,,,,,,,,,,,,,0.0,1.314,0.0,,,,,,,,,,,,,,,,,""
6825969218,"Mar 15, 2022, 2:51:32 AM",Partial of 6-0 loss to Brian I am embarrassed ,Workout,10-8 tiebreak is slight redemption ,3656,0,180.0,79,false,,,activities/7261496816.fit.gz,,,3656.0,3656.0,0.0,0.0,0.0,0.0,,,,0.0,0.0,,,,,,149.0,,,478.0,,,79.0,,,,,,,,,,,0.0,,0.0,,1.0,,,,,,,,,,,,,,,,,,,,,,,,,,,0.0,0.0,0.0,,,,,,,,,,,,,,,,,""
6831115644,"Mar 16, 2022, 12:41:25 AM",Dubs w/ new ladies,Workout,"",4779,0,185.0,95,false,,,activities/7267006032.fit.gz,,,4779.0,4779.0,0.0,0.0,0.0,0.0,,,,0.0,0.0,,,,,,148.0,,,622.0,,,95.0,,,,,,,,,,,0.0,,0.0,,1.0,,,,,,,,,,,,,,,,,,,,,,,,,,,0.0,0.0,0.0,,,,,,,,,,,,,,,,,""
6831115709,"Mar 16, 2022, 12:24:05 AM",Run to 🎾 bc late ,Run,"",605,0.90,,,false,,,activities/7267006067.fit.gz,,,605.0,580.0,905.7,3.606,1.562,0.0,2.6,4.0,6.9,2.7,-0.3,,,,,,,,,96.0,,,,,,,,,,,,,,0.0,,0.0,,1.0,901.7,,,,,,,,,,,,,,,,,,,,,,,,,,0.0,1.497,0.0,,,,,,,,,,,,,,,,,""
6857658574,"Mar 20, 2022, 5:15:21 AM",Last-min karaoke ,Run,"",48,0.12,,,false,,,activities/7295699934.fit.gz,,,48.0,40.0,121.7,3.926,3.041,2.1,-1.2,53.9,57.2,8.0,2.7,,,,,,,,,40.0,,,,,,,,,,,,,,0.0,,0.0,,1.0,130.8,,,,,,,,,,,,,,,,,,,,,,,,,,0.0,2.534,0.0,,,,,,,,,,,,,,,,,""
6857659001,"Mar 20, 2022, 1:51:35 AM",Post-nadal-alcaraz ,Walk,"",1133,1.78,78.0,1,false,,,activities/7295700418.fit.gz,,,1133.0,1103.0,1786.0,3.688,1.619,17.2,17.2,50.1,95.8,17.6,-2.5,,,,,,78.0,,,84.0,,,1.0,,,,,,,,,,,0.0,,0.0,,1.0,,,,,,,,,,,,,,,,,,,,,,,,,,,0.0,1.576,0.0,,,,,,,,,,,,,,,,,""
6862309300,"Mar 21, 2022, 5:46:30 PM",Morning Walk,Walk,,1748,1.05,,,false,,,activities/7300718667.fit.gz,,,1748.0,784.0,1049.7,2.388,1.339,0.0,10.7,4.0,14.9,3.3,-1.0,,,,,,,,,81.0,,,,,,,,,,,,,,,,0.0,,1.0,,,,,,,,,,,,,,,,,,,,,,,,,,,0.0,0.601,0.0,,,,,,,,,,,,,,,,,""
6881897731,"Mar 24, 2022, 5:48:46 PM","Late to meeting post-iguana man, party, Diane shenanigans rofl ",Run,"",962,1.34,112.0,2,false,,,activities/7321811584.fit.gz,,,962.0,743.0,1346.5,3.746,1.812,0.0,44.9,4.2,49.1,3.5,-3.3,,,,,,112.0,,,81.0,,,2.0,,,,,,,,,,,0.0,,0.0,,1.0,1318.7,,,,,,,,,,,,,,,,,,,,,,,,,,0.0,1.4,0.0,,,,,,,,,,,,,,,,,""
6881898100,"Mar 25, 2022, 5:45:03 PM",To dim sum + Walter! ,Walk,"",915,1.42,,,false,,,activities/7321811967.fit.gz,,,915.0,915.0,1427.5,2.992,1.56,0.0,83.6,7.3,90.9,1.1,-5.9,,,,,,,,,68.0,,,,,,,,,,,,,,0.0,,0.0,,1.0,,,,,,,,,,,,,,,,,,,,,,,,,,,0.0,1.56,0.0,,,,,,,,,,,,,,,,,""
6881898158,"Mar 23, 2022, 10:15:21 PM",Late to meeting rofl ,Run,"",669,0.71,,,false,,,activities/7321812015.fit.gz,,,669.0,449.0,711.7,2.569,1.585,0.0,6.5,3.9,10.4,2.9,-0.9,,,,,,,,,77.0,,,,,,,,,,,,,,0.0,,0.0,,1.0,709.6,,,,,,,,,,,,,,,,,,,,,,,,,,0.0,1.064,0.0,,,,,,,,,,,,,,,,,""
6883321658,"Mar 26, 2022, 4:50:13 AM",Sam night walk catch-up post-gala ,Walk,"",7484,8.29,86.0,11,false,,,activities/7323367817.fit.gz,,,7484.0,6420.0,8294.6,5.172,1.292,132.4,113.7,44.6,107.2,17.4,0.2,,,,,,84.0,,,375.0,,,11.0,,,,,,,,,,,0.0,,0.0,,1.0,,,,,,,,,,,,,,,,,,,,,,,,,,,0.0,1.108,218.0,,,,,,,,,,,,,,,,,media/98A5084E-ACD9-4408-BAD9-E86A1A7D73D8.jpg
6887412554,"Mar 26, 2022, 7:14:46 PM",Run to pickup Sam’s pan to impress dinner but too heavy for hill,Run,,1124,3.33,,,false,,,activities/6887412554.gpx,,,1124.0,983.0,3333.4,8.477,3.391,9.8,98.0,5.9,94.2,12.1,-2.6,,,,,,,,,,,,,,,,,,,,,,,,,0.0,,1.0,3255.6,,,,,,,,,,,,,,,,,,,,,,,,,,0.0,2.966,0.0,,,,,,,,,,,,,,,,,""
6894157943,"Mar 27, 2022, 8:43:50 PM",Late to gala volunteer Ty movie,Run,"",307,0.72,,,false,,,activities/7335238040.fit.gz,,,307.0,278.0,724.9,3.874,2.608,0.0,54.2,38.7,92.9,1.3,-7.5,,,,,,,,,47.0,,,,,,,,,,,,,,0.0,,0.0,,1.0,685.6,,,,,,,,,,,,,,,,,,,,,,,,,,0.0,2.361,0.0,,,,,,,,,,,,,,,,,""
6894654571,"Mar 28, 2022, 1:08:16 AM",Dumpling home bros brothers brethren ,Walk,"",1774,2.66,155.0,50,false,,,activities/7335822813.fit.gz,,,1774.0,1695.0,2662.6,3.158,1.571,8.4,8.4,19.4,95.8,9.0,-2.8,,,,,,155.0,,,117.0,,,50.0,,,,,,,,,,,0.0,,0.0,,1.0,,,,,,,,,,,,,,,,,,,,,,,,,,,0.0,1.501,0.0,,,,,,,,,,,,,,,,,""
6898647675,"Mar 28, 2022, 9:42:54 PM",Run to Jen while taking a call post-GDC/club day off ,Run,"",1783,4.92,,,false,,,activities/6898647675.gpx,,,1783.0,1781.0,4922.1,5.23,2.764,14.6,14.6,3.7,94.9,6.3,-1.9,,,,,,,,,,,,,,,,,,,,,,,0.0,,0.0,,1.0,4788.8,,,,,,,,,,,,,,,,,,,,,,,,,,0.0,2.761,465.8,,,,,,,,,,,,,,,,,""
6898835644,"Mar 28, 2022, 10:13:31 PM",Beach run and recap with Jen ,Run,"This cleared my skin, I’m doing this more often ",3338,4.97,,,false,,,activities/6898835644.gpx,,,3338.0,2682.0,4970.9,3.694,1.853,22.2,20.5,-3.9,7.5,22.1,0.0,,,,,,,,,,,,,,,,,,,,,,,0.0,,0.0,,1.0,5112.2,,,,,,,,,,,,,,,,,,,,,,,,,,0.0,1.489,4115.7,,,,,,,,,,,,,,,,,media/42DE75C0-0114-4887-8433-00A0D8070E0F.jpg|media/191DBF69-FBF2-4D6B-8677-1661CC9CEA30.jpg
6904190454,"Mar 29, 2022, 9:57:24 PM","Y is slack/Twitter going off when I’m on the beach, unlimited PTO is a scam !! ",Run,"",5483,13.98,,,false,,,activities/6904190454.gpx,,,5483.0,5365.0,13984.7,7.018,2.607,97.5,97.5,-2.9,96.2,27.6,-0.2,,,,,,,,,,,,,,,,,,,,,,,0.0,,0.0,,1.0,14234.6,,,,,,,,,,,,,,,,,,,,,,,,,,0.0,2.551,4098.1,,,,,,,,,,,,,,,,,""
6904665144,"Mar 30, 2022, 12:38:37 AM",Griffin recap ,Walk,"",402,0.50,,,false,,,activities/7346658867.fit.gz,,,402.0,402.0,501.9,2.266,1.248,13.3,-2.2,79.5,95.0,30.3,3.1,,,,,,,,,74.0,,,,,,,,,,,,,,0.0,,0.0,,1.0,,,,,,,,,,,,,,,,,,,,,,,,,,,0.0,1.248,0.0,,,,,,,,,,,,,,,,,""
6905119078,"Mar 30, 2022, 1:51:06 AM",Best comedy show I’ve been to since Ronny chieng omg ty yelp +T,Walk,"",1170,1.54,,,false,,,activities/7347158481.fit.gz,,,1170.0,1053.0,1540.9,4.473,1.463,0.0,89.7,4.6,94.3,15.0,-5.8,,,,,,,,,70.0,,,,,,,,,,,,,,0.0,,0.0,,1.0,,,,,,,,,,,,,,,,,,,,,,,,,,,0.0,1.317,0.0,,,,,,,,,,,,,,,,,""
6913633019,"Mar 31, 2022, 11:09:59 PM",canceled twitch stream for a meeting that could’ve been an email lfg,Ride,"",3499,17.34,,,false,,,activities/6913633019.gpx,,,3499.0,3485.0,17339.7,11.69,4.976,75.8,75.9,92.8,141.2,9.9,0.0,,,,,,,,,,,,,,,,,,,,,,,0.0,,0.0,,1.0,,,,,,,,,,,,,,,,,,,,,,,,,,,0.0,4.956,0.0,,,,,,,,,,,,,,,,,""
6923097494,"Apr 3, 2022, 4:04:52 AM",Best swims come after alcohol ,Swim,"",961,604,146.0,10,false,,,activities/7366698326.fit.gz,,,961.0,961.0,603.5,2.744,0.628,0.0,,,,0.0,0.0,,,,,,125.0,,,131.0,,,10.0,,,,,,,,,,,0.0,,0.0,,1.0,,,,,,,,,,,,,,,,,,,,,,,,,,,0.0,0.628,0.0,,,,,,,,,,,,,,,,,""
6928256646,"Apr 3, 2022, 5:50:45 PM",Jean bday dubs,Workout,"",7902,0,180.0,71,false,,,activities/7372309647.fit.gz,,,7902.0,7902.0,0.0,0.0,0.0,0.0,,,,0.0,0.0,,,,,,131.0,,,843.0,,,71.0,,,,,,,,,,,0.0,,0.0,,1.0,,,,,,,,,,,,,,,,,,,,,,,,,,,0.0,0.0,0.0,,,,,,,,,,,,,,,,,""
6928256651,"Apr 3, 2022, 4:24:02 PM","To GGP, skipping bagels ",Walk,"",4387,5.91,,,false,,,activities/7372309586.fit.gz,,,4387.0,4227.0,5915.3,3.752,1.399,93.7,93.7,40.0,105.8,14.7,-0.3,,,,,,,,,267.0,,,,,,,,,,,,,,0.0,,0.0,,1.0,,,,,,,,,,,,,,,,,,,,,,,,,,,0.0,1.348,0.0,,,,,,,,,,,,,,,,,""
6928256816,"Apr 3, 2022, 9:10:45 PM",Post-dubs walk hi tiff,Walk,"",4390,6.15,,,false,,,activities/7372309801.fit.gz,,,4390.0,4343.0,6156.3,4.89,1.418,94.1,94.1,44.6,95.9,17.0,0.3,,,,,,,,,296.0,,,,,,,,,,,,,,0.0,,0.0,,1.0,,,,,,,,,,,,,,,,,,,,,,,,,,,0.0,1.402,0.0,,,,,,,,,,,,,,,,,""
6928659680,"Apr 4, 2022, 12:15:51 AM",Late 2 tennis p2,Walk,"",1472,2.12,,,false,,,activities/7372753592.fit.gz,,,1472.0,1455.0,2122.1,4.602,1.458,0.0,88.9,4.0,93.1,11.0,-4.2,,,,,,,,,100.0,,,,,,,,,,,,,,0.0,,0.0,,1.0,,,,,,,,,,,,,,,,,,,,,,,,,,,0.0,1.442,0.0,,,,,,,,,,,,,,,,,""
6928659854,"Apr 4, 2022, 12:42:45 AM","Doubles Devin, Calvin, tiff ",Workout,"",8049,0,175.0,117,false,,,activities/7372753698.fit.gz,,,8049.0,8049.0,0.0,0.0,0.0,0.0,,,,0.0,0.0,,,,,,142.0,,,984.0,,,117.0,,,,,,,,,,,0.0,,0.0,,1.0,,,,,,,,,,,,,,,,,,,,,,,,,,,0.0,0.0,0.0,,,,,,,,,,,,,,,,,""
6933278727,"Apr 5, 2022, 4:09:39 AM",Tina time ty Mux feat hill,Walk,"",3990,4.40,,,false,,,activities/7377744871.fit.gz,,,3990.0,3869.0,4400.3,2.897,1.137,118.1,118.1,29.0,107.2,31.4,0.0,,,,,,,,,223.0,,,,,,,,,,,,,,0.0,,0.0,,1.0,,,,,,,,,,,,,,,,,,,,,,,,,,,0.0,1.103,0.0,,,,,,,,,,,,,,,,,media/E1FB5AFE-C4CF-4EA3-9241-7DA885AA1461.jpg
6938126437,"Apr 6, 2022, 2:11:38 AM",45 min 2000s Ride with Kendall Toole,Ride,Total Output: 227 kJ,2697,17.78,,,false,,,activities/7382932374.tcx.gz,,,2697.0,2697.0,17783.2,10.73,6.594,0.0,,,,0.0,0.0,,,121.0,68.0,,,,84.0,307.0,,,,,,,,,,,,93.0,2698.0,,,0.0,,1.0,,,,,,,,,,,,,,,,,,,,,,,,,,,0.0,6.594,0.0,,,,,,,,,,,,,,,,,media/427d2c08-f3d5-4f31-a5b9-d0009ac422fc.jpg
6938141489,"Apr 6, 2022, 2:15:55 AM",5 min Post-Ride Stretch with Robin Arzón,Workout,,298,0,,,false,,,activities/7382948527.tcx.gz,,,298.0,298.0,0.0,0.0,0.0,0.0,,,,0.0,0.0,,,,,,,,,12.0,,,,,,,,,,,,,,,,0.0,,1.0,,,,,,,,,,,,,,,,,,,,,,,,,,,0.0,0.0,0.0,,,,,,,,,,,,,,,,,media/4dedef6e-0cae-4dfa-b834-4c9d9a5e96d2.jpg
6942437959,"Apr 6, 2022, 9:15:30 PM",Post-twitch pre-hackathon errands,Walk,"",4094,3.26,151.0,8,false,,,activities/7387598886.fit.gz,,,4094.0,2574.0,3266.4,4.435,1.269,89.8,86.1,17.4,95.4,24.4,0.1,,,,,,103.0,,,192.0,,,8.0,,,,,,,,,,,0.0,,0.0,,1.0,,,,,,,,,,,,,,,,,,,,,,,,,,,0.0,0.798,0.0,,,,,,,,,,,,,,,,,""
6947978936,"Apr 8, 2022, 4:42:26 AM",Kansas City night 1 ride,Ride,"",1206,0,182.0,18,false,,,activities/7393569158.fit.gz,,,1206.0,1206.0,0.0,0.0,0.0,0.0,,,,0.0,0.0,,,,,,141.0,,,143.0,,,18.0,,,,,,,,,,,0.0,,0.0,,1.0,,,,,,,,,,,,,,,,,,,,,,,,,,,0.0,0.0,0.0,,,,,,,,,,,,,,,,,""
6950661854,"Apr 8, 2022, 4:18:27 PM",Kc is not pedestrian friendly + it’s COLD,Walk,"",3359,4.85,127.0,11,false,,,activities/7396472134.fit.gz,,,3359.0,3207.0,4852.8,3.242,1.513,53.1,63.5,268.4,302.4,20.3,-0.2,,,,,,121.0,,,226.0,,,11.0,,,,,,,,,,,0.0,,0.0,,1.0,,,,,,,,,,,,,,,,,,,,,,,,,,,0.0,1.445,24.5,,,,,,,,,,,,,,,,,media/2E0EE765-4C38-4EEC-8C2C-36AB05574F39.jpg
6950661888,"Apr 8, 2022, 5:14:38 PM",Run to kc library with backpack ,Run,"",1081,2.13,,,false,,,activities/7396472221.fit.gz,,,1081.0,875.0,2137.2,4.3,2.443,29.9,27.6,241.9,269.9,13.2,0.1,,,,,,,,,136.0,,,,,,,,,,,,,,0.0,,0.0,,1.0,2187.3,,,,,,,,,,,,,,,,,,,,,,,,,,0.0,1.977,0.0,,,,,,,,,,,,,,,,,""
6962128620,"Apr 10, 2022, 3:15:39 PM",Walk to kc brunch x Abby ,Walk,"",1227,1.50,172.0,56,false,,,activities/7408904230.fit.gz,,,1227.0,1141.0,1507.7,2.446,1.321,19.8,26.0,253.7,279.7,14.4,-0.4,,,,,,172.0,,,77.0,,,56.0,,,,,,,,,,,0.0,,0.0,,1.0,,,,,,,,,,,,,,,,,,,,,,,,,,,0.0,1.229,0.0,,,,,,,,,,,,,,,,,""
6966971747,"Apr 11, 2022, 8:50:05 PM",Walk to manager + Anthony pre-GTM mini golf,Walk,"",3151,3.65,96.0,4,false,,,activities/7414163400.fit.gz,,,3151.0,2326.0,3658.4,3.048,1.573,0.0,87.3,3.7,91.3,4.6,-2.4,,,,,,86.0,,,163.0,,,4.0,,,,,,,,,,,0.0,,0.0,,1.0,,,,,,,,,,,,,,,,,,,,,,,,,,,0.0,1.161,64.2,,,,,,,,,,,,,,,,,""
6972945031,"Apr 12, 2022, 6:24:16 PM",Errand x coffee x manager + Anthony,Walk,"",2119,2.75,141.0,10,false,,,activities/7420621206.fit.gz,,,2119.0,2003.0,2753.5,3.288,1.375,26.7,117.3,3.9,94.9,24.4,-3.3,,,,,,107.0,,,137.0,,,10.0,,,,,,,,,,,0.0,,0.0,,1.0,,,,,,,,,,,,,,,,,,,,,,,,,,,0.0,1.299,0.0,,,,,,,,,,,,,,,,,""
6972945156,"Apr 12, 2022, 11:49:44 PM",Post-boba office,Walk,"",1583,1.88,,,false,,,activities/7420621287.fit.gz,,,1583.0,1560.0,1884.0,2.72,1.208,88.7,-1.0,4.3,94.0,44.7,4.8,,,,,,,,,127.0,,,,,,,,,,,,,,0.0,,0.0,,1.0,,,,,,,,,,,,,,,,,,,,,,,,,,,0.0,1.19,0.0,,,,,,,,,,,,,,,,,""
6977097005,"Apr 13, 2022, 6:13:36 PM",Pre-twitch huuump day beach Yelp run ,Run,"",4389,11.20,,,false,,,activities/6977097005.gpx,,,4389.0,4241.0,11200.8,4.766,2.641,34.8,34.8,-1.6,96.1,17.8,-0.7,,,,,,,,,,,,,,,,,,,,,,,0.0,,0.0,,1.0,11136.9,,,,,,,,,,,,,,,,,,,,,,,,,,0.0,2.552,2197.0,,,,,,,,,,,,,,,,,""
6983793400,"Apr 15, 2022, 5:53:59 AM",HIIT,Workout,"",1859,0,170.0,17,false,,,activities/7432361090.fit.gz,,,1859.0,1859.0,0.0,0.0,0.0,0.0,,,,0.0,0.0,,,,,,134.0,,,187.0,,,17.0,,,,,,,,,,,0.0,,0.0,,1.0,,,,,,,,,,,,,,,,,,,,,,,,,,,0.0,0.0,0.0,,,,,,,,,,,,,,,,,""
6999463247,"Apr 17, 2022, 5:05:13 PM",Post-Sacramento east bay dubs ,Workout,"",9034,0,170.0,58,false,,,activities/7449434780.fit.gz,,,9034.0,9034.0,0.0,0.0,0.0,0.0,,,,0.0,0.0,,,,,,125.0,,,843.0,,,58.0,,,,,,,,,,,0.0,,0.0,,1.0,,,,,,,,,,,,,,,,,,,,,,,,,,,0.0,0.0,0.0,,,,,,,,,,,,,,,,,""
7004356628,"Apr 18, 2022, 7:39:24 PM",Sunset errands before returning car rofl,Walk,"",4957,5.73,128.0,10,false,,,activities/7454772711.fit.gz,,,4957.0,4315.0,5732.1,2.938,1.328,57.2,56.0,36.0,68.0,10.4,0.0,,,,,,99.0,,,240.0,,,10.0,,,,,,,,,,,0.0,,0.0,,1.0,,,,,,,,,,,,,,,,,,,,,,,,,,,0.0,1.156,0.0,,,,,,,,,,,,,,,,,""
7009393703,"Apr 19, 2022, 6:57:43 PM",GOTV Election Day canvassing,Walk,"",10828,8.64,106.0,12,false,,,activities/7460239025.fit.gz,,,10828.0,7912.0,8647.0,4.206,1.093,204.0,246.9,179.6,243.5,30.5,-0.5,,,,,,78.0,,,516.0,,,12.0,,,,,,,,,,,0.0,,0.0,,1.0,,,,,,,,,,,,,,,,,,,,,,,,,,,0.0,0.799,906.8,,,,,,,,,,,,,,,,,media/045CA860-38BE-485F-8E6B-9D574C1781F3.jpg
7025528535,"Apr 23, 2022, 2:29:42 AM",Happy hr p2,Walk,"",496,0.58,,,false,,,activities/7477675675.fit.gz,,,496.0,496.0,587.4,2.291,1.184,0.0,10.1,14.5,24.6,0.0,-1.7,,,,,,,,,64.0,,,,,,,,,,,,,,0.0,,0.0,,1.0,,,,,,,,,,,,,,,,,,,,,,,,,,,0.0,1.184,0.0,,,,,,,,,,,,,,,,,""
7025528614,"Apr 23, 2022, 12:09:40 AM",Happy hr,Walk,"",3829,5.48,104.0,5,false,,,activities/7477675743.fit.gz,,,3829.0,3594.0,5485.7,3.756,1.526,18.6,18.6,8.7,95.9,8.1,-1.3,,,,,,78.0,,,239.0,,,5.0,,,,,,,,,,,0.0,,0.0,,1.0,,,,,,,,,,,,,,,,,,,,,,,,,,,0.0,1.433,0.0,,,,,,,,,,,,,,,,,""
7025733640,"Apr 23, 2022, 5:07:34 AM",Happy hr p3,Walk,"",1757,2.12,,,false,,,activities/7477903796.fit.gz,,,1757.0,1674.0,2122.3,2.73,1.268,89.2,1.5,5.9,95.7,46.1,4.1,,,,,,,,,131.0,,,,,,,,,,,,,,0.0,,0.0,,1.0,,,,,,,,,,,,,,,,,,,,,,,,,,,0.0,1.208,0.0,,,,,,,,,,,,,,,,,""
7030253924,"Apr 23, 2022, 9:12:16 PM",To sam’s ,Walk,"",1861,1.33,62.0,1,false,,,activities/7482817813.fit.gz,,,1861.0,1152.0,1332.5,3.407,1.157,22.9,13.0,5.9,28.9,11.9,0.7,,,,,,62.0,,,66.0,,,1.0,,,,,,,,,,,0.0,,0.0,,1.0,,,,,,,,,,,,,,,,,,,,,,,,,,,0.0,0.716,0.0,,,,,,,,,,,,,,,,,""
7030253993,"Apr 23, 2022, 8:09:52 PM",To matt haney’s bday kaiyo rooftop ,Walk,"",1987,2.89,89.0,3,false,,,activities/7482817890.fit.gz,,,1987.0,1928.0,2892.3,3.412,1.5,0.0,87.7,5.8,94.4,2.6,-3.0,,,,,,89.0,,,121.0,,,3.0,,,,,,,,,,,0.0,,0.0,,1.0,,,,,,,,,,,,,,,,,,,,,,,,,,,0.0,1.456,0.0,,,,,,,,,,,,,,,,,""
7041646999,"Apr 26, 2022, 1:58:19 AM",Post-twitch/tiktok laps,Run,,1697,5.16,,,false,,,activities/7041646999.gpx,,,1697.0,1684.0,5168.1,5.5,3.069,0.0,6.2,87.8,94.6,2.6,-0.1,,,,,,,,,,,,,,,,,,,,,,,,,0.0,,1.0,5170.4,,,,,,,,,,,,,,,,,,,,,,,,,,0.0,3.045,0.0,,,,,,,,,,,,,,,,,""
7041647389,"Apr 25, 2022, 12:37:21 AM",🎾🎾🎾,Workout,"",2786,0,174.0,52,false,,,activities/7495233119.fit.gz,,,2786.0,2786.0,0.0,0.0,0.0,0.0,,,,0.0,0.0,,,,,,148.0,,,355.0,,,52.0,,,,,,,,,,,0.0,,0.0,,1.0,,,,,,,,,,,,,,,,,,,,,,,,,,,0.0,0.0,0.0,,,,,,,,,,,,,,,,,""
7047051340,"Apr 27, 2022, 12:40:41 AM","Easy pre-singles match run into maddy, Twitter mutual to tunnel top park",Run,"",4331,9.61,,,false,,,activities/7047051340.gpx,,,4331.0,4054.0,9617.3,5.613,2.372,136.5,136.6,3.7,106.5,31.6,-0.9,,,,,,,,,,,,,,,,,,,,,,,0.0,,0.0,,1.0,9948.1,,,,,,,,,,,,,,,,,,,,,,,,,,0.0,2.221,9.6,,,,,,,,,,,,,,,,,media/4162B782-FF20-4EBF-936E-7E9153559F7B.jpg
7052783459,"Apr 28, 2022, 2:14:35 AM",Oly club singles ,Workout,"",6417,0,188.0,228,false,,,activities/7507242515.fit.gz,,,6417.0,6417.0,0.0,0.0,0.0,0.0,,,,0.0,0.0,,,,,,160.0,,,950.0,,,228.0,,,,,,,,,,,0.0,,0.0,,1.0,,,,,,,,,,,,,,,,,,,,,,,,,,,0.0,0.0,0.0,,,,,,,,,,,,,,,,,""
7057722793,"Apr 29, 2022, 1:32:26 AM",Car-free jfk birthday ,Walk,"",4072,5.01,79.0,5,false,,,activities/7512559662.fit.gz,,,4072.0,3955.0,5015.8,2.72,1.268,96.8,96.8,35.8,95.9,15.6,0.5,,,,,,76.0,,,290.0,,,5.0,,,,,,,,,,,0.0,,0.0,,1.0,,,,,,,,,,,,,,,,,,,,,,,,,,,0.0,1.232,0.0,,,,,,,,,,,,,,,,,media/7A6F025A-CA45-4B98-8E13-10C42C171631.jpg
7067657789,"Apr 30, 2022, 7:14:40 AM",Friday midnight walk ,Walk,"",1603,1.59,123.0,5,false,,,activities/7523376724.fit.gz,,,1603.0,1603.0,1597.2,5.792,0.996,0.0,,,,0.0,0.0,,,,,,112.0,,,80.0,,,5.0,,,,,,,,,,,0.0,,0.0,,1.0,,,,,,,,,,,,,,,,,,,,,,,,,,,0.0,0.996,0.0,,,,,,,,,,,,,,,,,""
7067657932,"Apr 30, 2022, 6:56:39 PM",Pickup Mochi donuts pre-match ,Walk,"",4487,6.12,104.0,11,false,,,activities/7523376841.fit.gz,,,4487.0,4198.0,6123.5,3.168,1.459,66.8,66.8,40.1,94.5,15.6,-0.3,,,,,,104.0,,,270.0,,,11.0,,,,,,,,,,,0.0,,0.0,,1.0,,,,,,,,,,,,,,,,,,,,,,,,,,,0.0,1.365,0.0,,,,,,,,,,,,,,,,,""
7067657994,"Apr 30, 2022, 8:32:30 PM",Sweeped oclub @ home 🎾🎾🧹🧹,Workout,"",6154,0,176.0,47,false,,,activities/7523376936.fit.gz,,,6154.0,6154.0,0.0,0.0,0.0,0.0,,,,0.0,0.0,,,,,,126.0,,,600.0,,,47.0,,,,,,,,,,,0.0,,0.0,,1.0,,,,,,,,,,,,,,,,,,,,,,,,,,,0.0,0.0,0.0,,,,,,,,,,,,,,,,,""
7067775096,"May 1, 2022, 12:04:32 AM",10s to indie bookstore day,Walk,"",7703,7.70,110.0,15,false,,,activities/7523503871.fit.gz,,,7703.0,6071.0,7708.5,7.769,1.27,136.0,136.0,51.6,97.8,24.4,0.3,,,,,,101.0,,,355.0,,,15.0,,,,,,,,,,,0.0,,0.0,,1.0,,,,,,,,,,,,,,,,,,,,,,,,,,,0.0,1.001,0.0,,,,,,,,,,,,,,,,,""
7073980790,"May 1, 2022, 11:56:44 PM",Dubs,Workout,"",9645,0,173.0,65,false,,,activities/7530298415.fit.gz,,,9645.0,9645.0,0.0,0.0,0.0,0.0,,,,0.0,0.0,,,,,,123.0,,,948.0,,,65.0,,,,,,,,,,,0.0,,0.0,,1.0,,,,,,,,,,,,,,,,,,,,,,,,,,,0.0,0.0,0.0,,,,,,,,,,,,,,,,,""
7079337322,"May 2, 2022, 10:47:06 PM",Devnet summit day 0 ,Walk,"",8088,7.29,81.0,6,false,,,activities/7536129204.fit.gz,,,8088.0,5949.0,7296.8,9.546,1.227,27.9,23.8,-0.9,24.9,25.0,0.1,,,,,,64.0,,,308.0,,,6.0,,,,,,,,,,,0.0,,0.0,,1.0,,,,,,,,,,,,,,,,,,,,,,,,,,,0.0,0.902,166.9,,,,,,,,,,,,,,,,,media/51F2E6DA-24FD-4CEA-809F-C91B617471F3.jpg|media/372C6989-C870-4FCC-8D2F-0B3BF0F4317B.jpg
7089624363,"May 4, 2022, 9:57:57 PM",DevNet Summit Team Bonding ebike Ride,Ride,"",7698,14.08,162.0,10,false,"",,activities/7547231531.fit.gz,,,7698.0,3706.0,14081.9,9.878,3.8,128.2,115.2,3.5,80.1,22.5,0.1,,,,,,98.0,,,270.0,,,10.0,,,,,,,,,,,,,0.0,,1.0,,,,,,,,,,,,,,,,,,,,,,,,,,,0.0,1.829,2273.5,,,,,,,,,,,,,,,,,""
7100383730,"May 7, 2022, 2:05:16 AM",GGP vs bay club singles 🎾☠️☠️☠️,Workout,"",5868,0,200.0,331,false,,,activities/7558958267.fit.gz,,,5868.0,5868.0,0.0,0.0,0.0,0.0,,,,0.0,0.0,,,,,,177.0,,,1029.0,,,331.0,,,,,,,,,,,0.0,,0.0,,1.0,,,,,,,,,,,,,,,,,,,,,,,,,,,0.0,0.0,0.0,,,,,,,,,,,,,,,,,""
7116746604,"May 10, 2022, 1:39:54 AM","Clare dares to use my own spells against me, Potter 🎾🎾",Workout,"",5074,0,191.0,206,false,,,activities/7576812093.fit.gz,,,5074.0,5074.0,0.0,0.0,0.0,0.0,,,,0.0,0.0,,,,,,165.0,,,807.0,,,206.0,,,,,,,,,,,0.0,,0.0,,1.0,,,,,,,,,,,,,,,,,,,,,,,,,,,0.0,0.0,0.0,,,,,,,,,,,,,,,,,""
7128904724,"May 12, 2022, 4:06:18 AM",Night Walk,Walk,,1757,2.01,,,false,,,activities/7589948917.fit.gz,,,1757.0,1757.0,2016.9,2.527,1.148,90.4,-0.7,4.0,95.4,36.2,4.5,,,,,,,,,120.0,,,,,,,,,,,,,,,,0.0,,1.0,,,,,,,,,,,,,,,,,,,,,,,,,,,0.0,1.148,0.0,,,,,,,,,,,,,,,,,""
7128904792,"May 12, 2022, 2:38:22 AM",Single/dubs🎾,Workout,"",4819,0,187.0,93,false,,,activities/7589949032.fit.gz,,,4819.0,4819.0,0.0,0.0,0.0,0.0,,,,0.0,0.0,,,,,,149.0,,,644.0,,,93.0,,,,,,,,,,,0.0,,0.0,,1.0,,,,,,,,,,,,,,,,,,,,,,,,,,,0.0,0.0,0.0,,,,,,,,,,,,,,,,,""
7137832429,"May 13, 2022, 1:18:39 AM",3.5 sets 🎾 devin lol,Workout,"",9913,0,175.0,115,false,,,activities/7599674501.fit.gz,,,9913.0,9913.0,0.0,0.0,0.0,0.0,,,,0.0,0.0,,,,,,138.0,,,1222.0,,,115.0,,,,,,,,,,,0.0,,0.0,,1.0,,,,,,,,,,,,,,,,,,,,,,,,,,,0.0,0.0,0.0,,,,,,,,,,,,,,,,,""
7144097318,"May 14, 2022, 9:39:53 PM",Vidy p2,Walk,"",3222,4.09,92.0,6,false,,,activities/7606501261.fit.gz,,,3222.0,2993.0,4090.6,2.765,1.367,95.3,95.3,35.8,95.9,16.5,0.9,,,,,,92.0,,,208.0,,,6.0,,,,,,,,,,,0.0,,0.0,,1.0,,,,,,,,,,,,,,,,,,,,,,,,,,,0.0,1.27,0.0,,,,,,,,,,,,,,,,,""
7144097342,"May 14, 2022, 8:40:12 PM",Vidyyy,Walk,"",2195,2.85,,,false,,,activities/7606501323.fit.gz,,,2195.0,2122.0,2855.4,3.114,1.346,10.2,22.6,57.4,79.0,6.4,-0.4,,,,,,,,,118.0,,,,,,,,,,,,,,0.0,,0.0,,1.0,,,,,,,,,,,,,,,,,,,,,,,,,,,0.0,1.301,0.0,,,,,,,,,,,,,,,,,""
7144097402,"May 14, 2022, 7:18:16 PM",4 souvla,Walk,"",2709,3.93,112.0,8,false,,,activities/7606501367.fit.gz,,,2709.0,2677.0,3937.4,3.684,1.471,48.2,48.2,43.0,94.0,11.6,-0.9,,,,,,112.0,,,180.0,,,8.0,,,,,,,,,,,0.0,,0.0,,1.0,,,,,,,,,,,,,,,,,,,,,,,,,,,0.0,1.453,0.0,,,,,,,,,,,,,,,,,""
7150093606,"May 16, 2022, 12:52:13 AM",Avoiding bay 2 breakers shenanigans beach run,Run,,5177,12.51,,,false,,,activities/7150093606.gpx,,,5177.0,5067.0,12512.4,5.534,2.469,65.6,65.6,-5.6,96.2,30.1,-0.5,,,,,,,,,,,,,,,,,,,,,,,,,0.0,,1.0,12598.7,,,,,,,,,,,,,,,,,,,,,,,,,,0.0,2.417,4834.6,,,,,,,,,,,,,,,,,media/E582EB4E-940E-478D-8A54-0A6499F787E6.jpg
7160805503,"May 18, 2022, 1:15:51 AM",Future stack break ,Walk,"",747,0.66,,,false,,,activities/7624722008.fit.gz,,,747.0,176.0,663.4,2.367,3.769,0.0,0.1,646.7,647.9,1.8,0.0,,,,,,,,,40.0,,,,,,,,,,,,,,0.0,,0.0,,1.0,,,,,,,,,,,,,,,,,,,,,,,,,,,0.0,0.888,0.0,,,,,,,,,,,,,,,,,""
7167007363,"May 19, 2022, 5:16:40 AM",Lost professional  credibility by sweating alongside conf attendees ride 😭,Ride,"",1451,0,154.0,10,false,,,activities/7631433521.fit.gz,,,1451.0,1451.0,0.0,0.0,0.0,0.0,,,,0.0,0.0,,,,,,130.0,,,149.0,,,10.0,,,,,,,,,,,0.0,,0.0,,1.0,,,,,,,,,,,,,,,,,,,,,,,,,,,0.0,0.0,0.0,,,,,,,,,,,,,,,,,""
7171578567,"May 19, 2022, 10:17:33 PM",Wozniak to tea pipeline ,Walk,"",643,0.77,,,false,,,activities/7636397727.fit.gz,,,643.0,594.0,769.5,4.36,1.295,3.4,3.0,648.2,653.3,35.1,0.1,,,,,,,,,53.0,,,,,,,,,,,,,,0.0,,0.0,,1.0,,,,,,,,,,,,,,,,,,,,,,,,,,,0.0,1.197,0.0,,,,,,,,,,,,,,,,,""
7176511148,"May 21, 2022, 2:14:16 AM",Pickleball is my new love ,Workout,"",5280,0,176.0,57,false,,,activities/7641773689.fit.gz,,,5280.0,5280.0,0.0,0.0,0.0,0.0,,,,0.0,0.0,,,,,,137.0,,,632.0,,,57.0,,,,,,,,,,,0.0,,0.0,,1.0,,,,,,,,,,,,,,,,,,,,,,,,,,,0.0,0.0,0.0,,,,,,,,,,,,,,,,,""
7182025949,"May 21, 2022, 11:09:47 PM",I made my opponent break her racket 3 games in 🔥😮‍💨🎾🎾,Workout,"",4652,0,195.0,147,false,,,activities/7647794114.fit.gz,,,4652.0,4652.0,0.0,0.0,0.0,0.0,,,,0.0,0.0,,,,,,158.0,,,685.0,,,147.0,,,,,,,,,,,0.0,,0.0,,1.0,,,,,,,,,,,,,,,,,,,,,,,,,,,0.0,0.0,0.0,,,,,,,,,,,,,,,,,""
7182026052,"May 21, 2022, 9:37:35 PM",Walk 2 tennis + pickup snax in jtown,Walk,"",4404,6.12,110.0,11,false,,,activities/7647794209.fit.gz,,,4404.0,4200.0,6126.4,3.764,1.459,75.7,75.7,39.1,95.8,12.8,-0.3,,,,,,101.0,,,289.0,,,11.0,,,,,,,,,,,0.0,,0.0,,1.0,,,,,,,,,,,,,,,,,,,,,,,,,,,0.0,1.391,0.0,,,,,,,,,,,,,,,,,""
7192339146,"May 23, 2022, 9:20:01 PM",Beach Monday run ,Run,,6026,13.25,,,false,,,activities/7192339146.gpx,,,6026.0,5369.0,13253.9,6.122,2.469,129.8,129.8,-3.7,96.2,27.3,0.0,,,,,,,,,,,,,,,,,,,,,,,,,0.0,,1.0,13592.0,,,,,,,,,,,,,,,,,,,,,,,,,,0.0,2.199,3775.2,,,,,,,,,,,,,,,,,""
7193383672,"May 24, 2022, 4:56:20 AM",EEAAO walk back,Walk,"",2289,1.28,70.0,2,false,,,activities/7660196302.fit.gz,,,2289.0,2105.0,1286.6,2.496,0.611,87.6,87.6,18.6,95.8,16.3,6.0,,,,,,70.0,,,188.0,,,2.0,,,,,,,,,,,0.0,,0.0,,1.0,,,,,,,,,,,,,,,,,,,,,,,,,,,0.0,0.562,0.0,,,,,,,,,,,,,,,,,""
7193384940,"May 24, 2022, 12:23:56 AM",I could bus but I’ll walk ,Walk,"",2317,3.41,116.0,7,false,,,activities/7660197631.fit.gz,,,2317.0,2317.0,3418.6,3.67,1.475,8.4,8.4,7.2,95.8,10.0,-2.5,,,,,,116.0,,,143.0,,,7.0,,,,,,,,,,,0.0,,0.0,,1.0,,,,,,,,,,,,,,,,,,,,,,,,,,,0.0,1.475,0.0,,,,,,,,,,,,,,,,,""
7203617622,"May 26, 2022, 1:58:36 AM",Anaheimmm,Walk,"",3771,3.33,74.0,2,false,,,activities/7671274873.fit.gz,,,3771.0,2372.0,3335.2,2.948,1.406,3.6,1.1,38.2,41.9,11.0,0.1,,,,,,63.0,,,141.0,,,2.0,,,,,,,,,,,0.0,,0.0,,1.0,,,,,,,,,,,,,,,,,,,,,,,,,,,0.0,0.884,0.0,,,,,,,,,,,,,,,,,""
7261734953,"Jun 5, 2022, 12:11:59 AM",Devin🎾🎾🍕🍕,Workout,"",9642,0,189.0,238,false,,,activities/7734779565.fit.gz,,,9642.0,9642.0,0.0,0.0,0.0,0.0,,,,0.0,0.0,,,,,,151.0,,,1277.0,,,238.0,,,,,,,,,,,0.0,,0.0,,1.0,,,,,,,,,,,,,,,,,,,,,,,,,,,0.0,0.0,0.0,,,,,,,,,,,,,,,,,""
7267584437,"Jun 7, 2022, 12:28:29 AM",Day b4 Election Day lit drop ,Walk,"",5206,3.92,116.0,9,false,,,activities/7741178912.fit.gz,,,5206.0,4100.0,3927.2,4.376,0.958,0.0,-0.1,4.6,6.4,4.0,0.0,,,,,,93.0,,,229.0,,,9.0,,,,,,,,,,,0.0,,0.0,,1.0,,,,,,,,,,,,,,,,,,,,,,,,,,,0.0,0.754,0.0,,,,,,,,,,,,,,,,,""
7270881924,"Jun 7, 2022, 12:42:43 PM",Election Day lit drop ,Walk,"",14515,12.23,90.0,18,false,,,activities/7744749538.fit.gz,,,14515.0,11842.0,12232.4,3.668,1.033,190.4,298.1,5.8,138.1,32.3,-0.9,,,,,,78.0,,,672.0,,,18.0,,,,,,,,,,,0.0,,0.0,,1.0,,,,,,,,,,,,,,,,,,,,,,,,,,,0.0,0.843,445.6,,,,,,,,,,,,,,,,,""
7304022294,"Jun 13, 2022, 5:36:23 PM",WA coast,Walk,"",11697,6.10,85.0,6,false,,,activities/7780890155.fit.gz,,,11697.0,4676.0,6107.8,28.291,1.306,172.5,147.5,18.7,75.9,31.9,0.4,,,,,,75.0,,,301.0,,,6.0,,,,,,,,,,,0.0,,0.0,,1.0,,,,,,,,,,,,,,,,,,,,,,,,,,,0.0,0.522,2116.5,,,,,,,,,,,,,,,,,media/59A0D929-4F04-4554-91F1-0F4EF21E9D45.jpg|media/5B55AFCF-7C79-4B94-AC9C-E3660D5FE1CA.jpg
7321012449,"Jun 16, 2022, 9:53:05 PM",Pre-warriors post-meetings I’m dehydrated omg,Run,,1731,5.48,,,false,,,activities/7321012449.gpx,,,1731.0,1728.0,5487.6,6.014,3.176,0.0,4.0,87.8,93.2,2.3,-0.1,,,,,,,,,,,,,,,,,,,,,,,,,0.0,,1.0,5493.5,,,,,,,,,,,,,,,,,,,,,,,,,,0.0,3.17,0.0,,,,,,,,,,,,,,,,,""
7323936540,"Jun 17, 2022, 5:04:17 AM",Finals walkkk,Walk,"",3104,3.73,,,false,,,activities/7802593505.fit.gz,,,3104.0,2991.0,3734.8,2.377,1.249,90.9,90.9,44.6,95.8,18.5,0.9,,,,,,,,,179.0,,,,,,,,,,,,,,0.0,,0.0,,1.0,,,,,,,,,,,,,,,,,,,,,,,,,,,0.0,1.203,0.0,,,,,,,,,,,,,,,,,""
7326704515,"Jun 18, 2022, 5:02:36 AM",Walk post-shiv body shots ,Walk,"",2120,2.01,84.0,2,false,,,activities/7805629249.fit.gz,,,2120.0,1655.0,2016.9,7.222,1.219,60.2,20.7,51.5,96.1,46.7,2.0,,,,,,76.0,,,114.0,,,2.0,,,,,,,,,,,0.0,,0.0,,1.0,,,,,,,,,,,,,,,,,,,,,,,,,,,0.0,0.951,0.0,,,,,,,,,,,,,,,,,""
7332125503,"Jun 18, 2022, 10:20:40 PM",Last reg season singles 🎾🎾🎾🎾,Workout,"",5090,0,209.0,301,false,,,activities/7811598571.fit.gz,,,5090.0,5090.0,0.0,0.0,0.0,0.0,,,,0.0,0.0,,,,,,181.0,,,856.0,,,301.0,,,,,,,,,,,0.0,,0.0,,1.0,,,,,,,,,,,,,,,,,,,,,,,,,,,0.0,0.0,0.0,,,,,,,,,,,,,,,,,""
7339625398,"Jun 20, 2022, 1:44:58 PM",Collision conf post-redeye,Walk,"",5376,5.08,63.0,3,false,,,activities/7819869543.fit.gz,,,5376.0,3439.0,5088.1,24.574,1.48,12.5,11.0,84.8,97.4,6.5,0.0,,,,,,63.0,,,184.0,,,3.0,,,,,,,,,,,0.0,,0.0,,1.0,,,,,,,,,,,,,,,,,,,,,,,,,,,0.0,0.946,0.0,,,,,,,,,,,,,,,,,""
7342360453,"Jun 20, 2022, 7:19:39 PM",Boba * badge pickup ,Walk,"",4822,4.92,114.0,6,false,,,activities/7822848373.fit.gz,,,4822.0,3900.0,4925.4,4.219,1.263,5.5,19.5,83.2,98.7,5.6,-0.3,,,,,,82.0,,,201.0,,,6.0,,,,,,,,,,,0.0,,0.0,,1.0,,,,,,,,,,,,,,,,,,,,,,,,,,,0.0,1.021,0.0,,,,,,,,,,,,,,,,,""
7342493892,"Jun 21, 2022, 1:07:52 AM",Distillery district is so cute Omg post-cocktails ,Walk,"",2907,3.23,99.0,5,false,,,activities/7822994519.fit.gz,,,2907.0,2707.0,3235.3,2.952,1.195,18.7,0.8,78.1,97.1,4.3,0.6,,,,,,91.0,,,130.0,,,5.0,,,,,,,,,,,0.0,,0.0,,1.0,,,,,,,,,,,,,,,,,,,,,,,,,,,0.0,1.113,72.5,,,,,,,,,,,,,,,,,""
7353768700,"Jun 22, 2022, 11:26:40 PM",Walk 2 &Juliet!! ,Walk,"",1289,1.89,,,false,,,activities/7835265945.fit.gz,,,1289.0,1289.0,1892.5,4.148,1.468,0.0,8.7,85.7,97.1,30.7,-0.5,,,,,,,,,74.0,,,,,,,,,,,,,,0.0,,0.0,,1.0,,,,,,,,,,,,,,,,,,,,,,,,,,,0.0,1.468,0.0,,,,,,,,,,,,,,,,,""
7353768801,"Jun 22, 2022, 1:20:31 AM",Post-conf happy hr ,Walk,"",2756,2.76,,,false,,,activities/7835266056.fit.gz,,,2756.0,2156.0,2759.4,3.257,1.28,15.3,-0.6,80.0,95.9,19.5,0.6,,,,,,,,,116.0,,,,,,,,,,,,,,0.0,,0.0,,1.0,,,,,,,,,,,,,,,,,,,,,,,,,,,0.0,1.001,0.0,,,,,,,,,,,,,,,,,""
7390832967,"Jun 30, 2022, 2:49:57 AM",EZ ,Run,,1601,4.01,,,false,,,activities/7390832967.gpx,,,1601.0,1553.0,4018.8,4.54,2.588,4.7,3.6,87.8,93.6,8.0,0.0,,,,,,,,,,,,,,,,,,,,,,,,,0.0,,1.0,4039.4,,,,,,,,,,,,,,,,,,,,,,,,,,0.0,2.51,0.0,,,,,,,,,,,,,,,,,""
7400162732,"Jul 1, 2022, 10:59:46 PM",Didn’t start Strava till after past north beach ,Walk,"",3027,2.91,99.0,4,false,,,activities/7886098039.fit.gz,,,3027.0,2790.0,2917.4,2.519,1.046,141.1,141.2,4.2,96.2,49.0,3.1,,,,,,84.0,,,234.0,,,4.0,,,,,,,,,,,0.0,,0.0,,1.0,,,,,,,,,,,,,,,,,,,,,,,,,,,0.0,0.964,0.0,,,,,,,,,,,,,,,,,""
7405276417,"Jul 2, 2022, 6:48:08 PM","Hoppy birdy, Chad! ",Walk,"",9789,4.93,101.0,7,false,,,activities/7891706736.fit.gz,,,9789.0,4403.0,4929.1,3.747,1.119,125.9,98.6,52.4,143.0,23.3,0.6,,,,,,80.0,,,291.0,,,7.0,,,,,,,,,,,0.0,,0.0,,1.0,,,,,,,,,,,,,,,,,,,,,,,,,,,0.0,0.504,545.1,,,,,,,,,,,,,,,,,media/F59652E2-6120-41E1-815A-920169F6BD34.jpg
7438871285,"Jul 9, 2022, 7:10:38 AM",Night Walk,Walk,,647,0.84,,,false,,,activities/7928546103.fit.gz,,,647.0,647.0,843.4,2.455,1.304,42.9,7.9,92.9,136.5,36.3,4.1,,,,,,,,,104.0,,,,,,,,,,,,,,,,0.0,,1.0,,,,,,,,,,,,,,,,,,,,,,,,,,,0.0,1.304,0.0,,,,,,,,,,,,,,,,,""
7438871676,"Jul 9, 2022, 1:04:00 AM",Mixed dubs 🎾🎾,Workout,"",6949,0,182.0,132,false,,,activities/7928546568.fit.gz,,,6949.0,6949.0,0.0,0.0,0.0,0.0,,,,0.0,0.0,,,,,,143.0,,,863.0,,,132.0,,,,,,,,,,,0.0,,0.0,,1.0,,,,,,,,,,,,,,,,,,,,,,,,,,,0.0,0.0,0.0,,,,,,,,,,,,,,,,,""
7438872408,"Jul 8, 2022, 11:19:05 PM",To tennissss,Walk,"",4779,6.28,152.0,56,false,,,activities/7928547091.fit.gz,,,4779.0,4694.0,6283.1,3.984,1.339,92.7,92.7,51.6,95.8,17.9,-0.3,,,,,,120.0,,,287.0,,,56.0,,,,,,,,,,,0.0,,0.0,,1.0,,,,,,,,,,,,,,,,,,,,,,,,,,,0.0,1.315,0.0,,,,,,,,,,,,,,,,,""
7443298273,"Jul 9, 2022, 5:50:49 PM",East bay dubs ty bart ,Workout,"",6809,0,176.0,52,false,,,activities/7933432728.fit.gz,,,6809.0,6809.0,0.0,0.0,0.0,0.0,,,,0.0,0.0,,,,,,129.0,,,700.0,,,52.0,,,,,,,,,,,0.0,,0.0,,1.0,,,,,,,,,,,,,,,,,,,,,,,,,,,0.0,0.0,0.0,,,,,,,,,,,,,,,,,""
7449026931,"Jul 10, 2022, 5:06:02 PM",Walk to playoffs ,Walk,"",4116,5.96,118.0,8,false,,,activities/7939766730.fit.gz,,,4116.0,4056.0,5968.0,3.236,1.471,86.9,86.9,44.6,105.8,12.2,-0.3,,,,,,93.0,,,281.0,,,8.0,,,,,,,,,,,0.0,,0.0,,1.0,,,,,,,,,,,,,,,,,,,,,,,,,,,0.0,1.45,0.0,,,,,,,,,,,,,,,,,""
7449026945,"Jul 10, 2022, 6:23:26 PM",Playoffs,Workout,"",8368,0,191.0,172,false,,,activities/7939766805.fit.gz,,,8368.0,8368.0,0.0,0.0,0.0,0.0,,,,0.0,0.0,,,,,,148.0,,,1094.0,,,172.0,,,,,,,,,,,0.0,,0.0,,1.0,,,,,,,,,,,,,,,,,,,,,,,,,,,0.0,0.0,0.0,,,,,,,,,,,,,,,,,""
7454703947,"Jul 12, 2022, 2:42:20 AM",Walk post-scoma’s w/ griffin ,Walk,"",2149,2.30,,,false,,,activities/7945967816.fit.gz,,,2149.0,2072.0,2302.0,3.1,1.111,117.9,22.2,-3.3,107.2,31.6,4.2,,,,,,,,,143.0,,,,,,,,,,,,,,0.0,,0.0,,1.0,,,,,,,,,,,,,,,,,,,,,,,,,,,0.0,1.071,0.0,,,,,,,,,,,,,,,,,media/6C995197-059B-4DDD-A535-25AD91E24D9F.jpg
7459938658,"Jul 13, 2022, 12:39:06 AM",1st post-Covid run into shubha! ,Run,,5952,12.95,,,false,,,activities/7459938658.gpx,,,5952.0,5686.0,12956.0,6.234,2.279,75.9,75.9,1.5,95.7,21.2,-0.3,,,,,,,,,,,,,,,,,,,,,,,,,0.0,,1.0,13059.6,,,,,,,,,,,,,,,,,,,,,,,,,,0.0,2.177,4641.7,,,,,,,,,,,,,,,,,media/2B4C704E-0593-48C6-A510-9EF90DB6E37E.jpg|media/999C6600-7DA5-4D98-8009-75E3F908ADE7.jpg
7475401813,"Jul 15, 2022, 11:14:17 PM",Matcha to mixed dubs ,Walk,"",5383,7.08,93.0,10,false,,,activities/7968719952.fit.gz,,,5383.0,4944.0,7086.6,3.82,1.433,94.0,94.0,51.6,95.9,18.2,-0.3,,,,,,93.0,,,332.0,,,10.0,,,,,,,,,,,0.0,,0.0,,1.0,,,,,,,,,,,,,,,,,,,,,,,,,,,0.0,1.316,0.0,,,,,,,,,,,,,,,,,""
7486874325,"Jul 17, 2022, 12:29:59 AM",Devin🎾💪,Workout,"",11088,0,192.0,257,false,,,activities/7981438533.fit.gz,,,11088.0,11088.0,0.0,0.0,0.0,0.0,,,,0.0,0.0,,,,,,151.0,,,1559.0,,,257.0,,,,,,,,,,,0.0,,0.0,,1.0,,,,,,,,,,,,,,,,,,,,,,,,,,,0.0,0.0,0.0,,,,,,,,,,,,,,,,,""
7486874685,"Jul 17, 2022, 8:58:14 PM",Farmers market ,Walk,"",3269,4.00,69.0,3,false,,,activities/7981438901.fit.gz,,,3269.0,3111.0,4001.1,2.705,1.286,84.5,84.5,44.6,95.9,15.5,0.9,,,,,,69.0,,,188.0,,,3.0,,,,,,,,,,,0.0,,0.0,,1.0,,,,,,,,,,,,,,,,,,,,,,,,,,,0.0,1.224,0.0,,,,,,,,,,,,,,,,,""
7492238275,"Jul 19, 2022, 1:26:55 AM",Devin p2🎾,Workout,"",8851,0,178.0,172,false,,,activities/7987355331.fit.gz,,,8851.0,8851.0,0.0,0.0,0.0,0.0,,,,0.0,0.0,,,,,,148.0,,,1232.0,,,172.0,,,,,,,,,,,0.0,,0.0,,1.0,,,,,,,,,,,,,,,,,,,,,,,,,,,0.0,0.0,0.0,,,,,,,,,,,,,,,,,""
7497463091,"Jul 20, 2022, 4:01:47 AM",Night Walk,Walk,,880,0.96,,,false,,,activities/7993076065.fit.gz,,,880.0,741.0,965.4,11.184,1.303,6.9,7.6,0.6,8.2,11.9,-0.1,,,,,,,,,32.0,,,,,,,,,,,,,,,,0.0,,1.0,,,,,,,,,,,,,,,,,,,,,,,,,,,0.0,1.097,0.0,,,,,,,,,,,,,,,,,""
7502783813,"Jul 21, 2022, 3:29:34 AM",Night run post-Notion api shenanigans ,Run,,1638,4.97,,,false,,,activities/7502783813.gpx,,,1638.0,1635.0,4969.0,5.506,3.039,0.0,1.9,87.8,90.3,2.5,0.0,,,,,,,,,,,,,,,,,,,,,,,,,0.0,,1.0,4979.4,,,,,,,,,,,,,,,,,,,,,,,,,,0.0,3.034,0.0,,,,,,,,,,,,,,,,,media/2A0E0F22-7A07-4717-A893-AE98662632BF.jpg
7513696365,"Jul 23, 2022, 1:12:47 AM",Mixed dubs social how did my back get so sweaty,Workout,Hi devin,6557,0,194.0,237,false,,,activities/8010965362.fit.gz,,,6557.0,6557.0,0.0,0.0,0.0,0.0,,,,0.0,0.0,,,,,,161.0,,,1033.0,,,237.0,,,,,,,,,,,0.0,,0.0,,1.0,,,,,,,,,,,,,,,,,,,,,,,,,,,0.0,0.0,0.0,,,,,,,,,,,,,,,,,""
7518209594,"Jul 24, 2022, 1:21:21 AM", 2 Napa ,Walk,"",3532,3.71,66.0,3,false,,,activities/8016011047.fit.gz,,,3532.0,2933.0,3712.9,3.107,1.266,89.2,89.2,13.5,95.9,17.3,2.2,,,,,,66.0,,,188.0,,,3.0,,,,,,,,,,,0.0,,0.0,,1.0,,,,,,,,,,,,,,,,,,,,,,,,,,,0.0,1.051,65.7,,,,,,,,,,,,,,,,,""
7524078502,"Jul 24, 2022, 8:58:31 PM",Monterey bay with ami! ,Rowing,"",2860,0,109.0,5,false,,,activities/8022600272.fit.gz,,,2860.0,2860.0,0.0,0.0,0.0,0.0,,,,0.0,0.0,,,,,,88.0,,,188.0,,,5.0,,,,,,,,,,,0.0,,0.0,,1.0,,,,,,,,,,,,,,,,,,,,,,,,,,,0.0,0.0,0.0,,,,,,,,,,,,,,,,,""
7524079638,"Jul 24, 2022, 6:47:55 PM",Monter-yay,Walk,"",1820,1.48,75.0,2,false,,,activities/8022601519.fit.gz,,,1820.0,1464.0,1481.6,2.279,1.012,8.0,8.4,6.5,15.4,12.7,0.0,,,,,,75.0,,,69.0,,,2.0,,,,,,,,,,,0.0,,0.0,,1.0,,,,,,,,,,,,,,,,,,,,,,,,,,,0.0,0.814,0.0,,,,,,,,,,,,,,,,,""
7529038065,"Jul 26, 2022, 1:12:51 AM","Easy mon-yay, hard borough hills ",Run,,2300,5.26,,,false,,,activities/7529038065.gpx,,,2300.0,2274.0,5267.7,3.924,2.316,64.3,75.8,18.4,69.4,13.1,-0.2,,,,,,,,,,,,,,,,,,,,,,,,,0.0,,1.0,5373.2,,,,,,,,,,,,,,,,,,,,,,,,,,0.0,2.29,0.0,,,,,,,,,,,,,,,,,""
7535063281,"Jul 27, 2022, 3:13:14 AM",Dumplings to cannolis to bike back pipeline,Ride,"I almost rode over the Brooklyn bridge, directions are hard, also walked bike on sidewalk bc safety 😠🥲🙈",1517,3.35,164.0,7,false,,,activities/8034785312.fit.gz,,,1517.0,1295.0,3356.7,7.038,2.592,20.6,20.9,4.2,18.5,4.7,0.0,,,,,,123.0,,,57.0,,,7.0,,,,,,,,,,,0.0,,0.0,,1.0,,,,,,,,,,,,,,,,,,,,,,,,,,,0.0,2.213,0.0,,,,,,,,,,,,,,,,,media/1157AEFA-15A8-4717-9459-106AA7701380.jpg
7539859790,"Jul 27, 2022, 9:24:31 PM",Walk 2 werk dinner ,Walk,"",2953,2.67,73.0,3,false,,,activities/8040074897.fit.gz,,,2953.0,2420.0,2675.8,2.95,1.106,15.6,9.3,3.7,12.2,5.0,0.2,,,,,,73.0,,,119.0,,,3.0,,,,,,,,,,,0.0,,0.0,,1.0,,,,,,,,,,,,,,,,,,,,,,,,,,,0.0,0.906,0.0,,,,,,,,,,,,,,,,,""
7539859856,"Jul 27, 2022, 12:20:26 PM",Walk to coffee and conference,Walk,"",2407,2.68,98.0,2,false,,,activities/8040075012.fit.gz,,,2407.0,1909.0,2681.5,4.45,1.405,5.6,13.2,0.1,12.3,38.5,-0.3,,,,,,77.0,,,124.0,,,2.0,,,,,,,,,,,0.0,,0.0,,1.0,,,,,,,,,,,,,,,,,,,,,,,,,,,0.0,1.114,0.0,,,,,,,,,,,,,,,,,""
7556765377,"Jul 30, 2022, 1:01:03 AM",GGP mixed dubs ,Workout,"",7226,0,175.0,81,false,,,activities/8058865232.fit.gz,,,7226.0,7226.0,0.0,0.0,0.0,0.0,,,,0.0,0.0,,,,,,137.0,,,828.0,,,81.0,,,,,,,,,,,0.0,,0.0,,1.0,,,,,,,,,,,,,,,,,,,,,,,,,,,0.0,0.0,0.0,,,,,,,,,,,,,,,,,""
7562619251,"Aug 1, 2022, 3:21:24 AM",Walk back from author event Will,Walk,"",2617,3.16,,,false,,,activities/8065434974.fit.gz,,,2617.0,2617.0,3167.9,2.229,1.21,95.6,95.6,7.8,95.8,15.0,2.7,,,,,,,,,157.0,,,,,,,,,,,,,,0.0,,0.0,,1.0,,,,,,,,,,,,,,,,,,,,,,,,,,,0.0,1.21,0.0,,,,,,,,,,,,,,,,,""
7562619398,"Jul 31, 2022, 5:21:43 PM",East bay dubs ,Workout,"",7295,0,164.0,29,false,,,activities/8065435209.fit.gz,,,7295.0,7295.0,0.0,0.0,0.0,0.0,,,,0.0,0.0,,,,,,112.0,,,619.0,,,29.0,,,,,,,,,,,0.0,,0.0,,1.0,,,,,,,,,,,,,,,,,,,,,,,,,,,0.0,0.0,0.0,,,,,,,,,,,,,,,,,""
7566399528,"Aug 1, 2022, 7:10:15 PM",Lunchtime singles ,Workout,"",4479,0,184.0,68,false,,,activities/8069605908.fit.gz,,,4479.0,4479.0,0.0,0.0,0.0,0.0,,,,0.0,0.0,,,,,,139.0,,,539.0,,,68.0,,,,,,,,,,,0.0,,0.0,,1.0,,,,,,,,,,,,,,,,,,,,,,,,,,,0.0,0.0,0.0,,,,,,,,,,,,,,,,,""
7595243854,"Aug 7, 2022, 1:02:26 AM",Jean dubs sectionals day 2 ,Workout,"",3881,0,187.0,75,false,,,activities/8101646181.fit.gz,,,3881.0,3881.0,0.0,0.0,0.0,0.0,,,,0.0,0.0,,,,,,149.0,,,537.0,,,75.0,,,,,,,,,,,0.0,,0.0,,1.0,,,,,,,,,,,,,,,,,,,,,,,,,,,0.0,0.0,0.0,,,,,,,,,,,,,,,,,""
7595243965,"Aug 6, 2022, 7:52:36 PM",Singles sectionals day 2 ,Workout,"",7230,0,205.0,420,false,,,activities/8101646292.fit.gz,,,7230.0,7230.0,0.0,0.0,0.0,0.0,,,,0.0,0.0,,,,,,179.0,,,1286.0,,,420.0,,,,,,,,,,,0.0,,0.0,,1.0,,,,,,,,,,,,,,,,,,,,,,,,,,,0.0,0.0,0.0,,,,,,,,,,,,,,,,,""
7595244017,"Aug 5, 2022, 11:40:31 PM",Dubs sectionals day 1 ,Workout,"",6361,0,195.0,210,false,,,activities/8101646374.fit.gz,,,6361.0,6361.0,0.0,0.0,0.0,0.0,,,,0.0,0.0,,,,,,160.0,,,966.0,,,210.0,,,,,,,,,,,0.0,,0.0,,1.0,,,,,,,,,,,,,,,,,,,,,,,,,,,0.0,0.0,0.0,,,,,,,,,,,,,,,,,""
7600797216,"Aug 7, 2022, 3:06:29 PM",Sectionals semis singles ,Workout,"",6549,0,194.0,164,false,,,activities/8107943581.fit.gz,,,6549.0,6549.0,0.0,0.0,0.0,0.0,,,,0.0,0.0,,,,,,151.0,,,912.0,,,164.0,,,,,,,,,,,0.0,,0.0,,1.0,,,,,,,,,,,,,,,,,,,,,,,,,,,0.0,0.0,0.0,,,,,,,,,,,,,,,,,""
7606191267,"Aug 9, 2022, 12:45:25 AM",KCDC day 1,Ride,"",732,0,128.0,2,false,,,activities/8113953344.fit.gz,,,732.0,732.0,0.0,0.0,0.0,0.0,,,,0.0,0.0,,,,,,112.0,,,62.0,,,2.0,,,,,,,,,,,0.0,,0.0,,1.0,,,,,,,,,,,,,,,,,,,,,,,,,,,0.0,0.0,0.0,,,,,,,,,,,,,,,,,""
7617234244,"Aug 10, 2022, 9:05:47 PM",Quick KC sightseeing ,Run,It’s HOT🥵😮‍💨,2784,6.57,,,false,,,activities/7617234244.gpx,,,2784.0,2356.0,6577.1,7.49,2.792,91.4,90.4,229.5,291.8,12.7,0.0,,,,,,,,,,,,,,,,,,,,,,,0.0,,0.0,,1.0,6737.6,,,,,,,,,,,,,,,,,,,,,,,,,,0.0,2.362,562.1,,,,,,,,,,,,,,,,,media/190AFD98-BB83-4497-BD06-41D4C0446211.jpg|media/7EC411D8-9100-48FA-8C59-4493D1A39178.jpg|media/5D1892B2-1E94-40F1-9FA6-AB73F6F6B527.jpg
7617242987,"Aug 10, 2022, 6:28:00 PM",Walk for coffee + museum ,Walk,"",4212,4.33,94.0,5,false,,,activities/8126153605.fit.gz,,,4212.0,3294.0,4332.9,3.502,1.315,24.1,12.9,241.1,263.2,44.6,0.3,,,,,,82.0,,,201.0,,,5.0,,,,,,,,,,,0.0,,0.0,,1.0,,,,,,,,,,,,,,,,,,,,,,,,,,,0.0,1.029,424.7,,,,,,,,,,,,,,,,,""
7622643253,"Aug 11, 2022, 6:20:36 PM",Bball experience kc ,Workout,"",1760,0,192.0,78,false,,,activities/8132137910.fit.gz,,,1760.0,1760.0,0.0,0.0,0.0,0.0,,,,0.0,0.0,,,,,,167.0,,,286.0,,,78.0,,,,,,,,,,,0.0,,0.0,,1.0,,,,,,,,,,,,,,,,,,,,,,,,,,,0.0,0.0,0.0,,,,,,,,,,,,,,,,,""
7629743884,"Aug 13, 2022, 1:12:16 AM",Mixed dubs,Workout,"",7136,0,175.0,77,false,,,activities/8140039236.fit.gz,,,7136.0,7136.0,0.0,0.0,0.0,0.0,,,,0.0,0.0,,,,,,133.0,,,826.0,,,77.0,,,,,,,,,,,0.0,,0.0,,1.0,,,,,,,,,,,,,,,,,,,,,,,,,,,0.0,0.0,0.0,,,,,,,,,,,,,,,,,""
7633577832,"Aug 13, 2022, 8:26:58 PM","Post-dim sum, pre-pageant lands end ",Run,I walked up the hills at the end rip,8143,18.77,,,false,,,activities/7633577832.gpx,,,8143.0,7836.0,18777.4,4.996,2.396,287.1,287.1,38.0,101.9,41.2,-0.1,,,,,,,,,,,,,,,,,,,,,,,,,0.0,,1.0,19558.1,,,,,,,,,,,,,,,,,,,,,,,,,,0.0,2.306,1212.5,,,,,,,,,,,,,,,,,media/B4C309E1-C968-44A4-8D36-AAC9F481A78E.jpg|media/4FFE90AB-DFD3-4524-9213-0922CC7F2ACE.jpg
7644985748,"Aug 15, 2022, 8:42:04 PM",First hawk hill run! ,Run,"Windy, didn’t make it home but made it to boba",12847,27.38,,,false,,,activities/7644985748.gpx,,,12847.0,12171.0,27388.5,9.86,2.25,344.1,344.2,3.5,249.5,30.1,-0.2,,,,,,,,,,,,,,,,,,,,,,,0.0,,0.0,,1.0,28149.8,,,,,,,,,,,,,,,,,,,,,,,,,,0.0,2.132,233.9,,,,,,,,,,,,,,,,,media/DB69002D-D6AC-4F00-8132-92978F9FEDF9.jpg|media/AD9560CA-8DF9-4DF8-A1BB-F9B301A7E7F9.jpg|media/CC15C784-C5A9-4E69-B1AB-930707BA2F3D.jpg
7672497555,"Aug 21, 2022, 12:01:21 AM",Run to books Inc ,Run,,3723,6.46,,,false,,,activities/7672497555.gpx,,,3723.0,2661.0,6468.8,5.39,2.431,109.0,109.0,51.6,95.8,21.0,-0.6,,,,,,,,,,,,,,,,,,,,,,,,,0.0,,1.0,6672.2,,,,,,,,,,,,,,,,,,,,,,,,,,0.0,1.738,0.0,,,,,,,,,,,,,,,,,""
7678711278,"Aug 21, 2022, 3:40:00 PM",Walk to GGP ,Walk,"",5349,6.57,110.0,9,false,,,activities/8194986088.fit.gz,,,5349.0,4981.0,6577.6,2.962,1.321,104.9,104.9,44.6,105.8,15.3,-0.3,,,,,,87.0,,,300.0,,,9.0,,,,,,,,,,,0.0,,0.0,,1.0,,,,,,,,,,,,,,,,,,,,,,,,,,,0.0,1.23,0.0,,,,,,,,,,,,,,,,,""
7678711282,"Aug 21, 2022, 5:18:47 PM",New team tennis social dubs ,Workout,"",9380,0,181.0,79,false,,,activities/8194986129.fit.gz,,,9380.0,9380.0,0.0,0.0,0.0,0.0,,,,0.0,0.0,,,,,,128.0,,,951.0,,,79.0,,,,,,,,,,,0.0,,0.0,,1.0,,,,,,,,,,,,,,,,,,,,,,,,,,,0.0,0.0,0.0,,,,,,,,,,,,,,,,,""
7678711407,"Aug 21, 2022, 8:50:10 PM",Walk from GGP stop in Alamo square bc elise ,Walk,"",7168,5.26,78.0,6,false,,,activities/8194986226.fit.gz,,,7168.0,3969.0,5266.5,3.732,1.327,113.1,113.1,32.7,95.9,21.5,0.5,,,,,,78.0,,,284.0,,,6.0,,,,,,,,,,,0.0,,0.0,,1.0,,,,,,,,,,,,,,,,,,,,,,,,,,,0.0,0.735,0.0,,,,,,,,,,,,,,,,,""
7678711444,"Aug 22, 2022, 12:08:20 AM",Brian 3 sets 🎾🎾,Workout,"",8417,0,186.0,151,false,,,activities/8194986320.fit.gz,,,8417.0,8417.0,0.0,0.0,0.0,0.0,,,,0.0,0.0,,,,,,147.0,,,1135.0,,,151.0,,,,,,,,,,,0.0,,0.0,,1.0,,,,,,,,,,,,,,,,,,,,,,,,,,,0.0,0.0,0.0,,,,,,,,,,,,,,,,,""
7684058342,"Aug 23, 2022, 1:24:22 AM",Run with Shubha to blue barn ,Run,,4700,8.07,,,false,,,activities/7684058342.gpx,,,4700.0,3776.0,8074.1,4.78,2.138,29.6,108.8,3.7,96.2,17.1,-1.0,,,,,,,,,,,,,,,,,,,,,,,,,0.0,,1.0,7991.9,,,,,,,,,,,,,,,,,,,,,,,,,,0.0,1.718,873.7,,,,,,,,,,,,,,,,,media/C0CFACD4-9FB6-4DBB-8843-08CA6EEE606D.jpg
7701303530,"Aug 26, 2022, 2:27:37 AM",Upper Hudson River walk night ride ,Ride,Plane to soup dumplings to bike pipeline,4880,16.86,,,false,,,activities/7701303530.gpx,,,4880.0,4306.0,16862.4,14.462,3.916,55.6,55.8,4.2,27.3,6.9,0.0,,,,,,,,,,,,,,,,,,,,,,,0.0,,0.0,,1.0,,,,,,,,,,,,,,,,,,,,,,,,,,,0.0,3.455,0.0,,,,,,,,,,,,,,,,,media/FC2E0009-A9A9-465A-A65F-D78F364E23A8.jpg
7708791509,"Aug 27, 2022, 1:11:20 PM",Hackcon Wellness center ride,Ride,"Cannondale trail bike, trail is very short tho??",1802,6.30,,,false,,,activities/7708791509.gpx,,,1802.0,1715.0,6301.8,10.338,3.675,78.9,78.4,433.6,469.9,15.3,0.0,,,,,,,,,,,,,,,,,,,,,,,0.0,,0.0,,1.0,,,,,,,,,,,,,,,,,,,,,,,,,,,0.0,3.497,0.0,,,,,,,,,,,,,,,,,media/F9866C77-5ADA-4105-B4C8-1B0856AE794A.jpg
7717570519,"Aug 28, 2022, 10:54:27 PM",Need to time red/green lights better ,Ride,,4078,13.74,,,false,,,activities/7717570519.gpx,,,4078.0,3630.0,13742.2,14.374,3.786,95.2,95.1,2.8,36.3,31.6,0.0,,,,,,,,,,,,,,,,,,,,,,,,,0.0,,1.0,,,,,,,,,,,,,,,,,,,,,,,,,,,0.0,3.37,0.0,,,,,,,,,,,,,,,,,media/7902E72F-3FBD-4D74-A021-CDCFEF89D21D.jpg|media/45A84FA2-50DB-464F-BC55-0D4582C72DB9.jpg
7727822156,"Aug 30, 2022, 4:16:37 PM","1 walk, 4 nyc bookstores ",Walk,Happy “Carrie Soto is Back” pub day,9256,7.76,113.0,12,false,,,activities/8250389573.fit.gz,,,9256.0,5439.0,7761.1,13.434,1.427,8.7,16.2,3.9,17.7,10.1,-0.1,,,,,,95.0,,,362.0,,,12.0,,,,,,,,,,,0.0,,0.0,,1.0,,,,,,,,,,,,,,,,,,,,,,,,,,,0.0,0.838,0.0,,,,,,,,,,,,,,,,,""
7727822203,"Aug 30, 2022, 7:00:55 PM",Ride back to hotel for 1:1,Ride,"",858,3.18,183.0,22,false,,,activities/8250389753.fit.gz,,,858.0,763.0,3181.4,8.798,4.17,14.3,9.7,3.9,14.4,4.6,0.1,,,,,,156.0,,,60.0,,,22.0,,,,,,,,,,,0.0,,0.0,,1.0,,,,,,,,,,,,,,,,,,,,,,,,,,,0.0,3.708,0.0,,,,,,,,,,,,,,,,,""
7734500189,"Sep 1, 2022, 2:21:08 AM",Night ride from post-meetup Kimberly Thai dinner,Ride,"",1333,4.32,153.0,6,false,,,activities/8257832451.fit.gz,,,1333.0,1312.0,4328.8,7.054,3.299,14.3,12.1,4.1,14.5,5.0,0.1,,,,,,120.0,,,68.0,,,6.0,,,,,,,,,,,0.0,,0.0,,1.0,,,,,,,,,,,,,,,,,,,,,,,,,,,0.0,3.247,0.0,,,,,,,,,,,,,,,,,""
7749945338,"Sep 3, 2022, 9:52:10 PM",Pennapps break meet Kennedy ,Walk,"",5345,6.37,72.0,6,false,,,activities/8275375702.fit.gz,,,5345.0,4961.0,6370.9,3.967,1.284,33.6,33.5,3.7,16.4,47.0,0.0,,,,,,71.0,,,267.0,,,6.0,,,,,,,,,,,0.0,,0.0,,1.0,,,,,,,,,,,,,,,,,,,,,,,,,,,0.0,1.192,0.0,,,,,,,,,,,,,,,,,media/5759E5ED-470E-427A-A7FC-F71B381ABB78.jpg
7756523044,"Sep 4, 2022, 4:04:18 PM",Acai bowl walk,Walk,"",2890,3.33,96.0,5,false,,,activities/8282904770.fit.gz,,,2890.0,2593.0,3331.0,3.328,1.285,10.9,11.0,9.4,16.6,3.7,0.0,,,,,,89.0,,,134.0,,,5.0,,,,,,,,,,,0.0,,0.0,,1.0,,,,,,,,,,,,,,,,,,,,,,,,,,,0.0,1.153,0.0,,,,,,,,,,,,,,,,,""
7766840821,"Sep 6, 2022, 11:28:56 PM",ICG Ride,Ride,"",1657,0,141.0,7,false,,,activities/8294448814.fit.gz,,,1657.0,1657.0,0.0,0.0,0.0,0.0,,,,0.0,0.0,,,,,,124.0,,,163.0,,,7.0,,,,,,,,,,,0.0,,0.0,,1.0,,,,,,,,,,,,,,,,,,,,,,,,,,,0.0,0.0,0.0,,,,,,,,,,,,,,,,,""
7780180445,"Sep 9, 2022, 1:47:34 PM",Morning Ride,Ride,Bike to bike bus,2520,10.52,,,false,,,activities/7780180445.gpx,,,2520.0,2494.0,10528.2,9.91,4.221,100.3,100.3,21.5,95.9,13.0,-0.2,,,,,,,,,,,,,,,,,,,,,,,,,0.0,,1.0,,,,,,,,,,,,,,,,,,,,,,,,,,,0.0,4.178,0.0,,,,,,,,,,,,,,,,,""
7780676882,"Sep 9, 2022, 2:50:54 PM",Bike bus + telescope coffee! ,Ride,Ty [strava://athletes/66872497/12]Kimee Howley! One day I will bike all the way up ca,4813,7.45,116.0,6,false,,,activities/8310082552.fit.gz,,,4813.0,2776.0,7457.9,8.202,2.687,69.1,85.9,7.6,81.8,8.4,-0.2,,,,,,98.0,,,129.0,,,6.0,,,,,,,,,,,0.0,,0.0,,1.0,,,,,,,,,,,,,,,,,,,,,,,,,,,0.0,1.55,0.0,,,,,,,,,,,,,,,,,media/0FD04055-2D75-4CE7-85E4-19B97EBC1CF1.jpg|media/0E7B48F3-0179-48B6-8D92-E76258BF1452.jpg
7782882744,"Sep 10, 2022, 2:12:46 AM",9.5 dubs ,Workout,Jen k,5908,0,174.0,70,false,,,activities/8312599118.fit.gz,,,5908.0,5908.0,0.0,0.0,0.0,0.0,,,,0.0,0.0,,,,,,139.0,,,692.0,,,70.0,,,,,,,,,,,0.0,,0.0,,1.0,,,,,,,,,,,,,,,,,,,,,,,,,,,0.0,0.0,0.0,,,,,,,,,,,,,,,,,""
7782882800,"Sep 10, 2022, 1:15:20 AM",Tennis Warmup ,Workout,Rofl Jen k singles,2341,0,199.0,102,false,,,activities/8312599232.fit.gz,,,2341.0,2341.0,0.0,0.0,0.0,0.0,,,,0.0,0.0,,,,,,168.0,,,361.0,,,102.0,,,,,,,,,,,0.0,,0.0,,1.0,,,,,,,,,,,,,,,,,,,,,,,,,,,0.0,0.0,0.0,,,,,,,,,,,,,,,,,""
7794194555,"Sep 12, 2022, 1:39:22 AM",Kristine singles🎾 finally,Workout,Hi Yuki + hubby 🍻,4403,0,181.0,103,false,,,activities/8325459158.fit.gz,,,4403.0,4403.0,0.0,0.0,0.0,0.0,,,,0.0,0.0,,,,,,148.0,,,549.0,,,103.0,,,,,,,,,,,0.0,,0.0,,1.0,,,,,,,,,,,,,,,,,,,,,,,,,,,0.0,0.0,0.0,,,,,,,,,,,,,,,,,""
7796966704,"Sep 12, 2022, 2:26:40 PM",Pre-refactr/great highway + devil's teeth,Ride,"",8372,30.21,177.0,45,false,"",,activities/8328589508.fit.gz,,,8372.0,6866.0,30216.9,12.492,4.401,207.7,245.3,6.9,89.2,12.4,-0.1,,,,,,122.0,,,582.0,,,45.0,,,,,,,,,,,0.0,,0.0,,1.0,,,,,,,,,,,,,,,,,,,,,,,,,,,0.0,3.609,0.0,,,,,,,,,,,,,,,,,media/68C40002-11EB-406E-A680-D58E50F8278C.jpg
7809950627,"Sep 14, 2022, 10:05:48 PM",Sightsee x shop x couldn’t find boba in mall ATL,Run,Rip,6940,12.19,,,false,,,activities/8343078617.fit.gz,,,6940.0,4911.0,12193.3,7.906,2.483,133.6,140.8,268.1,313.2,40.6,-0.1,,,,,,,,,696.0,,,,,,,,,,,,,,0.0,,0.0,,1.0,12476.4,,,,,,,,,,,,,,,,,,,,,,,,,,2.0,1.757,24.1,,,,,,,,,,,,,,,,,media/F077EEF0-F869-48CC-8116-3DBC2AA7FD7E.jpg|media/749BE448-CAD3-41A6-9F79-798082F757C1.jpg
7818738700,"Sep 16, 2022, 2:47:13 PM",Ride for yes on j prop ad jfk,Ride,"",14508,35.83,171.0,45,false,,1996 Cannondale M200 SE,activities/8352936923.fit.gz,,11.793,14508.0,9109.0,35836.6,10.852,3.934,243.0,280.6,7.1,91.1,10.8,-0.1,,,,,,113.0,,,601.0,,,45.0,,,,,,,,,,,0.0,,0.0,,1.0,,,,,,,,,,,,,,,,11490857.0,,,,,,,,,,,0.0,2.47,0.0,,,,,,,,,,,,,,,,,""
7825041735,"Sep 17, 2022, 9:03:38 PM",8.5 dubs ,Workout,"",6532,0,176.0,96,false,,,activities/8360060965.fit.gz,,,6532.0,6532.0,0.0,0.0,0.0,0.0,,,,0.0,0.0,,,,,,138.0,,,640.0,,,96.0,,,,,,,,,,,0.0,,0.0,,1.0,,,,,,,,,,,,,,,,,,,,,,,,,,,0.0,0.0,0.0,,,,,,,,,,,,,,,,,""
7830413072,"Sep 18, 2022, 6:58:38 PM",Bike 2 cole valley brunch ,Ride,"",1770,5.89,177.0,13,false,,1996 Cannondale M200 SE,activities/8366162346.fit.gz,,11.793,1770.0,1619.0,5894.4,14.046,3.641,80.9,80.9,21.5,92.6,14.6,0.2,,,,,,130.0,,,143.0,,,13.0,,,,,,,,,,,0.0,,0.0,,1.0,,,,,,,,,,,,,,,,11490857.0,,,,,,,,,,,0.0,3.33,0.0,,,,,,,,,,,,,,,,,""
7830614632,"Sep 18, 2022, 9:36:46 PM",Post-brunch ride ,Ride,"",1344,5.47,171.0,10,false,,1996 Cannondale M200 SE,activities/8366399315.fit.gz,,11.793,1344.0,1299.0,5473.3,8.394,4.213,45.8,83.6,19.3,92.4,8.1,-0.7,,,,,,132.0,,,111.0,,,10.0,,,,,,,,,,,0.0,,0.0,,1.0,,,,,,,,,,,,,,,,11490857.0,,,,,,,,,,,0.0,4.072,0.0,,,,,,,,,,,,,,,,,""
7836330984,"Sep 20, 2022, 1:36:11 AM",9.5 dubs lfg 3 sets vs Olympic club,Workout,"",8950,0,189.0,154,false,,,activities/8372859837.fit.gz,,,8950.0,8950.0,0.0,0.0,0.0,0.0,,,,0.0,0.0,,,,,,144.0,,,1079.0,,,154.0,,,,,,,,,,,0.0,,0.0,,1.0,,,,,,,,,,,,,,,,,,,,,,,,,,,0.0,0.0,0.0,,,,,,,,,,,,,,,,,""
7850465271,"Sep 22, 2022, 3:16:39 PM",Pre-matt hq ,Ride,"",7486,28.39,174.0,48,false,,1996 Cannondale M200 SE,activities/8388671411.fit.gz,,11.793,7486.0,6209.0,28398.6,15.316,4.574,178.4,256.3,6.4,91.7,14.9,-0.3,,,,,,123.0,,,518.0,,,48.0,,,,,,,,,,,0.0,,0.0,,1.0,,,,,,,,,,,,,,,,11490857.0,,,,,,,,,,,0.0,3.794,0.0,,,,,,,,,,,,,,,,,""
7852079112,"Sep 22, 2022, 11:52:05 PM",Long way home ish ride into Sam ,Ride,"Sam: are you ok? You don’t look good
Me: the Polk hill was worse than I thought ok",2740,8.69,186.0,29,false,,1996 Cannondale M200 SE,activities/8390470513.fit.gz,,11.793,2740.0,2174.0,8692.6,17.4,3.998,65.7,25.8,3.5,59.2,13.3,0.5,,,,,,138.0,,,174.0,,,29.0,,,,,,,,,,,0.0,,0.0,,1.0,,,,,,,,,,,,,,,,11490857.0,,,,,,,,,,,0.0,3.172,0.0,,,,,,,,,,,,,,,,,""
7867909637,"Sep 26, 2022, 12:09:42 AM",Cycling is making me weak 😠😤,Run,"",2189,5.62,,,false,,,activities/8408467334.fit.gz,,,2189.0,2186.0,5619.8,3.912,2.571,81.4,81.7,18.4,69.5,11.8,0.0,,,,,,,,,346.0,,,,,,,,,,,,,,0.0,,0.0,,1.0,5763.5,,,,,,,,,,,,,,,,,,,,,,,,,,0.0,2.567,0.0,,,,,,,,,,,,,,,,,""
7867910287,"Sep 24, 2022, 6:09:55 PM",Mixed dubs Sarah in town ,Workout,"",3464,0,148.0,11,false,,,activities/8408468111.fit.gz,,,3464.0,3464.0,0.0,0.0,0.0,0.0,,,,0.0,0.0,,,,,,108.0,,,268.0,,,11.0,,,,,,,,,,,0.0,,0.0,,1.0,,,,,,,,,,,,,,,,,,,,,,,,,,,0.0,0.0,0.0,,,,,,,,,,,,,,,,,""
7878094174,"Sep 28, 2022, 12:55:09 AM",Quick dubs practice ,Workout,"",4029,0,175.0,87,false,,,activities/8419886259.fit.gz,,,4029.0,4029.0,0.0,0.0,0.0,0.0,,,,0.0,0.0,,,,,,148.0,,,472.0,,,87.0,,,,,,,,,,,0.0,,0.0,,1.0,,,,,,,,,,,,,,,,,,,,,,,,,,,0.0,0.0,0.0,,,,,,,,,,,,,,,,,""
7882663635,"Sep 28, 2022, 11:57:40 PM",Afternoon Ride,Ride,,1029,2.78,170.0,8,false,,1996 Cannondale M200 SE,activities/8424974819.fit.gz,,11.793,1029.0,981.0,2781.2,10.082,2.835,53.8,-1.7,13.8,69.3,10.7,2.0,,,,,,131.0,,,61.0,,,8.0,,,,,,,,,,,,,0.0,,1.0,,,,,,,,,,,,,,,,11490857.0,,,,,,,,,,,0.0,2.703,0.0,,,,,,,,,,,,,,,,,""
7882663734,"Sep 28, 2022, 5:04:45 PM",Morning Ride,Ride,,1206,3.77,135.0,3,false,,1996 Cannondale M200 SE,activities/8424974916.fit.gz,,11.793,1206.0,1143.0,3772.1,6.826,3.3,0.0,0.0,12.0,76.8,3.1,-1.7,,,,,,108.0,,,66.0,,,3.0,,,,,,,,,,,,,0.0,,1.0,,,,,,,,,,,,,,,,11490857.0,,,,,,,,,,,0.0,3.128,0.0,,,,,,,,,,,,,,,,,""
7883172943,"Sep 29, 2022, 1:17:51 AM",8.5 dubs with warmup ,Workout,"",9667,0,189.0,184,false,,,activities/8425546764.fit.gz,,,9667.0,9667.0,0.0,0.0,0.0,0.0,,,,0.0,0.0,,,,,,139.0,,,953.0,,,184.0,,,,,,,,,,,0.0,,0.0,,1.0,,,,,,,,,,,,,,,,,,,,,,,,,,,0.0,0.0,0.0,,,,,,,,,,,,,,,,,""
7886050116,"Sep 29, 2022, 5:11:41 PM",Morning Ride,Ride,,602,2.70,130.0,1,false,,1996 Cannondale M200 SE,activities/8428782578.fit.gz,,11.793,602.0,579.0,2705.5,10.572,4.673,0.0,39.7,13.8,53.5,2.8,-1.5,,,,,,107.0,,,38.0,,,1.0,,,,,,,,,,,,,0.0,,1.0,,,,,,,,,,,,,,,,11490857.0,,,,,,,,,,,0.0,4.494,0.0,,,,,,,,,,,,,,,,,""
7887758516,"Sep 29, 2022, 6:37:48 PM",Ride to lunch + grocery shop with Diane my love,Ride,"",656,2.43,146.0,2,false,,1996 Cannondale M200 SE,activities/8430680904.fit.gz,,11.793,656.0,656.0,2432.1,8.57,3.707,0.0,9.7,4.1,13.8,1.7,-0.4,,,,,,120.0,,,43.0,,,2.0,,,,,,,,,,,0.0,,0.0,,1.0,,,,,,,,,,,,,,,,11490857.0,,,,,,,,,,,0.0,3.707,0.0,,,,,,,,,,,,,,,,,""
7887758567,"Sep 29, 2022, 8:37:09 PM",Afternoon Ride,Ride,,775,3.16,154.0,5,false,,1996 Cannondale M200 SE,activities/8430680967.fit.gz,,11.793,775.0,759.0,3164.9,15.1,4.17,12.9,3.5,4.5,14.8,5.9,0.3,,,,,,129.0,,,43.0,,,5.0,,,,,,,,,,,,,0.0,,1.0,,,,,,,,,,,,,,,,11490857.0,,,,,,,,,,,0.0,4.084,0.0,,,,,,,,,,,,,,,,,""
7887758596,"Sep 30, 2022, 1:04:45 AM",Evening Ride,Ride,,863,2.38,159.0,4,false,,1996 Cannondale M200 SE,activities/8430681010.fit.gz,,11.793,863.0,809.0,2382.6,8.806,2.945,39.2,-0.7,13.7,53.6,9.1,1.7,,,,,,116.0,,,39.0,,,4.0,,,,,,,,,,,,,0.0,,1.0,,,,,,,,,,,,,,,,11490857.0,,,,,,,,,,,0.0,2.761,0.0,,,,,,,,,,,,,,,,,""
7891046294,"Sep 30, 2022, 5:09:32 PM",Morning Ride,Ride,Too many morning meetings,6157,15.73,176.0,26,false,,1996 Cannondale M200 SE,activities/8434393187.fit.gz,,11.793,6157.0,3774.0,15729.7,14.856,4.168,135.5,139.2,19.3,79.0,31.2,0.0,,,,,,123.0,,,281.0,,,26.0,,,,,,,,,,,0.0,,0.0,,1.0,,,,,,,,,,,,,,,,11490857.0,,,,,,,,,,,0.0,2.555,0.0,,,,,,,,,,,,,,,,,media/3580BA8B-5B00-4487-917D-AA62745529CE.jpg
7903227054,"Oct 3, 2022, 1:39:04 AM",James singles pre-lifting 🎾🎾,Workout,"",4405,0,178.0,127,false,,,activities/8448227060.fit.gz,,,4405.0,4405.0,0.0,0.0,0.0,0.0,,,,0.0,0.0,,,,,,156.0,,,579.0,,,127.0,,,,,,,,,,,0.0,,0.0,,1.0,,,,,,,,,,,,,,,,,,,,,,,,,,,0.0,0.0,0.0,,,,,,,,,,,,,,,,,""
7908002087,"Oct 4, 2022, 1:12:09 AM",Tri-level dubs practice -> samwell singles 🎾,Workout,"",6795,0,165.0,51,false,,,activities/8453574985.fit.gz,,,6795.0,6795.0,0.0,0.0,0.0,0.0,,,,0.0,0.0,,,,,,128.0,,,691.0,,,51.0,,,,,,,,,,,0.0,,0.0,,1.0,,,,,,,,,,,,,,,,,,,,,,,,,,,0.0,0.0,0.0,,,,,,,,,,,,,,,,,""
7921859828,"Oct 6, 2022, 5:31:01 PM",Morning Ride,Ride,,1356,5.88,174.0,16,false,,1996 Cannondale M200 SE,activities/8469078547.fit.gz,,11.793,1356.0,1215.0,5882.2,10.506,4.841,12.5,12.5,3.6,96.2,5.0,-1.6,,,,,,134.0,,,101.0,,,16.0,,,,,,,,,,,,,0.0,,1.0,,,,,,,,,,,,,,,,11490857.0,,,,,,,,,,,0.0,4.338,0.0,,,,,,,,,,,,,,,,,""
7923128464,"Oct 6, 2022, 10:09:07 PM",Afternoon Ride,Ride,,4084,13.71,191.0,59,false,,1996 Cannondale M200 SE,activities/8470545440.fit.gz,,11.793,4084.0,3254.0,13718.1,8.52,4.216,82.2,32.1,3.3,59.2,12.4,0.4,,,,,,144.0,,,274.0,,,59.0,,,,,,,,,,,,,0.0,,1.0,,,,,,,,,,,,,,,,11490857.0,,,,,,,,,,,0.0,3.359,0.0,,,,,,,,,,,,,,,,,""
7932506107,"Oct 8, 2022, 6:36:25 PM",Ride to ggp cheer on team ,Ride,"",2209,7.91,183.0,27,false,,1996 Cannondale M200 SE,activities/8481168449.fit.gz,,11.793,2209.0,1909.0,7910.3,14.546,4.144,67.2,67.2,21.4,93.5,45.0,-0.2,,,,,,135.0,,,146.0,,,27.0,,,,,,,,,,,0.0,,0.0,,1.0,,,,,,,,,,,,,,,,11490857.0,,,,,,,,,,,0.0,3.581,0.0,,,,,,,,,,,,,,,,,""
7933363491,"Oct 8, 2022, 10:35:49 PM",Tennis to chill ride to beach with Soumi and jen to zoom back ,Ride,"",8359,16.83,178.0,32,false,,1996 Cannondale M200 SE,activities/8482159725.fit.gz,,11.793,8359.0,4374.0,16830.7,9.64,3.848,142.5,163.9,7.0,79.0,9.4,-0.1,,,,,,113.0,,,324.0,,,32.0,,,,,,,,,,,0.0,,0.0,,1.0,,,,,,,,,,,,,,,,11490857.0,,,,,,,,,,,0.0,2.013,981.8,,,,,,,,,,,,,,,,,""
7939377137,"Oct 10, 2022, 12:21:25 AM",Jen singles practice ,Workout,"",5294,0,171.0,39,false,,,activities/8489053160.fit.gz,,,5294.0,5294.0,0.0,0.0,0.0,0.0,,,,0.0,0.0,,,,,,117.0,,,515.0,,,39.0,,,,,,,,,,,0.0,,0.0,,1.0,,,,,,,,,,,,,,,,,,,,,,,,,,,0.0,0.0,0.0,,,,,,,,,,,,,,,,,""
7949495416,"Oct 12, 2022, 12:22:29 AM",Afternoon Ride,Ride,,895,2.63,178.0,10,false,,1996 Cannondale M200 SE,activities/8500416247.fit.gz,,11.793,895.0,845.0,2632.3,9.154,3.115,53.2,-0.9,14.0,68.1,11.2,2.1,,,,,,138.0,,,55.0,,,10.0,,,,,,,,,,,,,0.0,,1.0,,,,,,,,,,,,,,,,11490857.0,,,,,,,,,,,0.0,2.941,0.0,,,,,,,,,,,,,,,,,""
7949495478,"Oct 11, 2022, 5:27:32 PM",Morning Ride,Ride,,740,2.91,123.0,1,false,,1996 Cannondale M200 SE,activities/8500416300.fit.gz,,11.793,740.0,719.0,2912.9,10.322,4.051,0.0,0.0,13.8,94.3,1.4,-2.8,,,,,,99.0,,,40.0,,,1.0,,,,,,,,,,,,,0.0,,1.0,,,,,,,,,,,,,,,,11490857.0,,,,,,,,,,,0.0,3.936,0.0,,,,,,,,,,,,,,,,,""
7949867974,"Oct 12, 2022, 2:09:11 AM",Gateway dubs practice ,Workout,"",7089,0,167.0,45,false,,,activities/8500835963.fit.gz,,,7089.0,7089.0,0.0,0.0,0.0,0.0,,,,0.0,0.0,,,,,,126.0,,,678.0,,,45.0,,,,,,,,,,,0.0,,0.0,,1.0,,,,,,,,,,,,,,,,,,,,,,,,,,,0.0,0.0,0.0,,,,,,,,,,,,,,,,,""
7955055467,"Oct 13, 2022, 1:39:47 AM",Oly club 8.5 dubs ,Workout,"",3804,0,177.0,63,false,,,activities/8506682127.fit.gz,,,3804.0,3804.0,0.0,0.0,0.0,0.0,,,,0.0,0.0,,,,,,146.0,,,441.0,,,63.0,,,,,,,,,,,0.0,,0.0,,1.0,,,,,,,,,,,,,,,,,,,,,,,,,,,0.0,0.0,0.0,,,,,,,,,,,,,,,,,""
7962439387,"Oct 14, 2022, 2:06:50 PM",Morning Ride,Ride,,4992,14.92,170.0,24,false,,1996 Cannondale M200 SE,activities/8515010290.fit.gz,,11.793,4992.0,3570.0,14927.8,10.452,4.181,80.5,80.5,7.5,96.1,39.1,-0.6,,,,,,124.0,,,266.0,,,24.0,,,,,,,,,,,,,0.0,,1.0,,,,,,,,,,,,,,,,11490857.0,,,,,,,,,,,0.0,2.99,0.0,,,,,,,,,,,,,,,,,""
7963627928,"Oct 14, 2022, 10:25:17 PM",Afternoon Ride,Ride,,798,2.46,164.0,11,false,,1996 Cannondale M200 SE,activities/8516350473.fit.gz,,11.793,798.0,798.0,2464.4,7.386,3.088,44.5,-1.0,13.8,59.3,7.8,1.8,,,,,,141.0,,,52.0,,,11.0,,,,,,,,,,,,,0.0,,1.0,,,,,,,,,,,,,,,,11490857.0,,,,,,,,,,,0.0,3.088,0.0,,,,,,,,,,,,,,,,,""
7968219054,"Oct 15, 2022, 5:47:37 PM",Morning Canvass for yes on J and Yes on D,Walk,"",3338,2.70,109.0,5,false,,,activities/8521508570.fit.gz,,,3338.0,2600.0,2705.9,2.523,1.041,15.7,55.3,52.9,92.5,11.9,-1.5,,,,,,91.0,,,137.0,,,5.0,,,,,,,,,,,0.0,,0.0,,1.0,,,,,,,,,,,,,,,,,,,,,,,,,,,0.0,0.811,0.0,,,,,,,,,,,,,,,,,""
7969639683,"Oct 16, 2022, 1:46:36 AM",Evening Run,Run,,557,0.84,171.0,11,false,,,activities/8523142049.fit.gz,,,557.0,557.0,848.3,13.843,1.523,0.0,,,,0.0,0.0,,,,,,140.0,,,55.0,,,11.0,,,,,,,,,,,,,0.0,,1.0,,,,,,,,,,,,,,,,,,,,,,,,,,,0.0,1.523,0.0,,,,,,,,,,,,,,,,,""
7975120554,"Oct 16, 2022, 10:50:33 PM",Post-tennis ride ,Ride,"",1378,5.71,182.0,26,false,,1996 Cannondale M200 SE,activities/8530345190.fit.gz,,11.793,1378.0,1309.0,5715.2,9.276,4.366,51.4,66.8,19.3,79.0,13.3,-0.3,,,,,,145.0,,,128.0,,,26.0,,,,,,,,,,,0.0,,0.0,,1.0,,,,,,,,,,,,,,,,11490857.0,,,,,,,,,,,0.0,4.147,0.0,,,,,,,,,,,,,,,,,""
7975120576,"Oct 16, 2022, 9:18:07 PM",9.5 practice ,Workout,"",3302,0,179.0,43,false,,,activities/8530345226.fit.gz,,,3302.0,3302.0,0.0,0.0,0.0,0.0,,,,0.0,0.0,,,,,,137.0,,,344.0,,,43.0,,,,,,,,,,,0.0,,0.0,,1.0,,,,,,,,,,,,,,,,,,,,,,,,,,,0.0,0.0,0.0,,,,,,,,,,,,,,,,,""
7975120627,"Oct 16, 2022, 7:02:27 PM",First ride to tennis! ,Ride,Kpsf,1786,5.95,175.0,27,false,,1996 Cannondale M200 SE,activities/8530345280.fit.gz,,11.793,1786.0,1402.0,5950.1,9.108,4.244,67.7,67.7,21.4,88.1,11.5,-0.2,,,,,,142.0,,,122.0,,,27.0,,,,,,,,,,,0.0,,0.0,,1.0,,,,,,,,,,,,,,,,11490857.0,,,,,,,,,,,0.0,3.332,0.0,,,,,,,,,,,,,,,,,""
7980214933,"Oct 18, 2022, 1:41:47 AM",Tri-level dubs practice ,Workout,"",6807,0,171.0,51,false,,,activities/8536154078.fit.gz,,,6807.0,6807.0,0.0,0.0,0.0,0.0,,,,0.0,0.0,,,,,,129.0,,,649.0,,,51.0,,,,,,,,,,,0.0,,0.0,,1.0,,,,,,,,,,,,,,,,,,,,,,,,,,,0.0,0.0,0.0,,,,,,,,,,,,,,,,,""
7999268052,"Oct 21, 2022, 11:20:19 PM",Tri-level 🎾,Workout,"",5881,0,180.0,153,false,,,activities/8557571627.fit.gz,,,5881.0,5881.0,0.0,0.0,0.0,0.0,,,,0.0,0.0,,,,,,154.0,,,755.0,,,153.0,,,,,,,,,,,0.0,,0.0,,1.0,,,,,,,,,,,,,,,,,,,,,,,,,,,0.0,0.0,0.0,,,,,,,,,,,,,,,,,""
7999268186,"Oct 21, 2022, 5:26:27 PM",Tri-level 🎾,Workout,"",10518,0,198.0,212,false,,,activities/8557571732.fit.gz,,,10518.0,10518.0,0.0,0.0,0.0,0.0,,,,0.0,0.0,,,,,,149.0,,,1050.0,,,212.0,,,,,,,,,,,0.0,,0.0,,1.0,,,,,,,,,,,,,,,,,,,,,,,,,,,0.0,0.0,0.0,,,,,,,,,,,,,,,,,""
8014539338,"Oct 24, 2022, 10:28:43 PM",Afternoon Walk,Walk,,2078,2.76,91.0,3,false,,,activities/8575012005.fit.gz,,,2078.0,2018.0,2767.9,3.799,1.372,53.2,30.7,14.9,59.4,13.4,0.8,,,,,,83.0,,,133.0,,,3.0,,,,,,,,,,,,,0.0,,1.0,,,,,,,,,,,,,,,,,,,,,,,,,,,0.0,1.332,0.0,,,,,,,,,,,,,,,,,""
8014539503,"Oct 24, 2022, 3:22:25 AM",Evening Run,Run,,429,0.84,,,false,,,activities/8575012191.fit.gz,,,429.0,386.0,845.2,5.736,2.19,5.0,15.5,26.1,43.5,18.3,-1.2,,,,,,,,,44.0,,,,,,,,,,,,,,,,0.0,,1.0,837.7,,,,,,,,,,,,,,,,,,,,,,,,,,0.0,1.97,0.0,,,,,,,,,,,,,,,,,""
8020115339,"Oct 25, 2022, 10:40:22 PM",CRV Pickleball ,Workout,"",4756,0,158.0,17,false,,,activities/8581273174.fit.gz,,,4756.0,4756.0,0.0,0.0,0.0,0.0,,,,0.0,0.0,,,,,,112.0,,,387.0,,,17.0,,,,,,,,,,,0.0,,0.0,,1.0,,,,,,,,,,,,,,,,,,,,,,,,,,,0.0,0.0,0.0,,,,,,,,,,,,,,,,,""
8025456613,"Oct 27, 2022, 1:39:47 AM",3 sets 8.5 dubs ,Workout,"",9391,0,155.0,40,false,,,activities/8587299899.fit.gz,,,9391.0,9391.0,0.0,0.0,0.0,0.0,,,,0.0,0.0,,,,,,118.0,,,850.0,,,40.0,,,,,,,,,,,0.0,,0.0,,1.0,,,,,,,,,,,,,,,,,,,,,,,,,,,0.0,0.0,0.0,,,,,,,,,,,,,,,,,""
8034252157,"Oct 28, 2022, 11:15:17 PM",Afternoon Swim,Swim,,1147,483,151.0,8,false,,,activities/8597248392.fit.gz,,,1147.0,1147.0,482.8,2.012,0.421,0.0,,,,0.0,0.0,,,,,,121.0,,,121.0,,,8.0,,,,,,,,,,,,,0.0,,1.0,,,,,,,,,,,,,,,,,,,,,,,,,,,0.0,0.421,0.0,,,,,,,,,,,,,,,,,""
8034252160,"Oct 27, 2022, 11:47:19 PM",Afternoon Walk,Walk,,2584,3.35,80.0,3,false,,,activities/8597248305.fit.gz,,,2584.0,2379.0,3356.4,2.842,1.411,17.5,3.7,4.3,19.1,4.8,0.4,,,,,,80.0,,,142.0,,,3.0,,,,,,,,,,,,,0.0,,1.0,,,,,,,,,,,,,,,,,,,,,,,,,,,0.0,1.299,226.4,,,,,,,,,,,,,,,,,""
8039879610,"Oct 29, 2022, 10:37:54 PM",Afternoon Walk,Walk,,2419,2.76,89.0,3,false,,,activities/8603653858.fit.gz,,,2419.0,1832.0,2759.7,3.136,1.506,10.4,10.4,14.2,95.0,8.0,-2.9,,,,,,87.0,,,127.0,,,3.0,,,,,,,,,,,,,0.0,,1.0,,,,,,,,,,,,,,,,,,,,,,,,,,,0.0,1.141,0.0,,,,,,,,,,,,,,,,,""
8039879644,"Oct 30, 2022, 12:19:30 AM",9.0 vs 9.5 dubs ,Workout,Kept them in the bakery,6466,0,169.0,73,false,,,activities/8603653923.fit.gz,,,6466.0,6466.0,0.0,0.0,0.0,0.0,,,,0.0,0.0,,,,,,134.0,,,654.0,,,73.0,,,,,,,,,,,0.0,,0.0,,1.0,,,,,,,,,,,,,,,,,,,,,,,,,,,0.0,0.0,0.0,,,,,,,,,,,,,,,,,""
8045721139,"Oct 31, 2022, 12:14:52 AM",Swim,Workout,"",1071,0,173.0,9,false,,,activities/8610427461.fit.gz,,,1071.0,1071.0,0.0,0.0,0.0,0.0,,,,0.0,0.0,,,,,,131.0,,,109.0,,,9.0,,,,,,,,,,,0.0,,0.0,,1.0,,,,,,,,,,,,,,,,,,,,,,,,,,,0.0,0.0,0.0,,,,,,,,,,,,,,,,,""
8045721162,"Oct 30, 2022, 9:40:22 PM",Afternoon Walk,Walk,,4229,5.92,121.0,9,false,,,activities/8610427446.fit.gz,,,4229.0,4060.0,5927.2,3.789,1.46,104.4,104.4,45.5,105.8,21.3,-0.3,,,,,,93.0,,,287.0,,,9.0,,,,,,,,,,,,,0.0,,1.0,,,,,,,,,,,,,,,,,,,,,,,,,,,0.0,1.402,0.0,,,,,,,,,,,,,,,,,""
8050437773,"Nov 1, 2022, 1:42:02 AM",Tyler tennis + beer ,Workout,"",5690,0,159.0,39,false,,,activities/8615814087.fit.gz,,,5690.0,5690.0,0.0,0.0,0.0,0.0,,,,0.0,0.0,,,,,,119.0,,,451.0,,,39.0,,,,,,,,,,,0.0,,0.0,,1.0,,,,,,,,,,,,,,,,,,,,,,,,,,,0.0,0.0,0.0,,,,,,,,,,,,,,,,,""
8055691481,"Nov 1, 2022, 11:36:23 PM",Run to Shubha no canvass ,Run,"",11076,3.44,,,false,,,activities/8055691481.gpx,,,11076.0,1401.0,3446.5,11.72,2.46,80.9,81.1,40.5,96.2,35.0,0.2,,,,,,,,,,,,,,,,,,,,,,,0.0,,0.0,,1.0,3582.7,,,,,,,,,,,,,,,,,,,,,,,,,,0.0,0.311,0.0,,,,,,,,,,,,,,,,,""
8060932301,"Nov 3, 2022, 1:29:28 AM",Walk/run to tennis run into bilal! ,Walk,"",1573,2.80,,,false,,,activities/8627650158.fit.gz,,,1573.0,1538.0,2807.0,4.428,1.825,2.9,12.3,4.0,14.8,2.2,-0.3,,,,,,,,,147.0,,,,,,,,,,,,,,0.0,,0.0,,1.0,,,,,,,,,,,,,,,,,,,,,,,,,,,0.0,1.784,204.3,,,,,,,,,,,,,,,,,""
8060932515,"Nov 3, 2022, 2:12:50 AM",Ladies dubs ,Workout,"",5392,0,168.0,34,false,,,activities/8627650358.fit.gz,,,5392.0,5392.0,0.0,0.0,0.0,0.0,,,,0.0,0.0,,,,,,123.0,,,544.0,,,34.0,,,,,,,,,,,0.0,,0.0,,1.0,,,,,,,,,,,,,,,,,,,,,,,,,,,0.0,0.0,0.0,,,,,,,,,,,,,,,,,""
8068355406,"Nov 4, 2022, 2:30:29 PM",Morning Ride GOTV,Ride,"",2289,6.90,150.0,8,false,,1996 Cannondale M200 SE,activities/8636011327.fit.gz,,11.793,2289.0,1923.0,6901.4,10.854,3.589,60.8,60.8,17.5,95.8,27.7,-0.8,,,,,,117.0,,,159.0,,,8.0,,,,,,,,,,,0.0,,0.0,,1.0,,,,,,,,,,,,,,,,11490857.0,,,,,,,,,,,0.0,3.015,138.3,,,,,,,,,,,,,,,,,""
8068355432,"Nov 4, 2022, 4:29:14 PM",Morning Ride,Ride,,562,2.12,,,false,,1996 Cannondale M200 SE,activities/8636011373.fit.gz,,11.793,562.0,562.0,2120.6,9.454,3.773,6.1,23.5,13.8,36.9,5.8,-0.8,,,,,,,,,34.0,,,,,,,,,,,,,,,,0.0,,1.0,,,,,,,,,,,,,,,,11490857.0,,,,,,,,,,,0.0,3.773,0.0,,,,,,,,,,,,,,,,,""
8069601372,"Nov 4, 2022, 9:43:17 PM",Afternoon Ride,Ride,,1783,6.50,158.0,13,false,,1996 Cannondale M200 SE,activities/8637430568.fit.gz,,11.793,1783.0,1618.0,6506.7,12.052,4.021,21.7,22.0,4.0,17.5,4.5,0.0,,,,,,132.0,,,118.0,,,13.0,,,,,,,,,,,,,0.0,,1.0,,,,,,,,,,,,,,,,11490857.0,,,,,,,,,,,0.0,3.649,0.0,,,,,,,,,,,,,,,,,""
8069601383,"Nov 5, 2022, 1:17:13 AM",Evening Ride,Ride,,847,2.80,189.0,19,false,,1996 Cannondale M200 SE,activities/8637430599.fit.gz,,11.793,847.0,758.0,2800.1,9.702,3.694,38.7,0.2,13.0,52.2,9.4,1.4,,,,,,152.0,,,48.0,,,19.0,,,,,,,,,,,,,0.0,,1.0,,,,,,,,,,,,,,,,11490857.0,,,,,,,,,,,0.0,3.306,0.0,,,,,,,,,,,,,,,,,""
8073921641,"Nov 5, 2022, 5:27:12 PM",Ride to jfk rally,Ride,With tennis rackets but it was canceled lah,9019,16.08,172.0,36,false,,1996 Cannondale M200 SE,activities/8642328382.fit.gz,,11.793,9019.0,4126.0,16085.0,12.56,3.898,131.5,131.5,19.1,96.1,12.9,-0.2,,,,,,125.0,,,303.0,,,36.0,,,,,,,,,,,0.0,,0.0,,1.0,,,,,,,,,,,,,,,,11490857.0,,,,,,,,,,,0.0,1.783,0.0,,,,,,,,,,,,,,,,,""
8089867382,"Nov 8, 2022, 11:09:59 PM",Election day visibility with kevin! ,Walk,"",5747,6.46,90.0,8,false,,,activities/8660424803.fit.gz,,,5747.0,5061.0,6463.0,2.692,1.277,14.1,6.2,3.3,14.8,7.1,0.1,,,,,,83.0,,,347.0,,,8.0,,,,,,,,,,,0.0,,0.0,,1.0,,,,,,,,,,,,,,,,,,,,,,,,,,,0.0,1.125,236.3,,,,,,,,,,,,,,,,,media/8A71CDF8-6910-4136-B06D-A068B0ADCBC3.jpg
8094773707,"Nov 10, 2022, 12:14:30 AM",Run to promenade pre-call ,Run,,2615,6.80,,,false,,,activities/8094773707.gpx,,,2615.0,2577.0,6805.2,7.04,2.641,80.4,80.4,45.5,89.9,19.7,-0.2,,,,,,,,,,,,,,,,,,,,,,,,,0.0,,1.0,6939.4,,,,,,,,,,,,,,,,,,,,,,,,,,0.0,2.602,0.0,,,,,,,,,,,,,,,,,""
8095010411,"Nov 10, 2022, 1:59:14 AM",Night run back from jfk post-call/music,Run,,2856,6.39,,,false,,,activities/8095010411.gpx,,,2856.0,2775.0,6397.3,5.914,2.305,102.1,102.1,44.6,95.9,16.1,0.3,,,,,,,,,,,,,,,,,,,,,,,,,0.0,,1.0,6692.3,,,,,,,,,,,,,,,,,,,,,,,,,,0.0,2.24,0.0,,,,,,,,,,,,,,,,,media/514E686A-1C8A-432B-B83C-20BD64F647D4.jpg
8102671149,"Nov 11, 2022, 3:16:26 PM",Bike bus,Ride,"",4502,13.36,183.0,54,false,,1996 Cannondale M200 SE,activities/8674796621.fit.gz,,11.793,4502.0,4087.0,13368.6,9.202,3.271,129.0,129.0,12.2,95.9,12.5,-0.3,,,,,,134.0,,,247.0,,,54.0,,,,,,,,,,,0.0,,0.0,,1.0,,,,,,,,,,,,,,,,11490857.0,,,,,,,,,,,0.0,2.969,0.0,,,,,,,,,,,,,,,,,media/4F02EB8C-09BC-4C2F-873B-50440F6C0FC4.mp4
8102671198,"Nov 11, 2022, 5:04:18 PM",Morning Weight Training,Weight Training,,966,0,162.0,5,false,,,activities/8674796738.fit.gz,,,966.0,966.0,0.0,0.0,0.0,0.0,,,,0.0,0.0,,,,,,125.0,,,94.0,,,5.0,,,,,,,,,,,,,0.0,,1.0,,,,,,,,,,,,,,,,,,,,,,,,,,,0.0,0.0,0.0,,,,,,,,,,,,,,,,,""
8113561298,"Nov 13, 2022, 3:15:32 PM",Monterey half marathon hi Kimee!!,Run,"",7710,21.13,165.0,277,false,,,activities/8687246711.fit.gz,,,7710.0,7645.0,21135.6,5.106,2.765,101.7,99.1,2.4,32.6,14.3,0.0,,,,,,165.0,,,1221.0,,,277.0,,,,,,,,,,,0.0,,0.0,,1.0,21287.2,,,,,,,,,,,,,,,,,,,,,,,,,,0.0,2.741,218.7,,,,,,,,,,,,,,,,,media/39E96394-42E7-4CA3-AA29-5B3E99E93A3E.jpg
8136293799,"Nov 18, 2022, 5:28:19 PM",Evening Walk,Walk,,4063,3.34,,,false,,,activities/8712919494.fit.gz,,,4063.0,2211.0,3340.7,7.666,1.511,14.6,12.6,197.1,206.5,15.3,0.1,,,,,,,,,162.0,,,,,,,,,,,,,,,,0.0,,1.0,,,,,,,,,,,,,,,,,,,,,,,,,,,0.0,0.822,603.0,,,,,,,,,,,,,,,,,""
8136295349,"Nov 18, 2022, 7:35:32 AM",Morning Walk,Walk,,8973,4.31,83.0,6,false,,,activities/8712921156.fit.gz,,,8973.0,4478.0,4315.8,4.074,0.964,26.3,25.0,194.5,205.2,49.1,0.0,,,,,,74.0,,,271.0,,,6.0,,,,,,,,,,,,,0.0,,1.0,,,,,,,,,,,,,,,,,,,,,,,,,,,0.0,0.481,323.8,,,,,,,,,,,,,,,,,""
8149341584,"Nov 21, 2022, 3:18:46 PM",Afternoon Walk,Walk,,3510,4.77,,,false,,,activities/8727836299.fit.gz,,,3510.0,3285.0,4775.0,4.158,1.454,7.6,11.8,103.2,113.4,18.2,-0.1,,,,,,,,,224.0,,,,,,,,,,,,,,,,0.0,,1.0,,,,,,,,,,,,,,,,,,,,,,,,,,,0.0,1.36,0.0,,,,,,,,,,,,,,,,,""
8158517591,"Nov 23, 2022, 4:49:34 PM",Austria Run,Run,Urbanism !! Socialist policies!,2734,6.98,,,false,,,activities/8738089983.fit.gz,,,2734.0,2661.0,6986.0,4.76,2.625,42.6,43.4,160.7,172.7,34.9,0.0,,,,,,,,,400.0,,,,,,,,,,,,,,0.0,,0.0,,1.0,7170.2,,,,,,,,,,,,,,,,,,,,,,,,,,0.0,2.555,87.6,,,,,,,,,,,,,,,,,media/540C31FC-6438-47C1-8E58-3CD7C7A182C7.jpg
8162843782,"Nov 24, 2022, 4:15:55 PM","Run on boat track, incorrect timing",Run,"Cruise track, gps says I was running along the River lol",1571,5.47,,,false,,,activities/8742936644.fit.gz,,,1571.0,1241.0,5469.1,8.154,4.407,0.0,-0.1,226.2,226.7,1.4,0.0,,,,,,,,,285.0,,,,,,,,,,,,,,0.0,,0.0,,1.0,5469.9,,,,,,,,,,,,,,,,,,,,,,,,,,0.0,3.481,0.0,,,,,,,,,,,,,,,,,""
8185391935,"Nov 29, 2022, 12:54:58 PM",Walk up to Fortress,Walk,"",5564,5.19,89.0,7,false,,,activities/8768408649.fit.gz,,,5564.0,4516.0,5193.2,3.64,1.15,166.0,162.2,168.8,265.4,48.7,0.1,,,,,,81.0,,,343.0,,,7.0,,,,,,,,,,,0.0,,0.0,,1.0,,,,,,,,,,,,,,,,,,,,,,,,,,,0.0,0.933,804.3,,,,,,,,,,,,,,,,,media/22C465C7-74DC-45E1-95B0-41C95BE54C03.jpg|media/BCDEE729-379E-437D-A463-65A12008D3D1.jpg
8189059963,"Nov 30, 2022, 9:42:21 AM",Morning Walk,Walk,"",4235,2.14,86.0,4,false,,,activities/8772485429.fit.gz,,,4235.0,2410.0,2139.8,2.584,0.888,179.6,193.0,143.2,238.2,49.9,-0.6,,,,,,86.0,,,170.0,,,4.0,,,,,,,,,,,0.0,,0.0,,1.0,,,,,,,,,,,,,,,,,,,,,,,,,,,0.0,0.505,466.8,,,,,,,,,,,,,,,,,media/59C9A506-6754-416E-A106-FF4FBB54B581.jpg
8195151929,"Dec 1, 2022, 8:06:52 PM",Run off egg nog and steak,Run,First time immediately running off alcohol lol,2634,7.01,,,false,,,activities/8779268999.fit.gz,,,2634.0,2625.0,7010.4,5.085,2.671,76.0,77.0,54.8,75.2,27.0,0.0,,,,,,,,,405.0,,,,,,,,,,,,,,0.0,,0.0,,1.0,7153.8,,,,,,,,,,,,,,,,,,,,,,,,,,0.0,2.661,226.7,,,,,,,,,,,,,,,,,media/4016CF9B-8940-40A7-A08D-FDDFB4C4BB2A.mp4
8198513363,"Dec 2, 2022, 5:10:37 PM",Evening Walk,Walk,,2461,2.77,82.0,3,false,,,activities/8783047822.fit.gz,,,2461.0,2134.0,2772.9,9.937,1.299,26.2,41.8,37.6,58.4,31.1,-0.6,,,,,,82.0,,,120.0,,,3.0,,,,,,,,,,,,,0.0,,1.0,,,,,,,,,,,,,,,,,,,,,,,,,,,0.0,1.127,580.9,,,,,,,,,,,,,,,,,""
8202141067,"Dec 3, 2022, 1:21:51 PM",Afternoon Walk,Walk,,3483,2.57,,,false,,,activities/8787128759.fit.gz,,,3483.0,2038.0,2574.6,8.374,1.263,6.2,8.0,-2.4,3.4,14.8,-0.1,,,,,,,,,120.0,,,,,,,,,,,,,,,,0.0,,1.0,,,,,,,,,,,,,,,,,,,,,,,,,,,0.0,0.739,0.0,,,,,,,,,,,,,,,,,""
8202655475,"Dec 3, 2022, 3:38:30 PM",Afternoon Run on boat so bad timing,Run,"",2674,11.63,,,false,,,activities/8787704356.fit.gz,,,2674.0,2664.0,11637.1,10.913,4.368,43.8,42.6,-2.4,3.8,18.0,0.0,,,,,,,,,554.0,,,,,,,,,,,,,,0.0,,0.0,,1.0,11727.5,,,,,,,,,,,,,,,,,,,,,,,,,,0.0,4.352,0.0,,,,,,,,,,,,,,,,,""
8216664486,"Dec 6, 2022, 3:10:58 AM",Evening Weight Training,Weight Training,,917,0,169.0,15,false,,,activities/8803552870.fit.gz,,,917.0,917.0,0.0,0.0,0.0,0.0,,,,0.0,0.0,,,,,,141.0,,,101.0,,,15.0,,,,,,,,,,,,,0.0,,1.0,,,,,,,,,,,,,,,,,,,,,,,,,,,0.0,0.0,0.0,,,,,,,,,,,,,,,,,""
8216664566,"Dec 6, 2022, 6:31:53 PM",Morning Run,Run,,5176,8.15,,,false,,,activities/8803552875.fit.gz,,,5176.0,5015.0,8156.1,2.891,1.626,71.8,66.2,-1.2,7.6,18.3,0.1,,,,,,,,,383.0,,,,,,,,,,,,,,,,0.0,,1.0,8338.8,,,,,,,,,,,,,,,,,,,,,,,,,,0.0,1.576,2285.8,,,,,,,,,,,,,,,,,""
8221911191,"Dec 8, 2022, 3:33:30 AM",Evening Run,Run,,1236,3.22,,,false,,,activities/8809421345.fit.gz,,,1236.0,1228.0,3220.7,3.76,2.623,9.8,23.0,88.8,102.8,6.8,-0.4,,,,,,,,,179.0,,,,,,,,,,,,,,,,0.0,,1.0,3239.6,,,,,,,,,,,,,,,,,,,,,,,,,,0.0,2.606,0.0,,,,,,,,,,,,,,,,,""
8226470578,"Dec 9, 2022, 2:44:08 AM",Walk to office party ,Walk,"",2637,3.73,,,false,,,activities/8815073800.fit.gz,,,2637.0,2552.0,3734.6,2.637,1.463,40.4,40.4,42.6,96.8,10.8,-1.0,,,,,,,,,162.0,,,,,,,,,,,,,,0.0,,0.0,,1.0,,,,,,,,,,,,,,,,,,,,,,,,,,,0.0,1.416,0.0,,,,,,,,,,,,,,,,,""
8226470618,"Dec 9, 2022, 7:13:28 AM",Night walk post-holiyay party,Walk,"",2454,3.07,,,false,,,activities/8815073863.fit.gz,,,2454.0,2381.0,3078.6,2.744,1.293,104.6,104.6,44.2,111.6,21.1,1.6,,,,,,,,,159.0,,,,,,,,,,,,,,0.0,,0.0,,1.0,,,,,,,,,,,,,,,,,,,,,,,,,,,0.0,1.255,0.0,,,,,,,,,,,,,,,,,""
8238164121,"Dec 12, 2022, 12:37:25 AM",Afternoon Run,Run,,1840,4.35,,,false,,,activities/8828335097.fit.gz,,,1840.0,1721.0,4354.2,5.212,2.53,77.0,81.0,18.8,92.6,16.4,-0.1,,,,,,,,,279.0,,,,,,,,,,,,,,,,0.0,,1.0,4585.8,,,,,,,,,,,,,,,,,,,,,,,,,,0.0,2.366,0.0,,,,,,,,,,,,,,,,,""
8238164170,"Dec 11, 2022, 10:35:47 PM",Afternoon Walk,Walk,,4206,5.21,149.0,9,false,,,activities/8828335135.fit.gz,,,4206.0,3812.0,5210.7,2.625,1.367,172.6,172.6,46.6,108.0,46.0,0.2,,,,,,83.0,,,283.0,,,9.0,,,,,,,,,,,,,0.0,,1.0,,,,,,,,,,,,,,,,,,,,,,,,,,,0.0,1.239,0.0,,,,,,,,,,,,,,,,,""
8242240641,"Dec 13, 2022, 2:01:49 AM",Evening Walk,Walk,,2107,2.88,,,false,,,activities/8832917236.fit.gz,,,2107.0,1938.0,2883.2,2.68,1.488,25.2,65.0,14.6,72.8,32.5,-1.4,,,,,,,,,125.0,,,,,,,,,,,,,,,,0.0,,1.0,,,,,,,,,,,,,,,,,,,,,,,,,,,0.0,1.368,0.0,,,,,,,,,,,,,,,,,""
8242240694,"Dec 13, 2022, 3:03:03 AM",Mixed 8.5 dubs ,Workout,"",5274,0,162.0,23,false,,,activities/8832917306.fit.gz,,,5274.0,5274.0,0.0,0.0,0.0,0.0,,,,0.0,0.0,,,,,,120.0,,,487.0,,,23.0,,,,,,,,,,,0.0,,0.0,,1.0,,,,,,,,,,,,,,,,,,,,,,,,,,,0.0,0.0,0.0,,,,,,,,,,,,,,,,,""
8242240716,"Dec 12, 2022, 10:43:15 PM",Afternoon Walk,Walk,,2353,3.31,103.0,4,false,,,activities/8832917301.fit.gz,,,2353.0,2304.0,3310.1,3.232,1.437,60.0,60.0,31.0,95.8,40.2,-1.0,,,,,,86.0,,,157.0,,,4.0,,,,,,,,,,,,,0.0,,1.0,,,,,,,,,,,,,,,,,,,,,,,,,,,0.0,1.407,0.0,,,,,,,,,,,,,,,,,""
8242240749,"Dec 13, 2022, 4:41:00 AM",Evening Walk,Walk,,3051,4.20,,,false,,,activities/8832917342.fit.gz,,,3051.0,3015.0,4200.9,3.138,1.393,96.0,96.0,12.2,95.4,18.3,1.9,,,,,,,,,203.0,,,,,,,,,,,,,,,,0.0,,1.0,,,,,,,,,,,,,,,,,,,,,,,,,,,0.0,1.377,70.6,,,,,,,,,,,,,,,,,""
8245548904,"Dec 13, 2022, 8:37:55 PM",Lunch Ride for tacos ,Ride,"",1384,5.30,175.0,16,false,,1996 Cannondale M200 SE,activities/8836595303.fit.gz,,11.793,1384.0,1256.0,5299.3,12.093,4.219,9.0,9.0,13.6,93.2,5.6,-1.4,,,,,,134.0,,,99.0,,,16.0,,,,,,,,,,,0.0,,0.0,,1.0,,,,,,,,,,,,,,,,11490857.0,,,,,,,,,,,0.0,3.829,444.8,,,,,,,,,,,,,,,,,""
8245549011,"Dec 13, 2022, 10:28:52 PM",Afternoon Ride from tacos ,Ride,"",2163,7.89,164.0,17,false,,1996 Cannondale M200 SE,activities/8836595397.fit.gz,,11.793,2163.0,2068.0,7898.0,9.29,3.819,94.2,94.2,13.2,92.4,24.8,0.8,,,,,,131.0,,,166.0,,,17.0,,,,,,,,,,,0.0,,0.0,,1.0,,,,,,,,,,,,,,,,11490857.0,,,,,,,,,,,0.0,3.651,77.4,,,,,,,,,,,,,,,,,""
8246399180,"Dec 14, 2022, 3:08:49 AM",Dubs,Workout,"",5719,0,152.0,23,false,,,activities/8837545941.fit.gz,,,5719.0,5719.0,0.0,0.0,0.0,0.0,,,,0.0,0.0,,,,,,118.0,,,528.0,,,23.0,,,,,,,,,,,0.0,,0.0,,1.0,,,,,,,,,,,,,,,,,,,,,,,,,,,0.0,0.0,0.0,,,,,,,,,,,,,,,,,""
8250030091,"Dec 14, 2022, 9:17:51 PM",Afternoon Walk,Walk,,2201,3.20,,,false,,,activities/8841598684.fit.gz,,,2201.0,2201.0,3207.1,3.453,1.457,18.0,111.6,4.2,108.0,19.8,-2.9,,,,,,,,,130.0,,,,,,,,,,,,,,,,0.0,,1.0,,,,,,,,,,,,,,,,,,,,,,,,,,,0.0,1.457,0.0,,,,,,,,,,,,,,,,,""
8256947887,"Dec 16, 2022, 11:52:52 PM",Afternoon Ride for Mochi donuts,Ride,"Ty Yelp, zoom zoomed going home to beat darkness. Lots of people on partially-car-free Valencia!",5151,9.87,150.0,20,false,,1996 Cannondale M200 SE,activities/8849379444.fit.gz,,11.793,5151.0,2437.0,9878.6,14.456,4.054,70.4,70.4,13.6,91.4,17.7,-0.2,,,,,,125.0,,,186.0,,,20.0,,,,,,,,,,,0.0,,0.0,,1.0,,,,,,,,,,,,,,,,11490857.0,,,,,,,,,,,0.0,1.918,0.0,,,,,,,,,,,,,,,,,media/1F11222C-AE63-4BE8-8E44-0D26CED80EEB.jpg
8264782450,"Dec 18, 2022, 7:51:25 PM",Mixed dubs ,Workout,"",6221,0,180.0,93,false,,,activities/8858320391.fit.gz,,,6221.0,6221.0,0.0,0.0,0.0,0.0,,,,0.0,0.0,,,,,,142.0,,,733.0,,,93.0,,,,,,,,,,,0.0,,0.0,,1.0,,,,,,,,,,,,,,,,,,,,,,,,,,,0.0,0.0,0.0,,,,,,,,,,,,,,,,,""
8268372059,"Dec 19, 2022, 9:15:13 PM",Afternoon Ride to Richmond,Ride,Cute coffee shop,2382,10.29,174.0,21,false,,1996 Cannondale M200 SE,activities/8862361351.fit.gz,,11.793,2382.0,2331.0,10290.3,11.336,4.415,95.4,95.4,21.0,94.4,14.0,-0.4,,,,,,125.0,,,213.0,,,21.0,,,,,,,,,,,0.0,,0.0,,1.0,,,,,,,,,,,,,,,,11490857.0,,,,,,,,,,,0.0,4.32,0.0,,,,,,,,,,,,,,,,,""
8268795790,"Dec 20, 2022, 12:30:36 AM",Afternoon Ride,Ride,,2800,10.69,135.0,17,false,,1996 Cannondale M200 SE,activities/8862826299.fit.gz,,11.793,2800.0,2652.0,10690.2,8.914,4.031,135.8,135.8,18.4,93.6,18.8,0.4,,,,,,127.0,,,256.0,,,17.0,,,,,,,,,,,,,0.0,,1.0,,,,,,,,,,,,,,,,11490857.0,,,,,,,,,,,0.0,3.818,0.0,,,,,,,,,,,,,,,,,""
8273235580,"Dec 21, 2022, 3:11:40 AM",Mixed dubs in sunset ,Workout,"I wore a Mickey shirt with my Mickey socks and it was cold 6-4, 6-4. 6-4, 10-7 lah",7525,0,186.0,206,false,,,activities/8867780797.fit.gz,,,7525.0,7525.0,0.0,0.0,0.0,0.0,,,,0.0,0.0,,,,,,155.0,,,1053.0,,,206.0,,,,,,,,,,,0.0,,0.0,,1.0,,,,,,,,,,,,,,,,,,,,,,,,,,,0.0,0.0,0.0,,,,,,,,,,,,,,,,,""
8277103055,"Dec 22, 2022, 1:58:50 AM",Late to tennis run,Run,"",3428,5.85,,,false,,,activities/8872096612.fit.gz,,,3428.0,3279.0,5855.4,4.498,1.786,75.4,75.4,43.8,97.4,11.2,-0.4,,,,,,,,,298.0,,,,,,,,,,,,,,0.0,,0.0,,1.0,5956.4,,,,,,,,,,,,,,,,,,,,,,,,,,0.0,1.708,0.0,,,,,,,,,,,,,,,,,""
8277103059,"Dec 22, 2022, 3:10:32 AM",Dubs ,Workout,"",3532,0,175.0,51,false,,,activities/8872096634.fit.gz,,,3532.0,3532.0,0.0,0.0,0.0,0.0,,,,0.0,0.0,,,,,,141.0,,,432.0,,,51.0,,,,,,,,,,,0.0,,0.0,,1.0,,,,,,,,,,,,,,,,,,,,,,,,,,,0.0,0.0,0.0,,,,,,,,,,,,,,,,,""
8283255793,"Dec 23, 2022, 2:59:52 PM",Morning Ride to tennis,Ride,"",1674,6.14,178.0,18,false,,1996 Cannondale M200 SE,activities/8878969848.fit.gz,,11.793,1674.0,1674.0,6139.5,9.558,3.668,67.0,67.0,21.8,97.2,13.8,-0.4,,,,,,129.0,,,131.0,,,18.0,,,,,,,,,,,0.0,,0.0,,1.0,,,,,,,,,,,,,,,,11490857.0,,,,,,,,,,,0.0,3.668,0.0,,,,,,,,,,,,,,,,,""
8283255808,"Dec 23, 2022, 3:52:15 PM",Raayan morning hit! ,Workout,"",3836,0,193.0,121,false,,,activities/8878969890.fit.gz,,,3836.0,3836.0,0.0,0.0,0.0,0.0,,,,0.0,0.0,,,,,,159.0,,,519.0,,,121.0,,,,,,,,,,,0.0,,0.0,,1.0,,,,,,,,,,,,,,,,,,,,,,,,,,,0.0,0.0,0.0,,,,,,,,,,,,,,,,,""
8283255858,"Dec 23, 2022, 7:51:14 PM",Lunch Ride,Ride,"",1164,2.94,164.0,8,false,,1996 Cannondale M200 SE,activities/8878969939.fit.gz,,11.793,1164.0,1136.0,2939.2,7.808,2.587,80.4,80.4,17.2,97.6,18.6,2.6,,,,,,106.0,,,66.0,,,8.0,,,,,,,,,,,0.0,,0.0,,1.0,,,,,,,,,,,,,,,,11490857.0,,,,,,,,,,,0.0,2.525,0.0,,,,,,,,,,,,,,,,,""
8300640317,"Dec 28, 2022, 2:44:28 AM",Bay club ssf dubs ,Workout,Everyone and their mom was at ssf tonight bc rain Omg,4864,0,181.0,70,false,,,activities/8898731897.fit.gz,,,4864.0,4864.0,0.0,0.0,0.0,0.0,,,,0.0,0.0,,,,,,142.0,,,613.0,,,70.0,,,,,,,,,,,0.0,,0.0,,1.0,,,,,,,,,,,,,,,,,,,,,,,,,,,0.0,0.0,0.0,,,,,,,,,,,,,,,,,""
8304694435,"Dec 28, 2022, 9:48:56 PM",Afternoon Walk,Walk,,8392,6.53,174.0,170,false,,,activities/8903296328.fit.gz,,,8392.0,4557.0,6532.6,19.608,1.434,134.0,136.2,-3.2,71.2,32.7,0.0,,,,,,142.0,,,295.0,,,170.0,,,,,,,,,,,,,0.0,,1.0,,,,,,,,,,,,,,,,,,,,,,,,,,,0.0,0.778,0.0,,,,,,,,,,,,,,,,,""
8305274558,"Dec 29, 2022, 3:40:26 AM",Dubs 🎾🎾,Workout,"",7587,0,170.0,32,false,,,activities/8903957233.fit.gz,,,7587.0,7587.0,0.0,0.0,0.0,0.0,,,,0.0,0.0,,,,,,118.0,,,710.0,,,32.0,,,,,,,,,,,0.0,,0.0,,1.0,,,,,,,,,,,,,,,,,,,,,,,,,,,0.0,0.0,0.0,,,,,,,,,,,,,,,,,""
8314139195,"Dec 31, 2022, 12:25:04 AM",Afternoon Elliptical,Elliptical,,2620,0,165.0,46,false,,,activities/8913939214.fit.gz,,,2620.0,2620.0,0.0,0.0,0.0,0.0,,,,0.0,0.0,,,,,,147.0,,,343.0,,,46.0,,,,,,,,,,,,,0.0,,1.0,,,,,,,,,,,,,,,,,,,,,,,,,,,0.0,0.0,0.0,,,,,,,,,,,,,,,,,""
8314139219,"Dec 31, 2022, 1:10:25 AM",Afternoon Weight Training,Weight Training,,710,0,177.0,17,false,,,activities/8913939234.fit.gz,,,710.0,710.0,0.0,0.0,0.0,0.0,,,,0.0,0.0,,,,,,153.0,,,84.0,,,17.0,,,,,,,,,,,,,0.0,,1.0,,,,,,,,,,,,,,,,,,,,,,,,,,,0.0,0.0,0.0,,,,,,,,,,,,,,,,,""
8319147183,"Jan 1, 2023, 1:44:42 AM",Afternoon Elliptical,Elliptical,,2511,0,167.0,55,false,,,activities/8919643660.fit.gz,,,2511.0,2511.0,0.0,0.0,0.0,0.0,,,,0.0,0.0,,,,,,150.0,,,351.0,,,55.0,,,,,,,,,,,,,0.0,,1.0,,,,,,,,,,,,,,,,,,,,,,,,,,,0.0,0.0,0.0,,,,,,,,,,,,,,,,,""
8323210224,"Jan 1, 2023, 9:22:06 PM",Ladies dubs ,Workout,"",8293,0,166.0,44,false,,,activities/8924303404.fit.gz,,,8293.0,8293.0,0.0,0.0,0.0,0.0,,,,0.0,0.0,,,,,,119.0,,,780.0,,,44.0,,,,,,,,,,,0.0,,0.0,,1.0,,,,,,,,,,,,,,,,,,,,,,,,,,,0.0,0.0,0.0,,,,,,,,,,,,,,,,,""
8323822129,"Jan 2, 2023, 3:33:44 AM",Guys’ dubs hi devin ,Workout,"",8837,0,174.0,65,false,,,activities/8924998400.fit.gz,,,8837.0,8837.0,0.0,0.0,0.0,0.0,,,,0.0,0.0,,,,,,130.0,,,912.0,,,65.0,,,,,,,,,,,0.0,,0.0,,1.0,,,,,,,,,,,,,,,,,,,,,,,,,,,0.0,0.0,0.0,,,,,,,,,,,,,,,,,""
8329231851,"Jan 3, 2023, 2:17:11 AM",Evening Elliptical,Elliptical,,2723,0,157.0,20,false,,,activities/8931515744.fit.gz,,,2723.0,2723.0,0.0,0.0,0.0,0.0,,,,0.0,0.0,,,,,,137.0,,,315.0,,,20.0,,,,,,,,,,,,,0.0,,1.0,,,,,,,,,,,,,,,,,,,,,,,,,,,0.0,0.0,0.0,,,,,,,,,,,,,,,,,""
8329231852,"Jan 3, 2023, 3:04:45 AM",Evening Weight Training,Weight Training,,2038,0,171.0,12,false,,,activities/8931515761.fit.gz,,,2038.0,2038.0,0.0,0.0,0.0,0.0,,,,0.0,0.0,,,,,,126.0,,,182.0,,,12.0,,,,,,,,,,,,,0.0,,1.0,,,,,,,,,,,,,,,,,,,,,,,,,,,0.0,0.0,0.0,,,,,,,,,,,,,,,,,""
8334829170,"Jan 4, 2023, 2:15:54 AM",8.5 ladies dubs ,Workout,"",7618,0,170.0,50,false,,,activities/8937808099.fit.gz,,,7618.0,7618.0,0.0,0.0,0.0,0.0,,,,0.0,0.0,,,,,,129.0,,,836.0,,,50.0,,,,,,,,,,,0.0,,0.0,,1.0,,,,,,,,,,,,,,,,,,,,,,,,,,,0.0,0.0,0.0,,,,,,,,,,,,,,,,,""
8340214190,"Jan 5, 2023, 3:06:47 AM",Evening Elliptical,Elliptical,,3003,0,149.0,16,false,,,activities/8943793231.fit.gz,,,3003.0,3003.0,0.0,0.0,0.0,0.0,,,,0.0,0.0,,,,,,135.0,,,355.0,,,16.0,,,,,,,,,,,,,0.0,,1.0,,,,,,,,,,,,,,,,,,,,,,,,,,,0.0,0.0,0.0,,,,,,,,,,,,,,,,,""
8340214204,"Jan 5, 2023, 3:58:03 AM",Evening Weight Training,Weight Training,,1048,0,168.0,8,false,,,activities/8943793257.fit.gz,,,1048.0,1048.0,0.0,0.0,0.0,0.0,,,,0.0,0.0,,,,,,134.0,,,101.0,,,8.0,,,,,,,,,,,,,0.0,,1.0,,,,,,,,,,,,,,,,,,,,,,,,,,,0.0,0.0,0.0,,,,,,,,,,,,,,,,,""
8345357990,"Jan 6, 2023, 3:07:43 AM",Evening Elliptical,Elliptical,,3160,0,172.0,25,false,,,activities/8949534213.fit.gz,,,3160.0,3160.0,0.0,0.0,0.0,0.0,,,,0.0,0.0,,,,,,138.0,,,372.0,,,25.0,,,,,,,,,,,,,0.0,,1.0,,,,,,,,,,,,,,,,,,,,,,,,,,,0.0,0.0,0.0,,,,,,,,,,,,,,,,,""
8345358010,"Jan 6, 2023, 4:03:55 AM",Evening Weight Training,Weight Training,,1896,0,175.0,20,false,,,activities/8949534235.fit.gz,,,1896.0,1896.0,0.0,0.0,0.0,0.0,,,,0.0,0.0,,,,,,132.0,,,163.0,,,20.0,,,,,,,,,,,,,0.0,,1.0,,,,,,,,,,,,,,,,,,,,,,,,,,,0.0,0.0,0.0,,,,,,,,,,,,,,,,,""
8349273745,"Jan 6, 2023, 8:51:40 PM",Lunch Walk,Walk,,2970,4.39,,,false,,,activities/8953924601.fit.gz,,,2970.0,2862.0,4390.0,3.177,1.534,21.0,21.0,3.6,93.8,16.2,-1.9,,,,,,,,,180.0,,,,,,,,,,,,,,,,0.0,,1.0,,,,,,,,,,,,,,,,,,,,,,,,,,,0.0,1.478,0.0,,,,,,,,,,,,,,,,,""
8350194244,"Jan 7, 2023, 12:43:00 AM",Devin singles ,Workout,"",8313,0,175.0,113,false,,,activities/8954945369.fit.gz,,,8313.0,8313.0,0.0,0.0,0.0,0.0,,,,0.0,0.0,,,,,,141.0,,,1026.0,,,113.0,,,,,,,,,,,0.0,,0.0,,1.0,,,,,,,,,,,,,,,,,,,,,,,,,,,0.0,0.0,0.0,,,,,,,,,,,,,,,,,""
8361793746,"Jan 9, 2023, 4:16:08 AM",Evening Weight Training,Weight Training,,1266,0,181.0,33,false,,,activities/8968032373.fit.gz,,,1266.0,1266.0,0.0,0.0,0.0,0.0,,,,0.0,0.0,,,,,,154.0,,,146.0,,,33.0,,,,,,,,,,,,,0.0,,1.0,,,,,,,,,,,,,,,,,,,,,,,,,,,0.0,0.0,0.0,,,,,,,,,,,,,,,,,""
8361793747,"Jan 9, 2023, 3:18:56 AM",Evening Elliptical,Elliptical,,3099,0,170.0,83,false,,,activities/8968032360.fit.gz,,,3099.0,3099.0,0.0,0.0,0.0,0.0,,,,0.0,0.0,,,,,,153.0,,,431.0,,,83.0,,,,,,,,,,,,,0.0,,1.0,,,,,,,,,,,,,,,,,,,,,,,,,,,0.0,0.0,0.0,,,,,,,,,,,,,,,,,""
8366862890,"Jan 10, 2023, 1:58:28 AM",Afternoon Run,Run,,1276,3.23,,,false,,,activities/8973642344.fit.gz,,,1276.0,1251.0,3238.0,4.9,2.588,4.8,22.8,88.2,106.8,5.1,-0.6,,,,,,,,,204.0,,,,,,,,,,,,,,,,0.0,,1.0,3257.9,,,,,,,,,,,,,,,,,,,,,,,,,,0.0,2.538,0.0,,,,,,,,,,,,,,,,,""
8383334276,"Jan 13, 2023, 1:06:30 AM",Afternoon Walk,Walk,,3669,2.71,99.0,3,false,,,activities/8991818227.fit.gz,,,3669.0,2090.0,2716.4,3.177,1.3,102.6,13.2,3.8,94.6,23.0,3.3,,,,,,83.0,,,160.0,,,3.0,,,,,,,,,,,,,0.0,,1.0,,,,,,,,,,,,,,,,,,,,,,,,,,,0.0,0.74,0.0,,,,,,,,,,,,,,,,,""
8383334324,"Jan 12, 2023, 6:56:49 PM",Morning Walk,Walk,,1845,2.27,71.0,2,false,,,activities/8991818253.fit.gz,,,1845.0,1792.0,2278.5,2.64,1.272,25.8,74.4,4.0,78.4,23.4,-2.1,,,,,,71.0,,,106.0,,,2.0,,,,,,,,,,,,,0.0,,1.0,,,,,,,,,,,,,,,,,,,,,,,,,,,0.0,1.235,0.0,,,,,,,,,,,,,,,,,""
8383334376,"Jan 13, 2023, 3:56:06 AM",Evening Elliptical,Elliptical,,1397,0,168.0,41,false,,,activities/8991818317.fit.gz,,,1397.0,1397.0,0.0,0.0,0.0,0.0,,,,0.0,0.0,,,,,,156.0,,,189.0,,,41.0,,,,,,,,,,,,,0.0,,1.0,,,,,,,,,,,,,,,,,,,,,,,,,,,0.0,0.0,0.0,,,,,,,,,,,,,,,,,""
8387694352,"Jan 13, 2023, 11:49:41 PM",Afternoon Run,Run,,3601,9.84,164.0,128,false,,,activities/8996653665.fit.gz,,,3601.0,3588.0,9844.1,5.514,2.744,66.2,61.2,73.8,91.2,19.5,0.1,,,,,,164.0,,,560.0,,,128.0,,,,,,,,,,,,,0.0,,1.0,10031.9,,,,,,,,,,,,,,,,,,,,,,,,,,0.0,2.734,0.0,,,,,,,,,,,,,,,,,""
8393754718,"Jan 15, 2023, 2:43:58 AM",Evening Ride,Ride,,2638,0,152.0,21,false,,1996 Cannondale M200 SE,activities/9003437825.fit.gz,,11.793,2638.0,2638.0,0.0,0.0,0.0,0.0,,,,0.0,0.0,,,,,,129.0,,,313.0,,,21.0,,,,,,,,,,,,,0.0,,1.0,,,,,,,,,,,,,,,,11490857.0,,,,,,,,,,,0.0,0.0,0.0,,,,,,,,,,,,,,,,,""
8399768774,"Jan 16, 2023, 1:29:39 AM",Rain Run toogoodtogo,Run,"",1988,3.11,,,false,,,activities/9010220200.fit.gz,,,1988.0,1298.0,3110.8,6.621,2.397,77.4,76.2,23.0,94.6,36.5,0.0,,,,,,,,,205.0,,,,,,,,,,,,,,0.0,,0.0,,1.0,3367.1,,,,,,,,,,,,,,,,,,,,,,,,,,0.0,1.565,0.0,,,,,,,,,,,,,,,,,""
8399768813,"Jan 16, 2023, 2:49:46 AM",Evening Elliptical,Elliptical,,1803,0,169.0,46,false,,,activities/9010220226.fit.gz,,,1803.0,1803.0,0.0,0.0,0.0,0.0,,,,0.0,0.0,,,,,,152.0,,,240.0,,,46.0,,,,,,,,,,,,,0.0,,1.0,,,,,,,,,,,,,,,,,,,,,,,,,,,0.0,0.0,0.0,,,,,,,,,,,,,,,,,""
8403344100,"Jan 16, 2023, 5:15:44 PM",Morning Ride,Ride,Zoom zoom to get to tennis coach tryout early 🏎️ 🏎️,1506,5.72,181.0,31,false,,1996 Cannondale M200 SE,activities/9014157085.fit.gz,,11.793,1506.0,1506.0,5719.6,8.658,3.798,68.8,63.4,21.4,78.8,13.9,0.1,,,,,,142.0,,,119.0,,,31.0,,,,,,,,,,,0.0,,0.0,,1.0,,,,,,,,,,,,,,,,11490857.0,,,,,,,,,,,0.0,3.798,0.0,,,,,,,,,,,,,,,,,""
8403344618,"Jan 16, 2023, 7:08:54 PM",Lunch Ride,Ride,Celebration ride for celebratory views and coffee🤌,7994,19.29,171.0,22,false,,1996 Cannondale M200 SE,activities/9014157522.fit.gz,,11.793,7994.0,4814.0,19289.3,12.184,4.007,151.2,159.4,2.6,86.0,25.9,0.0,,,,,,111.0,,,368.0,,,22.0,,,,,,,,,,,0.0,,0.0,,1.0,,,,,,,,,,,,,,,,11490857.0,,,,,,,,,,,0.0,2.413,11.9,,,,,,,,,,,,,,,,,media/72C6E436-5907-470B-A688-A9C6AACEBD51.jpg
8410254517,"Jan 18, 2023, 3:17:22 AM",Evening Tennis,Workout,,6713,0,169.0,49,false,,,activities/9021767985.fit.gz,,,6713.0,6713.0,0.0,0.0,0.0,0.0,,,,0.0,0.0,,,,,,129.0,,,699.0,,,49.0,,,,,,,,,,,,,0.0,,1.0,,,,,,,,,,,,,,,,,,,,,,,,,,,0.0,0.0,0.0,,,,,,,,,,,,,,,,,""
8415232537,"Jan 18, 2023, 11:14:34 PM",Afternoon Elliptical,Elliptical,,1810,0,150.0,27,false,,,activities/9027255693.fit.gz,,,1810.0,1810.0,0.0,0.0,0.0,0.0,,,,0.0,0.0,,,,,,143.0,,,224.0,,,27.0,,,,,,,,,,,,,0.0,,1.0,,,,,,,,,,,,,,,,,,,,,,,,,,,0.0,0.0,0.0,,,,,,,,,,,,,,,,,""
8415232611,"Jan 19, 2023, 1:20:11 AM",Afternoon Walk,Walk,,1421,2.00,122.0,4,false,,,activities/9027255760.fit.gz,,,1421.0,1421.0,2002.3,2.835,1.409,12.2,12.2,30.6,95.8,9.0,-3.1,,,,,,107.0,,,84.0,,,4.0,,,,,,,,,,,,,0.0,,1.0,,,,,,,,,,,,,,,,,,,,,,,,,,,0.0,1.409,0.0,,,,,,,,,,,,,,,,,""
8420368503,"Jan 19, 2023, 5:25:05 PM",Morning Walk,Walk,,1767,2.32,105.0,3,false,,,activities/9032914784.fit.gz,,,1767.0,1728.0,2326.1,4.248,1.346,0.0,0.0,4.2,93.6,3.0,-3.8,,,,,,93.0,,,98.0,,,3.0,,,,,,,,,,,,,0.0,,1.0,,,,,,,,,,,,,,,,,,,,,,,,,,,0.0,1.316,0.0,,,,,,,,,,,,,,,,,""
8420368602,"Jan 20, 2023, 12:59:52 AM",Afternoon Walk,Walk,,1769,2.03,164.0,12,false,,,activities/9032914854.fit.gz,,,1769.0,1626.0,2037.8,7.888,1.253,109.8,9.4,4.2,107.6,49.9,4.9,,,,,,120.0,,,125.0,,,12.0,,,,,,,,,,,,,0.0,,1.0,,,,,,,,,,,,,,,,,,,,,,,,,,,0.0,1.152,0.0,,,,,,,,,,,,,,,,,""
8420368735,"Jan 19, 2023, 2:59:47 AM",Evening Walk,Walk,,1771,2.07,137.0,5,false,,,activities/9032914993.fit.gz,,,1771.0,1680.0,2077.9,2.328,1.237,76.0,19.0,30.8,107.0,26.3,2.7,,,,,,110.0,,,109.0,,,5.0,,,,,,,,,,,,,0.0,,1.0,,,,,,,,,,,,,,,,,,,,,,,,,,,0.0,1.173,0.0,,,,,,,,,,,,,,,,,""
8420755003,"Jan 20, 2023, 3:06:34 AM",Evening Tennis,Workout,,5176,0,172.0,54,false,,,activities/9033344386.fit.gz,,,5176.0,5176.0,0.0,0.0,0.0,0.0,,,,0.0,0.0,,,,,,133.0,,,606.0,,,54.0,,,,,,,,,,,,,0.0,,1.0,,,,,,,,,,,,,,,,,,,,,,,,,,,0.0,0.0,0.0,,,,,,,,,,,,,,,,,""
8424842288,"Jan 20, 2023, 9:36:49 PM",Afternoon Walk,Walk,,1225,1.72,117.0,3,false,,,activities/9037885080.fit.gz,,,1225.0,1125.0,1723.6,2.99,1.532,2.6,2.6,6.8,92.2,7.0,-5.0,,,,,,105.0,,,76.0,,,3.0,,,,,,,,,,,,,0.0,,1.0,,,,,,,,,,,,,,,,,,,,,,,,,,,0.0,1.407,0.0,,,,,,,,,,,,,,,,,""
8425471741,"Jan 20, 2023, 11:28:41 PM",Afternoon Walk,Walk,,2644,2.16,142.0,4,false,,,activities/9038583449.fit.gz,,,2644.0,1606.0,2159.7,5.204,1.345,95.2,95.2,5.8,94.8,34.6,4.1,,,,,,97.0,,,126.0,,,4.0,,,,,,,,,,,,,0.0,,1.0,,,,,,,,,,,,,,,,,,,,,,,,,,,0.0,0.817,0.0,,,,,,,,,,,,,,,,,""
8442273766,"Jan 24, 2023, 2:35:07 AM",Evening Walk,Walk,,1471,2.13,135.0,6,false,,,activities/9057313121.fit.gz,,,1471.0,1441.0,2138.9,4.988,1.484,12.6,12.6,22.0,97.4,28.0,-3.4,,,,,,129.0,,,103.0,,,6.0,,,,,,,,,,,,,0.0,,1.0,,,,,,,,,,,,,,,,,,,,,,,,,,,0.0,1.454,0.0,,,,,,,,,,,,,,,,,""
8442273860,"Jan 24, 2023, 5:39:59 AM",Night Walk,Walk,,2210,2.65,150.0,7,false,,,activities/9057313104.fit.gz,,,2210.0,2114.0,2653.2,2.625,1.255,83.2,14.0,21.0,95.2,17.9,2.6,,,,,,116.0,,,158.0,,,7.0,,,,,,,,,,,,,0.0,,1.0,,,,,,,,,,,,,,,,,,,,,,,,,,,0.0,1.201,0.0,,,,,,,,,,,,,,,,,""
8446779724,"Jan 24, 2023, 6:41:49 PM",Morning Walk,Walk,,2986,2.85,124.0,4,false,,,activities/9062252281.fit.gz,,,2986.0,1896.0,2856.3,3.398,1.507,5.4,94.6,4.4,94.2,13.8,-3.1,,,,,,99.0,,,126.0,,,4.0,,,,,,,,,,,,,0.0,,1.0,,,,,,,,,,,,,,,,,,,,,,,,,,,0.0,0.957,12.4,,,,,,,,,,,,,,,,,""
8447456992,"Jan 25, 2023, 1:14:46 AM",Afternoon Walk,Walk,,1267,1.60,169.0,6,false,,,activities/9062990774.fit.gz,,,1267.0,1184.0,1608.5,2.832,1.359,100.4,8.2,4.6,106.0,49.0,5.7,,,,,,126.0,,,114.0,,,6.0,,,,,,,,,,,,,0.0,,1.0,,,,,,,,,,,,,,,,,,,,,,,,,,,0.0,1.27,0.0,,,,,,,,,,,,,,,,,""
8447957027,"Jan 25, 2023, 3:31:11 AM",Evening Tennis,Workout,,7372,0,182.0,186,false,,,activities/9063541182.fit.gz,,,7372.0,7372.0,0.0,0.0,0.0,0.0,,,,0.0,0.0,,,,,,153.0,,,997.0,,,186.0,,,,,,,,,,,,,0.0,,1.0,,,,,,,,,,,,,,,,,,,,,,,,,,,0.0,0.0,0.0,,,,,,,,,,,,,,,,,""
8453122488,"Jan 26, 2023, 12:45:01 AM",Afternoon Walk,Walk,,1745,2.06,133.0,5,false,,,activities/9069219780.fit.gz,,,1745.0,1700.0,2061.9,2.374,1.213,89.4,1.6,4.4,93.8,27.4,4.3,,,,,,108.0,,,124.0,,,5.0,,,,,,,,,,,,,0.0,,1.0,,,,,,,,,,,,,,,,,,,,,,,,,,,0.0,1.182,0.0,,,,,,,,,,,,,,,,,""
8453122503,"Jan 25, 2023, 5:44:11 PM",Morning Walk,Walk,,1557,1.96,113.0,3,false,,,activities/9069219811.fit.gz,,,1557.0,1458.0,1962.2,2.916,1.346,2.0,92.8,4.4,95.2,8.7,-4.6,,,,,,100.0,,,91.0,,,3.0,,,,,,,,,,,,,0.0,,1.0,,,,,,,,,,,,,,,,,,,,,,,,,,,0.0,1.26,0.0,,,,,,,,,,,,,,,,,""
8457632900,"Jan 26, 2023, 5:02:14 PM",Morning Walk,Walk,,1880,2.37,131.0,6,false,,,activities/9074192583.fit.gz,,,1880.0,1765.0,2376.5,2.836,1.346,7.0,94.2,5.0,93.2,19.1,-3.7,,,,,,116.0,,,139.0,,,6.0,,,,,,,,,,,,,0.0,,1.0,,,,,,,,,,,,,,,,,,,,,,,,,,,0.0,1.264,0.0,,,,,,,,,,,,,,,,,""
8463291545,"Jan 28, 2023, 2:05:10 AM",Evening Walk,Walk,"",1189,1.37,133.0,3,false,,,activities/9080450471.fit.gz,,,1189.0,1167.0,1373.1,2.539,1.177,43.0,91.8,66.4,141.6,41.8,-3.6,,,,,,110.0,,,80.0,,,3.0,,,,,,,,,,,0.0,,0.0,,1.0,,,,,,,,,,,,,,,,,,,,,,,,,,,0.0,1.155,454.8,,,,,,,,,,,,,,,,,media/328CC2B9-6B48-40BA-84F7-5BE8E6E6BC81.jpg
8463291582,"Jan 28, 2023, 5:15:33 AM",Night Walk,Walk,,598,0,115.0,1,false,,,activities/9080450495.fit.gz,,,598.0,382.0,0.0,2.697,0.0,8.4,5.4,65.0,73.4,42.4,-0.6,,,,,,103.0,,,114.0,,,1.0,,,,,,,,,,,,,0.0,,1.0,,,,,,,,,,,,,,,,,,,,,,,,,,,0.0,0.0,0.0,,,,,,,,,,,,,,,,,""
8468860768,"Jan 29, 2023, 12:11:19 AM",Afternoon Ride,Ride,,6160,15.46,146.0,17,false,,1996 Cannondale M200 SE,activities/9086703600.fit.gz,,11.793,6160.0,4905.0,15460.5,7.78,3.152,155.6,166.4,13.2,85.6,30.5,-0.1,,,,,,107.0,,,336.0,,,17.0,,,,,,,,,,,,,0.0,,1.0,,,,,,,,,,,,,,,,11490857.0,,,,,,,,,,,0.0,2.51,0.0,,,,,,,,,,,,,,,,,""
8468860809,"Jan 28, 2023, 9:46:09 PM",Afternoon Ride,Ride,"",2740,9.88,176.0,26,false,,1996 Cannondale M200 SE,activities/9086703666.fit.gz,,11.793,2740.0,2568.0,9880.1,9.016,3.847,89.4,89.4,21.8,93.6,36.2,-0.1,,,,,,130.0,,,207.0,,,26.0,,,,,,,,,,,0.0,,0.0,,1.0,,,,,,,,,,,,,,,,11490857.0,,,,,,,,,,,0.0,3.606,0.0,,,,,,,,,,,,,,,,,media/92C8A1E1-3AE0-43A0-A7EE-3604D1FDDE90.mp4
8473921774,"Jan 29, 2023, 7:40:02 PM",Lunch Ride,Ride,To bar for 49ers rip,2243,7.64,173.0,18,false,,1996 Cannondale M200 SE,activities/9092395692.fit.gz,,11.793,2243.0,2170.0,7647.8,8.67,3.524,75.6,108.4,17.4,116.6,18.4,-0.4,,,,,,127.0,,,153.0,,,18.0,,,,,,,,,,,0.0,,0.0,,1.0,,,,,,,,,,,,,,,,11490857.0,,,,,,,,,,,0.0,3.41,136.8,,,,,,,,,,,,,,,,,""
8474555071,"Jan 29, 2023, 11:39:18 PM",Afternoon Ride,Ride,,723,2.54,166.0,5,false,,1996 Cannondale M200 SE,activities/9093119878.fit.gz,,11.793,723.0,723.0,2546.6,6.862,3.522,26.4,24.4,75.0,88.4,20.3,0.1,,,,,,122.0,,,54.0,,,5.0,,,,,,,,,,,,,0.0,,1.0,,,,,,,,,,,,,,,,11490857.0,,,,,,,,,,,0.0,3.522,5.1,,,,,,,,,,,,,,,,,""
8474555094,"Jan 30, 2023, 1:18:03 AM",Afternoon Ride,Ride,,1650,5.41,169.0,36,false,,1996 Cannondale M200 SE,activities/9093119879.fit.gz,,11.793,1650.0,1554.0,5415.6,8.106,3.485,84.0,84.0,16.4,106.4,16.5,0.2,,,,,,150.0,,,141.0,,,36.0,,,,,,,,,,,,,0.0,,1.0,,,,,,,,,,,,,,,,11490857.0,,,,,,,,,,,0.0,3.282,0.0,,,,,,,,,,,,,,,,,""
8478924948,"Jan 30, 2023, 9:12:47 PM",Afternoon Walk,Walk,,1112,1.30,116.0,2,false,,,activities/9097956203.fit.gz,,,1112.0,970.0,1303.4,2.9,1.344,20.2,33.6,46.6,74.0,12.3,-1.0,,,,,,94.0,,,105.0,,,2.0,,,,,,,,,,,,,0.0,,1.0,,,,,,,,,,,,,,,,,,,,,,,,,,,0.0,1.172,0.0,,,,,,,,,,,,,,,,,""
8480011585,"Jan 31, 2023, 3:34:57 AM",Evening Walk,Walk,,733,0.29,119.0,0,false,,,activities/9099149846.fit.gz,,,733.0,336.0,298.6,2.166,0.889,9.0,23.2,81.6,105.8,31.1,-4.8,,,,,,108.0,,,81.0,,,0.0,,,,,,,,,,,,,0.0,,1.0,,,,,,,,,,,,,,,,,,,,,,,,,,,0.0,0.407,0.0,,,,,,,,,,,,,,,,,""
8480011643,"Jan 30, 2023, 10:47:18 PM",Afternoon Walk,Walk,,2265,2.54,129.0,5,false,,,activities/9099149898.fit.gz,,,2265.0,1973.0,2545.3,2.932,1.29,87.8,87.8,38.6,96.0,46.0,2.1,,,,,,107.0,,,143.0,,,5.0,,,,,,,,,,,,,0.0,,1.0,,,,,,,,,,,,,,,,,,,,,,,,,,,0.0,1.124,0.0,,,,,,,,,,,,,,,,,""
8484594828,"Jan 31, 2023, 4:37:50 PM",Morning Walk,Walk,,1159,1.87,104.0,2,false,,,activities/9104195138.fit.gz,,,1159.0,1121.0,1870.1,3.616,1.668,0.0,92.8,4.6,97.6,3.8,-5.0,,,,,,99.0,,,95.0,,,2.0,,,,,,,,,,,,,0.0,,1.0,,,,,,,,,,,,,,,,,,,,,,,,,,,0.0,1.614,0.0,,,,,,,,,,,,,,,,,""
8485291115,"Feb 1, 2023, 1:06:08 AM",Afternoon Walk,Walk,,1600,1.98,116.0,4,false,,,activities/9104951622.fit.gz,,,1600.0,1435.0,1980.1,3.12,1.38,99.4,4.6,2.2,102.8,47.5,4.8,,,,,,106.0,,,129.0,,,4.0,,,,,,,,,,,,,0.0,,1.0,,,,,,,,,,,,,,,,,,,,,,,,,,,0.0,1.238,0.0,,,,,,,,,,,,,,,,,""
8485924542,"Feb 1, 2023, 3:29:55 AM",Evening Tennis,Workout,,6225,0,170.0,36,false,,,activities/9105652904.fit.gz,,,6225.0,6225.0,0.0,0.0,0.0,0.0,,,,0.0,0.0,,,,,,123.0,,,643.0,,,36.0,,,,,,,,,,,,,0.0,,1.0,,,,,,,,,,,,,,,,,,,,,,,,,,,0.0,0.0,0.0,,,,,,,,,,,,,,,,,""
8488890178,"Feb 1, 2023, 6:09:51 PM",Morning Walk,Walk,,674,1.13,125.0,1,false,,,activities/9110030683.fit.gz,,,674.0,638.0,1131.9,3.502,1.774,0.0,85.4,10.2,95.6,1.9,-7.5,,,,,,109.0,,,64.0,,,1.0,,,,,,,,,,,,,0.0,,1.0,,,,,,,,,,,,,,,,,,,,,,,,,,,0.0,1.679,106.5,,,,,,,,,,,,,,,,,""
8491109772,"Feb 2, 2023, 2:56:46 AM",Evening Walk,Walk,,1060,1.21,156.0,4,false,,,activities/9112504682.fit.gz,,,1060.0,1025.0,1218.2,2.47,1.189,104.0,25.4,13.6,94.2,43.0,6.5,,,,,,120.0,,,99.0,,,4.0,,,,,,,,,,,,,0.0,,1.0,,,,,,,,,,,,,,,,,,,,,,,,,,,0.0,1.149,61.3,,,,,,,,,,,,,,,,,""
8494376564,"Feb 2, 2023, 6:12:18 PM",Morning Ride,Ride,"",754,3.03,154.0,2,true,"",1996 Cannondale M200 SE,activities/9116141899.fit.gz,,11.793,754.0,719.0,3030.2,9.1,4.214,9.4,99.6,1.8,95.2,4.9,-3.0,,,,,,116.0,,,62.0,,,2.0,,,,,,3.0,,,,,,5.0,1.0,,1.0,,,,,,,,,,,,,,,,11490857.0,,,,,,,,,,,0.0,4.019,0.0,,,,,,,,,,,,,,,,,""
8496049253,"Feb 3, 2023, 12:18:20 AM",Afternoon Ride,Ride,,3452,10.42,168.0,26,false,,1996 Cannondale M200 SE,activities/9117971304.fit.gz,,11.793,3452.0,3019.0,10422.1,13.742,3.452,123.0,35.6,2.8,95.8,26.1,0.8,,,,,,130.0,,,234.0,,,26.0,,,,,,,,,,,,,0.0,,1.0,,,,,,,,,,,,,,,,11490857.0,,,,,,,,,,,0.0,3.019,153.7,,,,,,,,,,,,,,,,,""
8499848599,"Feb 3, 2023, 6:48:48 PM",Flight to beach pipeline,Walk,"",4836,5.32,149.0,14,false,,,activities/9122195471.fit.gz,,,4836.0,4680.0,5323.0,2.38,1.137,60.8,36.4,1.2,37.8,41.4,0.5,,,,,,111.0,,,218.0,,,14.0,,,,,,,,,,,0.0,,0.0,,1.0,,,,,,,,,,,,,,,,,,,,,,,,,,,0.0,1.101,0.0,,,,,,,,,,,,,,,,,media/F842CCAE-A1DC-4B8C-8FEE-6E844A04D9C8.jpg|media/4D676FF5-2327-4FC9-98AC-E9159A646F9D.jpg
8505023358,"Feb 4, 2023, 5:07:30 PM",Morning Walk,Walk,,1225,1.64,115.0,3,false,,,activities/9127969062.fit.gz,,,1225.0,1181.0,1641.1,2.763,1.39,12.4,12.4,14.8,19.0,22.9,0.0,,,,,,103.0,,,79.0,,,3.0,,,,,,,,,,,,,0.0,,1.0,,,,,,,,,,,,,,,,,,,,,,,,,,,0.0,1.34,0.0,,,,,,,,,,,,,,,,,""
8506193163,"Feb 4, 2023, 10:06:31 PM",Afternoon Walk,Walk,,2364,2.05,122.0,4,false,,,activities/9129305819.fit.gz,,,2364.0,1562.0,2058.6,3.008,1.318,31.8,27.4,13.6,40.2,35.7,0.2,,,,,,103.0,,,104.0,,,4.0,,,,,,,,,,,,,0.0,,1.0,,,,,,,,,,,,,,,,,,,,,,,,,,,0.0,0.871,0.0,,,,,,,,,,,,,,,,,""
8511632773,"Feb 5, 2023, 5:47:22 AM",Night HIIT,Workout,,879,0,171.0,31,false,,,activities/9135455076.fit.gz,,,879.0,879.0,0.0,0.0,0.0,0.0,,,,0.0,0.0,,,,,,162.0,,,104.0,,,31.0,,,,,,,,,,,,,0.0,,1.0,,,,,,,,,,,,,,,,,,,,,,,,,,,0.0,0.0,0.0,,,,,,,,,,,,,,,,,""
8513042896,"Feb 6, 2023, 2:12:25 AM",Evening Walk,Walk,,984,0.73,149.0,1,false,,,activities/9137064287.fit.gz,,,984.0,547.0,737.5,3.578,1.348,7.2,3.8,37.4,41.6,32.3,0.5,,,,,,109.0,,,44.0,,,1.0,,,,,,,,,,,,,0.0,,1.0,,,,,,,,,,,,,,,,,,,,,,,,,,,0.0,0.749,0.0,,,,,,,,,,,,,,,,,""
8524466047,"Feb 8, 2023, 3:19:50 AM",Evening Tennis,Workout,,5258,0,167.0,46,false,,,activities/9149674663.fit.gz,,,5258.0,5258.0,0.0,0.0,0.0,0.0,,,,0.0,0.0,,,,,,135.0,,,578.0,,,46.0,,,,,,,,,,,,,0.0,,1.0,,,,,,,,,,,,,,,,,,,,,,,,,,,0.0,0.0,0.0,,,,,,,,,,,,,,,,,""
8524466049,"Feb 6, 2023, 4:10:02 PM",Morning Walk,Walk,,306,0.34,111.0,0,false,,,activities/9149674664.fit.gz,,,306.0,232.0,340.7,3.71,1.468,0.0,0.6,42.0,43.6,11.7,-0.2,,,,,,111.0,,,54.0,,,0.0,,,,,,,,,,,,,0.0,,1.0,,,,,,,,,,,,,,,,,,,,,,,,,,,0.0,1.113,0.0,,,,,,,,,,,,,,,,,""
8528553117,"Feb 8, 2023, 7:18:08 PM",Lunch Walk,Walk,,1902,2.03,118.0,4,false,,,activities/9154193580.fit.gz,,,1902.0,1593.0,2034.6,3.141,1.277,4.8,92.8,3.4,93.2,10.3,-4.3,,,,,,103.0,,,90.0,,,4.0,,,,,,,,,,,,,0.0,,1.0,,,,,,,,,,,,,,,,,,,,,,,,,,,0.0,1.07,0.0,,,,,,,,,,,,,,,,,""
8533570435,"Feb 9, 2023, 6:40:02 PM",Morning Ride,Ride,,1448,6.21,159.0,6,false,,1996 Cannondale M200 SE,activities/9159740706.fit.gz,,11.793,1448.0,1375.0,6211.1,11.856,4.517,18.4,18.4,3.4,96.8,17.6,-1.5,,,,,,117.0,,,103.0,,,6.0,,,,,,,,,,,,,0.0,,1.0,,,,,,,,,,,,,,,,11490857.0,,,,,,,,,,,0.0,4.289,28.1,,,,,,,,,,,,,,,,,""
8535268624,"Feb 10, 2023, 1:13:30 AM",Afternoon Ride,Ride,,1891,6.28,181.0,40,false,,1996 Cannondale M200 SE,activities/9161601363.fit.gz,,11.793,1891.0,1891.0,6281.8,7.144,3.322,107.8,107.8,2.2,95.4,17.3,1.4,,,,,,147.0,,,160.0,,,40.0,,,,,,,,,,,,,0.0,,1.0,,,,,,,,,,,,,,,,11490857.0,,,,,,,,,,,0.0,3.322,0.0,,,,,,,,,,,,,,,,,""
8535531605,"Feb 10, 2023, 3:08:18 AM",Evening Tennis,Workout,,7042,0,176.0,109,false,,,activities/9161894515.fit.gz,,,7042.0,7042.0,0.0,0.0,0.0,0.0,,,,0.0,0.0,,,,,,142.0,,,852.0,,,109.0,,,,,,,,,,,,,0.0,,1.0,,,,,,,,,,,,,,,,,,,,,,,,,,,0.0,0.0,0.0,,,,,,,,,,,,,,,,,""
8535531721,"Feb 10, 2023, 2:37:13 AM",Evening Walk,Walk,,1687,2.31,133.0,5,false,,,activities/9161894635.fit.gz,,,1687.0,1653.0,2317.2,2.799,1.402,0.0,90.0,3.8,94.4,4.0,-3.9,,,,,,114.0,,,113.0,,,5.0,,,,,,,,,,,,,0.0,,1.0,,,,,,,,,,,,,,,,,,,,,,,,,,,0.0,1.374,0.0,,,,,,,,,,,,,,,,,""
8540144838,"Feb 11, 2023, 2:03:07 AM",Evening Ride,Ride,,715,2.27,145.0,2,false,,1996 Cannondale M200 SE,activities/9167024775.fit.gz,,11.793,715.0,664.0,2273.7,10.446,3.424,0.0,90.8,4.0,94.8,2.6,-4.0,,,,,,107.0,,,36.0,,,2.0,,,,,,,,,,,,,0.0,,1.0,,,,,,,,,,,,,,,,11490857.0,,,,,,,,,,,0.0,3.18,0.0,,,,,,,,,,,,,,,,,""
8540624100,"Feb 11, 2023, 5:41:06 AM",Night Ride,Ride,,1080,2.90,99.0,1,false,,1996 Cannondale M200 SE,activities/9167569281.fit.gz,,11.793,1080.0,849.0,2908.7,7.268,3.426,9.2,5.0,4.6,13.8,7.3,0.1,,,,,,95.0,,,38.0,,,1.0,,,,,,,,,,,,,0.0,,1.0,,,,,,,,,,,,,,,,11490857.0,,,,,,,,,,,0.0,2.693,0.0,,,,,,,,,,,,,,,,,""
8540624134,"Feb 11, 2023, 3:01:39 AM",Evening Ride,Ride,,1963,5.34,138.0,5,false,,1996 Cannondale M200 SE,activities/9167569311.fit.gz,,11.793,1963.0,1807.0,5343.3,7.45,2.957,50.0,8.0,6.8,54.0,14.0,0.8,,,,,,110.0,,,91.0,,,5.0,,,,,,,,,,,,,0.0,,1.0,,,,,,,,,,,,,,,,11490857.0,,,,,,,,,,,0.0,2.722,0.0,,,,,,,,,,,,,,,,,""
8540624189,"Feb 11, 2023, 4:19:29 AM",1st east bay bike party!,Ride,Ty kevinnn,2823,8.34,120.0,6,false,,1996 Cannondale M200 SE,activities/9167569345.fit.gz,,11.793,2823.0,2733.0,8346.6,15.322,3.054,30.8,77.4,5.2,60.2,14.5,-0.6,,,,,,99.0,,,139.0,,,6.0,,,,,,,,,,,0.0,,0.0,,1.0,,,,,,,,,,,,,,,,11490857.0,,,,,,,,,,,0.0,2.957,9.8,,,,,,,,,,,,,,,,,media/507BC352-5829-49DA-A83F-A78B27F221B8.jpg|media/8A9C0200-A155-4846-B660-DFEFA2C6B9CC.mp4|media/FA3AF065-646C-43BF-8DA4-B8A3C0F8F864.jpg
8544665304,"Feb 11, 2023, 6:20:03 PM",Morning Walk,Walk,,3386,4.41,148.0,9,false,,,activities/9172060300.fit.gz,,,3386.0,3002.0,4413.9,3.806,1.47,91.4,119.2,35.4,91.0,20.9,-0.6,,,,,,110.0,,,230.0,,,9.0,,,,,,,,,,,,,0.0,,1.0,,,,,,,,,,,,,,,,,,,,,,,,,,,0.0,1.304,0.0,,,,,,,,,,,,,,,,,""
8544997990,"Feb 11, 2023, 8:23:40 PM",Lunch Workout,Workout,,607,0,117.0,1,false,,,activities/9172437379.fit.gz,,,607.0,607.0,0.0,0.0,0.0,0.0,,,,0.0,0.0,,,,,,102.0,,,39.0,,,1.0,,,,,,,,,,,,,0.0,,1.0,,,,,,,,,,,,,,,,,,,,,,,,,,,0.0,0.0,0.0,,,,,,,,,,,,,,,,,""
8551839232,"Feb 12, 2023, 9:46:43 PM",Go birds ride hi kevin and friends,Ride,"",4131,7.76,146.0,7,false,,1996 Cannondale M200 SE,activities/9180159773.fit.gz,,11.793,4131.0,2415.0,7764.2,10.436,3.215,43.4,133.8,2.0,105.4,40.0,-1.2,,,,,,106.0,,,124.0,,,7.0,,,,,,,,,,,0.0,,0.0,,1.0,,,,,,,,,,,,,,,,11490857.0,,,,,,,,,,,0.0,1.879,0.0,,,,,,,,,,,,,,,,,media/636103B9-2FF7-407A-986E-D9A08CF55A4C.jpg
8552306864,"Feb 13, 2023, 3:26:45 AM",Evening Ride,Ride,,1281,2.94,167.0,12,false,,1996 Cannondale M200 SE,activities/9180699536.fit.gz,,11.793,1281.0,1234.0,2946.7,5.894,2.388,89.2,89.2,12.4,94.0,21.0,2.7,,,,,,134.0,,,85.0,,,12.0,,,,,,,,,,,,,0.0,,1.0,,,,,,,,,,,,,,,,11490857.0,,,,,,,,,,,0.0,2.3,0.0,,,,,,,,,,,,,,,,,""
8555364561,"Feb 13, 2023, 5:59:38 PM",Morning Run,Run,,286,1.08,147.0,2,false,,,activities/9184120754.fit.gz,,,286.0,240.0,1081.9,4.784,4.508,0.0,23.2,20.2,43.6,3.2,-4.0,,,,,,140.0,,,61.0,,,2.0,,,,,,,,,,,,,0.0,,1.0,538.3,,,,,,,,,,,,,,,,,,,,,,,,,,0.0,3.783,0.0,,,,,,,,,,,,,,,,,""
8557620139,"Feb 13, 2023, 7:37:51 PM",Lunch Walk,Walk,,6777,3.31,117.0,6,false,,,activities/9186604782.fit.gz,,,6777.0,2511.0,3309.9,3.09,1.318,54.6,41.2,5.4,20.8,46.4,0.4,,,,,,98.0,,,150.0,,,6.0,,,,,,,,,,,,,0.0,,1.0,,,,,,,,,,,,,,,,,,,,,,,,,,,0.0,0.488,0.0,,,,,,,,,,,,,,,,,""
8561022776,"Feb 14, 2023, 5:34:45 PM",Morning Walk,Walk,,1397,1.86,127.0,4,false,,,activities/9190390593.fit.gz,,,1397.0,1351.0,1868.0,2.838,1.383,0.0,94.0,4.4,98.4,6.4,-5.1,,,,,,108.0,,,85.0,,,4.0,,,,,,,,,,,,,0.0,,1.0,,,,,,,,,,,,,,,,,,,,,,,,,,,0.0,1.337,0.0,,,,,,,,,,,,,,,,,""
8563381005,"Feb 15, 2023, 3:13:43 AM",Evening Tennis,Workout,,4776,0,184.0,150,false,,,activities/9192994132.fit.gz,,,4776.0,4776.0,0.0,0.0,0.0,0.0,,,,0.0,0.0,,,,,,155.0,,,685.0,,,150.0,,,,,,,,,,,,,0.0,,1.0,,,,,,,,,,,,,,,,,,,,,,,,,,,0.0,0.0,0.0,,,,,,,,,,,,,,,,,""
8567099924,"Feb 15, 2023, 6:49:38 PM",Morning Walk,Walk,,887,1.52,120.0,2,false,,,activities/9197113303.fit.gz,,,887.0,887.0,1523.1,3.202,1.717,0.0,90.4,9.6,102.0,18.8,-6.7,,,,,,110.0,,,70.0,,,2.0,,,,,,,,,,,,,0.0,,1.0,,,,,,,,,,,,,,,,,,,,,,,,,,,0.0,1.717,102.6,,,,,,,,,,,,,,,,,""
8567532199,"Feb 15, 2023, 8:18:31 PM",Lunch Walk,Walk,,824,1.34,125.0,1,false,,,activities/9197586581.fit.gz,,,824.0,576.0,1345.3,2.878,2.336,10.2,26.4,33.2,57.2,14.9,13.1,,,,,,99.0,,,98.0,,,1.0,,,,,,,,,,,,,0.0,,1.0,,,,,,,,,,,,,,,,,,,,,,,,,,,0.0,1.633,0.0,,,,,,,,,,,,,,,,,""
8573078325,"Feb 16, 2023, 6:38:20 PM",Morning Walk,Walk,,1319,1.94,128.0,3,false,,,activities/9203703766.fit.gz,,,1319.0,1287.0,1944.6,2.924,1.511,0.0,103.6,4.4,108.2,6.0,-5.4,,,,,,106.0,,,85.0,,,3.0,,,,,,,,,,,,,0.0,,1.0,,,,,,,,,,,,,,,,,,,,,,,,,,,0.0,1.474,0.0,,,,,,,,,,,,,,,,,""
8574216689,"Feb 17, 2023, 3:00:43 AM",Evening Walk,Walk,,143,0.91,128.0,0,false,,,activities/9204951929.fit.gz,,,143.0,143.0,915.0,2.503,6.399,4.4,3.2,89.0,93.4,9.3,0.7,,,,,,121.0,,,94.0,,,0.0,,,,,,,,,,,,,0.0,,1.0,,,,,,,,,,,,,,,,,,,,,,,,,,,0.0,6.399,0.0,,,,,,,,,,,,,,,,,""
8578648127,"Feb 17, 2023, 9:37:20 PM",Afternoon Walk,Walk,,4338,5.97,139.0,12,false,,,activities/9209809081.fit.gz,,,4338.0,4073.0,5971.0,3.11,1.466,107.8,107.8,50.6,104.4,20.6,-0.5,,,,,,111.0,,,312.0,,,12.0,,,,,,,,,,,,,0.0,,1.0,,,,,,,,,,,,,,,,,,,,,,,,,,,0.0,1.376,0.0,,,,,,,,,,,,,,,,,""
8579007313,"Feb 18, 2023, 2:14:15 AM",Evening Tennis,Workout,,5544,0,175.0,90,false,,,activities/9210196346.fit.gz,,,5544.0,5544.0,0.0,0.0,0.0,0.0,,,,0.0,0.0,,,,,,144.0,,,712.0,,,90.0,,,,,,,,,,,,,0.0,,1.0,,,,,,,,,,,,,,,,,,,,,,,,,,,0.0,0.0,0.0,,,,,,,,,,,,,,,,,""
8584847889,"Feb 18, 2023, 10:43:44 PM",Afternoon Walk,Walk,,67,2.05,,,false,,,activities/9216476364.fit.gz,,,67.0,67.0,2058.4,1.434,30.723,0.0,0.8,29.2,31.0,8.9,-1.7,,,,,,,,,82.0,,,,,,,,,,,,,,,,0.0,,1.0,,,,,,,,,,,,,,,,,,,,,,,,,,,0.0,30.723,0.0,,,,,,,,,,,,,,,,,""
8584847898,"Feb 19, 2023, 1:26:19 AM",Afternoon Walk,Walk,,788,2.22,126.0,2,false,,,activities/9216476368.fit.gz,,,788.0,738.0,2225.9,5.895,3.016,2.0,4.4,19.6,24.0,10.8,2.1,,,,,,107.0,,,94.0,,,2.0,,,,,,,,,,,,,0.0,,1.0,,,,,,,,,,,,,,,,,,,,,,,,,,,0.0,2.825,0.0,,,,,,,,,,,,,,,,,""
8584847900,"Feb 18, 2023, 7:04:15 PM",Lunch Walk,Walk,,1499,2.13,127.0,5,false,,,activities/9216476373.fit.gz,,,1499.0,1459.0,2136.5,2.658,1.464,15.4,7.0,21.2,33.0,15.6,0.4,,,,,,123.0,,,91.0,,,5.0,,,,,,,,,,,,,0.0,,1.0,,,,,,,,,,,,,,,,,,,,,,,,,,,0.0,1.425,0.0,,,,,,,,,,,,,,,,,""
8590497306,"Feb 19, 2023, 11:30:46 PM",Afternoon Walk,Walk,,3513,5.13,141.0,11,false,,,activities/9222584060.fit.gz,,,3513.0,3391.0,5132.1,3.688,1.513,62.8,62.8,16.0,95.6,25.1,-1.4,,,,,,115.0,,,237.0,,,11.0,,,,,,,,,,,,,0.0,,1.0,,,,,,,,,,,,,,,,,,,,,,,,,,,0.0,1.461,123.5,,,,,,,,,,,,,,,,,""
8590711301,"Feb 20, 2023, 12:35:11 AM",Afternoon Tennis,Workout,,6928,0,185.0,83,false,,,activities/9222815948.fit.gz,,,6928.0,6928.0,0.0,0.0,0.0,0.0,,,,0.0,0.0,,,,,,139.0,,,841.0,,,83.0,,,,,,,,,,,,,0.0,,1.0,,,,,,,,,,,,,,,,,,,,,,,,,,,0.0,0.0,0.0,,,,,,,,,,,,,,,,,""
8595126476,"Feb 20, 2023, 6:39:26 PM",Modified bakery ride w/ Andrew p1,Ride,I ended the workout instead of paused 🥲,7456,17.60,174.0,31,false,,1996 Cannondale M200 SE,activities/9227516208.fit.gz,,11.793,7456.0,4190.0,17604.4,12.148,4.202,188.0,188.0,8.0,95.4,17.0,-0.2,,,,,,123.0,,,352.0,,,31.0,,,,,,,,,,,0.0,,0.0,,1.0,,,,,,,,,,,,,,,,11490857.0,,,,,,,,,,,0.0,2.361,0.0,,,,,,,,,,,,,,,,,""
8595535303,"Feb 20, 2023, 9:27:38 PM",Bakery ride w/ Andrew cont.,Ride,"",6961,7.04,171.0,21,false,,1996 Cannondale M200 SE,activities/9227943928.fit.gz,,11.793,6961.0,2565.0,7047.1,13.532,2.747,122.8,122.8,39.2,96.2,18.6,0.5,,,,,,124.0,,,162.0,,,21.0,,,,,,,,,,,0.0,,0.0,,1.0,,,,,,,,,,,,,,,,11490857.0,,,,,,,,,,,0.0,1.012,0.0,,,,,,,,,,,,,,,,,""
8595554568,"Feb 11, 2023, 4:22:11 AM",Evening Ride,Ride,,753106,12.87,,,false,,1996 Cannondale M200 SE,activities/8595554568.fit,,11.793,753106.0,4321.0,12873.2,9.164,2.979,23.6,68.0,5.7,55.9,10.0,-0.3,,,,,,,,,,,,,,,,,,,,,,,,,0.0,,1.0,,,,,,,,,,,,,,,,11490857.0,,,,,,,,,,,0.0,0.017,0.0,,,,,,,,,,,,,,,,,""
8600719994,"Feb 21, 2023, 7:11:57 PM",Lunch Walk,Walk,,1182,1.74,147.0,26,false,,,activities/9233426495.fit.gz,,,1182.0,1166.0,1745.4,3.794,1.497,3.0,91.4,4.0,95.4,18.5,-5.1,,,,,,147.0,,,78.0,,,26.0,,,,,,,,,,,,,0.0,,1.0,,,,,,,,,,,,,,,,,,,,,,,,,,,0.0,1.477,0.0,,,,,,,,,,,,,,,,,""
8606568081,"Feb 22, 2023, 9:19:18 PM",Post-all hands x slides Presidio to beach ,Run,Hills post-beach💀 ☠️,5502,13.78,183.0,280,false,,,activities/9239579942.fit.gz,,,5502.0,5416.0,13782.2,6.926,2.545,210.4,208.4,4.0,112.4,19.1,-0.1,,,,,,171.0,,,849.0,,,280.0,,,,,,,,,,,0.0,,0.0,,1.0,14313.8,,,,,,,,,,,,,,,,,,,,,,,,,,0.0,2.505,3038.1,,,,,,,,,,,,,,,,,media/AF1B4D97-B231-4C1E-9026-C5294B980E2F.mp4|media/1C9C3F12-DBA5-43FD-9F3F-9689780E8705.jpg
8607247120,"Feb 23, 2023, 2:21:21 AM",To trivia ,Walk,"",1333,2.04,149.0,5,false,,,activities/9240288090.fit.gz,,,1333.0,1284.0,2042.6,3.536,1.591,26.8,26.8,52.6,94.2,37.0,-2.0,,,,,,118.0,,,103.0,,,5.0,,,,,,,,,,,0.0,,0.0,,1.0,,,,,,,,,,,,,,,,,,,,,,,,,,,0.0,1.532,0.0,,,,,,,,,,,,,,,,,""
8607531995,"Feb 23, 2023, 5:24:43 AM",Post-trivia,Walk,"",1601,2.01,120.0,4,false,,,activities/9240589815.fit.gz,,,1601.0,1502.0,2018.6,3.591,1.344,61.8,61.8,51.6,95.8,38.1,1.6,,,,,,103.0,,,116.0,,,4.0,,,,,,,,,,,0.0,,0.0,,1.0,,,,,,,,,,,,,,,,,,,,,,,,,,,0.0,1.261,0.0,,,,,,,,,,,,,,,,,""
8610639048,"Feb 23, 2023, 5:52:01 PM",Morning Walk,Walk,,1335,1.87,116.0,3,false,,,activities/9243872041.fit.gz,,,1335.0,1335.0,1870.4,2.926,1.401,0.0,92.0,3.4,96.8,5.2,-5.0,,,,,,94.0,,,84.0,,,3.0,,,,,,,,,,,,,0.0,,1.0,,,,,,,,,,,,,,,,,,,,,,,,,,,0.0,1.401,0.0,,,,,,,,,,,,,,,,,""
8612470807,"Feb 24, 2023, 1:56:19 AM",Afternoon Walk,Walk,,1424,1.88,147.0,4,false,,,activities/9245785279.fit.gz,,,1424.0,1372.0,1887.8,2.924,1.376,90.2,1.0,4.0,94.2,25.5,4.8,,,,,,107.0,,,129.0,,,4.0,,,,,,,,,,,,,0.0,,1.0,,,,,,,,,,,,,,,,,,,,,,,,,,,0.0,1.326,0.0,,,,,,,,,,,,,,,,,""
8612813263,"Feb 24, 2023, 5:05:09 AM",Night Pickleball,Workout,,3584,0,163.0,18,false,,,activities/9246152152.fit.gz,,,3584.0,3584.0,0.0,0.0,0.0,0.0,,,,0.0,0.0,,,,,,127.0,,,383.0,,,18.0,,,,,,,,,,,,,0.0,,1.0,,,,,,,,,,,,,,,,,,,,,,,,,,,0.0,0.0,0.0,,,,,,,,,,,,,,,,,""
8616536796,"Feb 24, 2023, 9:50:58 PM",Afternoon Walk,Walk,,2391,1.90,118.0,3,false,,,activities/9250078319.fit.gz,,,2391.0,1483.0,1903.1,2.642,1.283,7.0,14.2,187.6,197.0,14.0,-0.4,,,,,,98.0,,,90.0,,,3.0,,,,,,,,,,,,,0.0,,1.0,,,,,,,,,,,,,,,,,,,,,,,,,,,0.0,0.796,4.3,,,,,,,,,,,,,,,,,""
8617462018,"Feb 25, 2023, 4:15:33 AM",45 min Pop Ride with Kendall Toole,Ride,"Total Output: 203.2 kJ
Leaderboard Rank: 5,774 / 7,099",1986,14.22,,,false,,1996 Cannondale M200 SE,activities/9251045969.tcx.gz,,11.793,1986.0,1986.0,14226.0,10.334,7.163,0.0,,,,0.0,0.0,,,150.0,74.0,,,,102.0,275.0,,,,,,,,,,,,114.0,1987.0,,,0.0,,1.0,,,,,,,,,,,,,,,,11490857.0,,,,,,,,,,,0.0,7.163,0.0,,,,,,,,,,,,,,,,,media/f510a842-1e03-464c-aa29-21fd6a00e0b3.jpg
8623111638,"Feb 26, 2023, 4:25:39 AM",45 min Pop Ride with Cody Rigsby,Ride,"Total Output: 276.2 kJ
Leaderboard Rank: 5,390 / 9,306",2700,19.32,,,false,,1996 Cannondale M200 SE,activities/9257026903.tcx.gz,,11.793,2700.0,2700.0,19319.2,9.924,7.155,0.0,,,,0.0,0.0,,,117.0,71.0,,,,103.0,391.0,,,,,,,,,,,,113.0,2699.0,,,0.0,,1.0,,,,,,,,,,,,,,,,11490857.0,,,,,,,,,,,0.0,7.155,0.0,,,,,,,,,,,,,,,,,media/c24da12e-2709-4e77-9bfd-b25217a81eb5.jpg
8627310329,"Feb 26, 2023, 6:06:55 PM",Morning Walk,Walk,,5,1.02,,,false,,,activities/9261482074.fit.gz,,,5.0,5.0,1022.3,4.208,204.462,0.0,1.2,55.8,57.0,-2.4,-6.2,,,,,,,,,39.0,,,,,,,,,,,,,,,,0.0,,1.0,,,,,,,,,,,,,,,,,,,,,,,,,,,0.0,204.462,0.0,,,,,,,,,,,,,,,,,""
8628765968,"Feb 27, 2023, 1:06:25 AM",Afternoon Walk,Walk,,797,0.76,146.0,1,false,,,activities/9263016602.fit.gz,,,797.0,523.0,762.7,3.072,1.458,5.0,1.4,31.6,36.6,8.2,0.5,,,,,,101.0,,,43.0,,,1.0,,,,,,,,,,,,,0.0,,1.0,,,,,,,,,,,,,,,,,,,,,,,,,,,0.0,0.957,0.0,,,,,,,,,,,,,,,,,""
8628893921,"Feb 27, 2023, 2:03:54 AM",Evening Walk,Walk,,1267,2.03,127.0,2,false,,,activities/9263151999.fit.gz,,,1267.0,733.0,2037.5,5.58,2.78,13.0,-0.4,81.2,94.6,11.9,1.2,,,,,,117.0,,,107.0,,,2.0,,,,,,,,,,,,,0.0,,1.0,,,,,,,,,,,,,,,,,,,,,,,,,,,0.0,1.608,0.0,,,,,,,,,,,,,,,,,""
8629178177,"Feb 27, 2023, 5:10:28 AM",60 min Pop Ride with Emma Lovewell,Ride,"Total Output: 358.7 kJ
Leaderboard Rank: 8,181 / 11,077",3600,25.62,,,false,,1996 Cannondale M200 SE,activities/9263458088.tcx.gz,,11.793,3600.0,3600.0,25620.4,9.802,7.117,0.0,,,,0.0,0.0,,,123.0,77.0,,,,100.0,507.0,,,,,,,,,,,,109.0,3601.0,,,0.0,,1.0,,,,,,,,,,,,,,,,11490857.0,,,,,,,,,,,0.0,7.117,0.0,,,,,,,,,,,,,,,,,media/9dabb3e1-f0e5-428a-907f-6c57edef165b.jpg
8629368716,"Feb 27, 2023, 5:09:47 AM",Night Ride,Ride,,3664,0,188.0,99,false,,1996 Cannondale M200 SE,activities/9263662964.fit.gz,,11.793,3664.0,3664.0,0.0,0.0,0.0,0.0,,,,0.0,0.0,,,,,,154.0,,,536.0,,,99.0,,,,,,,,,,,,,0.0,,1.0,,,,,,,,,,,,,,,,11490857.0,,,,,,,,,,,0.0,0.0,0.0,,,,,,,,,,,,,,,,,""
8631955104,"Feb 27, 2023, 5:40:09 PM",30 min Country Ride with Ally Love,Ride,"Total Output: 166.6 kJ
Leaderboard Rank: 2,935 / 4,462",1800,12.41,,,false,,1996 Cannondale M200 SE,activities/9266384362.tcx.gz,,11.793,1800.0,1800.0,12416.7,10.186,6.898,0.0,,,,0.0,0.0,,,111.0,75.0,,,,92.0,235.0,,,,,,,,,,,,100.0,1801.0,,,0.0,,1.0,,,,,,,,,,,,,,,,11490857.0,,,,,,,,,,,0.0,6.898,0.0,,,,,,,,,,,,,,,,,media/06670b31-392d-41f8-935b-2223fd756d54.jpg
8639393241,"Mar 1, 2023, 12:51:45 AM",Afternoon Run,Run,,328,0.76,129.0,1,false,,,activities/9274134488.fit.gz,,,328.0,303.0,764.8,5.076,2.524,0.0,46.6,47.2,93.8,4.9,-6.1,,,,,,124.0,,,41.0,,,1.0,,,,,,,,,,,,,0.0,,1.0,724.9,,,,,,,,,,,,,,,,,,,,,,,,,,0.0,2.332,0.0,,,,,,,,,,,,,,,,,""
8639643541,"Mar 1, 2023, 1:42:49 AM",Afternoon Elliptical,Elliptical,,2595,0,160.0,55,false,,,activities/9274407730.fit.gz,,,2595.0,2595.0,0.0,0.0,0.0,0.0,,,,0.0,0.0,,,,,,148.0,,,354.0,,,55.0,,,,,,,,,,,,,0.0,,1.0,,,,,,,,,,,,,,,,,,,,,,,,,,,0.0,0.0,0.0,,,,,,,,,,,,,,,,,""
8645297336,"Mar 2, 2023, 2:45:18 AM",Evening Ride,Ride,,785,3.15,136.0,1,false,,1996 Cannondale M200 SE,activities/9280312035.fit.gz,,11.793,785.0,744.0,3156.6,10.256,4.243,4.8,4.8,11.8,108.8,23.0,-3.0,,,,,,101.0,,,62.0,,,1.0,,,,,,,,,,,,,0.0,,1.0,,,,,,,,,,,,,,,,11490857.0,,,,,,,,,,,0.0,4.021,0.0,,,,,,,,,,,,,,,,,""
8645369928,"Mar 2, 2023, 3:10:49 AM",Evening Ride post—Yelp,Ride,Tswift bar!!,1852,6.86,154.0,9,false,,1996 Cannondale M200 SE,activities/9280387834.fit.gz,,11.793,1852.0,1830.0,6867.2,7.548,3.753,100.8,100.8,3.0,94.8,16.3,1.2,,,,,,123.0,,,160.0,,,9.0,,,,,,,,,,,0.0,,0.0,,1.0,,,,,,,,,,,,,,,,11490857.0,,,,,,,,,,,0.0,3.708,0.0,,,,,,,,,,,,,,,,,media/442DC997-793D-4181-BC85-AAC5C0250DD7.jpg
8645697790,"Mar 2, 2023, 5:56:11 AM",Night HIIT,Workout,,1533,0,160.0,22,false,,,activities/9280734363.fit.gz,,,1533.0,1533.0,0.0,0.0,0.0,0.0,,,,0.0,0.0,,,,,,139.0,,,188.0,,,22.0,,,,,,,,,,,,,0.0,,1.0,,,,,,,,,,,,,,,,,,,,,,,,,,,0.0,0.0,0.0,,,,,,,,,,,,,,,,,""
8649260391,"Mar 2, 2023, 7:29:51 PM",Zoom zoom post-livestream,Ride,"",1314,6.17,153.0,7,false,"",1996 Cannondale M200 SE,activities/9284469235.fit.gz,,11.793,1314.0,1178.0,6169.9,11.756,5.238,13.0,13.0,4.2,94.8,22.1,-1.4,,,,,,121.0,,,107.0,,,7.0,,,,,,,,,,,,,0.0,,1.0,,,,,,,,,,,,,,,,11490857.0,,,,,,,,,,,0.0,4.696,0.0,,,,,,,,,,,,,,,,,""
8650757543,"Mar 3, 2023, 2:30:04 AM",Post-office tiktoks and Haas biz talks ,Ride,Jeff e-biked to the office today 🚴🏼 TWIN,1938,6.28,174.0,27,false,,1996 Cannondale M200 SE,activities/9286012982.fit.gz,,11.793,1938.0,1818.0,6279.8,7.836,3.454,103.6,103.6,4.2,95.6,18.0,1.4,,,,,,131.0,,,160.0,,,27.0,,,,,,,,,,,0.0,,0.0,,1.0,,,,,,,,,,,,,,,,11490857.0,,,,,,,,,,,0.0,3.24,0.0,,,,,,,,,,,,,,,,,media/00D7F97F-20F5-4024-A353-272819307596.mp4
8651155930,"Mar 3, 2023, 6:34:50 AM",Night HIIT,Workout,,937,0,151.0,11,false,,,activities/9286432440.fit.gz,,,937.0,937.0,0.0,0.0,0.0,0.0,,,,0.0,0.0,,,,,,137.0,,,108.0,,,11.0,,,,,,,,,,,,,0.0,,1.0,,,,,,,,,,,,,,,,,,,,,,,,,,,0.0,0.0,0.0,,,,,,,,,,,,,,,,,""
8655283154,"Mar 3, 2023, 7:30:24 PM",Lunch Ride to 1st time coaching pickleball,Ride,"",1704,6.22,177.0,22,false,,1996 Cannondale M200 SE,activities/9290758121.fit.gz,,11.793,1704.0,1595.0,6228.6,10.352,3.905,71.0,71.0,21.6,96.0,27.7,-0.3,,,,,,136.0,,,138.0,,,22.0,,,,,,,,,,,0.0,,0.0,,1.0,,,,,,,,,,,,,,,,11490857.0,,,,,,,,,,,0.0,3.655,0.0,,,,,,,,,,,,,,,,,""
8655283533,"Mar 3, 2023, 11:32:08 PM",Afternoon Ride for coffee post-pickleball coaching ,Ride,"",3653,12.18,176.0,32,false,,1996 Cannondale M200 SE,activities/9290758492.fit.gz,,11.793,3653.0,2828.0,12185.7,10.476,4.309,142.8,123.4,39.6,97.8,18.4,0.2,,,,,,134.0,,,270.0,,,32.0,,,,,,,,,,,0.0,,0.0,,1.0,,,,,,,,,,,,,,,,11490857.0,,,,,,,,,,,0.0,3.336,0.0,,,,,,,,,,,,,,,,,""
8660035780,"Mar 4, 2023, 6:02:22 PM",Morning Ride,Ride,,1647,6.24,181.0,29,false,,1996 Cannondale M200 SE,activities/9296132104.fit.gz,,11.793,1647.0,1584.0,6244.4,10.512,3.942,69.0,69.0,21.8,97.2,17.4,-0.4,,,,,,145.0,,,146.0,,,29.0,,,,,,,,,,,,,0.0,,1.0,,,,,,,,,,,,,,,,11490857.0,,,,,,,,,,,0.0,3.791,0.0,,,,,,,,,,,,,,,,,""
8660723360,"Mar 4, 2023, 10:14:20 PM",Afternoon Walk,Walk,,710,1.34,121.0,2,false,,,activities/9296896416.fit.gz,,,710.0,710.0,1345.4,3.774,1.895,0.0,83.8,11.4,95.2,1.9,-6.6,,,,,,110.0,,,71.0,,,2.0,,,,,,,,,,,,,0.0,,1.0,,,,,,,,,,,,,,,,,,,,,,,,,,,0.0,1.895,142.2,,,,,,,,,,,,,,,,,""
8665778067,"Mar 5, 2023, 4:00:18 PM",Chinatown LNY 10k,Run,"",3457,10.25,190.0,181,false,,,activities/9302310694.fit.gz,,,3457.0,3457.0,10255.6,5.454,2.967,77.6,92.4,3.8,34.6,23.5,-0.1,,,,,,173.0,,,611.0,,,181.0,,,,,,,,,,,0.0,,0.0,,1.0,10392.7,,,,,,,,,,,,,,,,,,,,,,,,,,0.0,2.967,0.0,,,,,,,,,,,,,,,,,""
8672063657,"Mar 6, 2023, 9:51:41 PM",Ride 2 Duboce 2 plan devs && dumps 2,Ride,"",1258,4.18,162.0,7,false,"",1996 Cannondale M200 SE,activities/9308951056.fit.gz,,11.793,1258.0,1144.0,4186.1,8.976,3.659,37.4,37.4,22.0,93.4,25.4,-1.3,,,,,,116.0,,,84.0,,,7.0,,,,,,,,,,,,,0.0,,1.0,,,,,,,,,,,,,,,,11490857.0,,,,,,,,,,,0.0,3.328,0.0,,,,,,,,,,,,,,,,,""
8672533193,"Mar 6, 2023, 11:39:57 PM",Afternoon Ride post-devs x dumps 2 planning,Ride,"",1523,4.37,163.0,12,false,"",1996 Cannondale M200 SE,activities/9309436385.fit.gz,,11.793,1523.0,1437.0,4370.9,8.59,3.042,100.4,100.4,19.6,95.0,16.4,1.1,,,,,,124.0,,,119.0,,,12.0,,,,,,,,,,,,,0.0,,1.0,,,,,,,,,,,,,,,,11490857.0,,,,,,,,,,,0.0,2.87,0.0,,,,,,,,,,,,,,,,,""
8684219256,"Mar 9, 2023, 2:15:39 AM",Evening Tennis,Workout,,9379,0,164.0,84,false,,,activities/9321653470.fit.gz,,,9379.0,9379.0,0.0,0.0,0.0,0.0,,,,0.0,0.0,,,,,,133.0,,,930.0,,,84.0,,,,,,,,,,,,,0.0,,1.0,,,,,,,,,,,,,,,,,,,,,,,,,,,0.0,0.0,0.0,,,,,,,,,,,,,,,,,""
8687104564,"Mar 9, 2023, 5:28:16 PM",Morning Walk,Walk,,1339,1.87,131.0,4,false,,,activities/9324673080.fit.gz,,,1339.0,1299.0,1871.9,2.858,1.441,0.0,89.8,4.4,94.4,5.2,-4.8,,,,,,119.0,,,78.0,,,4.0,,,,,,,,,,,,,0.0,,1.0,,,,,,,,,,,,,,,,,,,,,,,,,,,0.0,1.398,0.0,,,,,,,,,,,,,,,,,""
8689307518,"Mar 10, 2023, 4:08:26 AM",Evening Elliptical,Elliptical,,1697,0,159.0,39,false,,,activities/9326951224.fit.gz,,,1697.0,1697.0,0.0,0.0,0.0,0.0,,,,0.0,0.0,,,,,,149.0,,,216.0,,,39.0,,,,,,,,,,,,,0.0,,1.0,,,,,,,,,,,,,,,,,,,,,,,,,,,0.0,0.0,0.0,,,,,,,,,,,,,,,,,""
8693325858,"Mar 10, 2023, 11:42:48 PM",Afternoon Swim,Swim,,1054,433,151.0,9,false,,,activities/9331167996.fit.gz,,,1054.0,1054.0,432.5,2.012,0.41,0.0,,,,0.0,0.0,,,,,,115.0,,,121.0,,,9.0,,,,,,,,,,,,,0.0,,1.0,,,,,,,,,,,,,,,,,,,,,,,,,,,0.0,0.41,0.0,,,,,,,,,,,,,,,,,""
8693836461,"Mar 11, 2023, 12:38:44 AM",Not raining so walk to Jana vc happy hour ,Walk,Maybe a founder will sponsor devs and dumps,3110,4.18,126.0,9,false,,,activities/9331706556.fit.gz,,,3110.0,3074.0,4188.2,2.651,1.362,11.4,11.4,5.8,102.8,34.7,-2.2,,,,,,109.0,,,203.0,,,9.0,,,,,,,,,,,0.0,,0.0,,1.0,,,,,,,,,,,,,,,,,,,,,,,,,,,0.0,1.347,0.0,,,,,,,,,,,,,,,,,""
8693978378,"Mar 11, 2023, 3:16:21 AM",Post-Margs brewery hop ,Walk,Tis a beautiful night 🥹🥹,1553,1.82,141.0,5,false,,,activities/9331855745.fit.gz,,,1553.0,1458.0,1822.3,4.102,1.25,33.0,49.8,5.6,26.8,30.5,-0.9,,,,,,121.0,,,87.0,,,5.0,,,,,,,,,,,0.0,,0.0,,1.0,,,,,,,,,,,,,,,,,,,,,,,,,,,0.0,1.173,0.0,,,,,,,,,,,,,,,,,""
8699400126,"Mar 12, 2023, 1:29:18 AM",Afternoon Weight Training,Weight Training,,1909,0,164.0,15,false,,,activities/9337546140.fit.gz,,,1909.0,1909.0,0.0,0.0,0.0,0.0,,,,0.0,0.0,,,,,,127.0,,,157.0,,,15.0,,,,,,,,,,,,,0.0,,1.0,,,,,,,,,,,,,,,,,,,,,,,,,,,0.0,0.0,0.0,,,,,,,,,,,,,,,,,""
8699474718,"Mar 12, 2023, 2:07:53 AM",Evening Elliptical,Elliptical,,1621,0,154.0,22,false,,,activities/9337624515.fit.gz,,,1621.0,1621.0,0.0,0.0,0.0,0.0,,,,0.0,0.0,,,,,,141.0,,,195.0,,,22.0,,,,,,,,,,,,,0.0,,1.0,,,,,,,,,,,,,,,,,,,,,,,,,,,0.0,0.0,0.0,,,,,,,,,,,,,,,,,""
8705429883,"Mar 12, 2023, 11:42:04 PM",Afternoon Walk,Walk,,2882,3.14,119.0,6,false,,,activities/9343928149.fit.gz,,,2882.0,2383.0,3143.7,4.834,1.319,69.0,69.0,46.0,98.4,16.6,0.0,,,,,,103.0,,,180.0,,,6.0,,,,,,,,,,,,,0.0,,1.0,,,,,,,,,,,,,,,,,,,,,,,,,,,0.0,1.091,0.0,,,,,,,,,,,,,,,,,""
8705620108,"Mar 13, 2023, 1:53:40 AM",Evening Weight Training,Weight Training,,1533,0,172.0,18,false,,,activities/9344128305.fit.gz,,,1533.0,1533.0,0.0,0.0,0.0,0.0,,,,0.0,0.0,,,,,,139.0,,,143.0,,,18.0,,,,,,,,,,,,,0.0,,1.0,,,,,,,,,,,,,,,,,,,,,,,,,,,0.0,0.0,0.0,,,,,,,,,,,,,,,,,""
8705666777,"Mar 13, 2023, 2:23:18 AM",Evening Elliptical,Elliptical,,2010,0,170.0,36,false,,,activities/9344178144.fit.gz,,,2010.0,2010.0,0.0,0.0,0.0,0.0,,,,0.0,0.0,,,,,,146.0,,,254.0,,,36.0,,,,,,,,,,,,,0.0,,1.0,,,,,,,,,,,,,,,,,,,,,,,,,,,0.0,0.0,0.0,,,,,,,,,,,,,,,,,""
8710648640,"Mar 14, 2023, 1:28:00 AM",Evening Run,Run,,3145,8.37,177.0,139,false,,,activities/9349394645.fit.gz,,,3145.0,3010.0,8369.2,4.344,2.78,19.2,15.2,88.4,93.8,40.4,0.0,,,,,,168.0,,,485.0,,,139.0,,,,,,,,,,,,,0.0,,1.0,8415.1,,,,,,,,,,,,,,,,,,,,,,,,,,0.0,2.661,0.0,,,,,,,,,,,,,,,,,""
8716372249,"Mar 15, 2023, 2:37:28 AM",Evening HIIT,Workout,,3488,0,145.0,11,false,,,activities/9355555928.fit.gz,,,3488.0,3488.0,0.0,0.0,0.0,0.0,,,,0.0,0.0,,,,,,111.0,,,324.0,,,11.0,,,,,,,,,,,,,0.0,,1.0,,,,,,,,,,,,,,,,,,,,,,,,,,,0.0,0.0,0.0,,,,,,,,,,,,,,,,,""
8721030343,"Mar 15, 2023, 8:41:01 PM",Afternoon Tennis,Workout,,4793,0,179.0,145,false,,,activities/9360476505.fit.gz,,,4793.0,4793.0,0.0,0.0,0.0,0.0,,,,0.0,0.0,,,,,,157.0,,,678.0,,,145.0,,,,,,,,,,,,,0.0,,1.0,,,,,,,,,,,,,,,,,,,,,,,,,,,0.0,0.0,0.0,,,,,,,,,,,,,,,,,""
8721031014,"Mar 15, 2023, 8:12:44 PM",Afternoon Ride,Ride,,1284,4.64,153.0,5,false,,1996 Cannondale M200 SE,activities/9360477241.fit.gz,,11.793,1284.0,1226.0,4642.8,8.956,3.787,8.4,8.4,14.0,95.2,19.1,-1.6,,,,,,119.0,,,91.0,,,5.0,,,,,,,,,,,,,0.0,,1.0,,,,,,,,,,,,,,,,11490857.0,,,,,,,,,,,0.0,3.616,0.0,,,,,,,,,,,,,,,,,""
8721235409,"Mar 15, 2023, 10:11:26 PM",Afternoon Ride,Ride,,2071,6.38,172.0,30,false,,1996 Cannondale M200 SE,activities/9360689774.fit.gz,,11.793,2071.0,1702.0,6383.7,14.818,3.751,98.0,98.0,13.8,96.4,17.8,0.9,,,,,,144.0,,,164.0,,,30.0,,,,,,,,,,,,,0.0,,1.0,,,,,,,,,,,,,,,,11490857.0,,,,,,,,,,,0.0,3.082,65.6,,,,,,,,,,,,,,,,,""
8725031040,"Mar 16, 2023, 4:41:08 PM",Morning Walk,Walk,,1476,1.83,114.0,3,false,,,activities/9364695297.fit.gz,,,1476.0,1394.0,1831.4,2.178,1.314,0.0,91.6,4.2,96.4,5.3,-5.1,,,,,,101.0,,,78.0,,,3.0,,,,,,,,,,,,,0.0,,1.0,,,,,,,,,,,,,,,,,,,,,,,,,,,0.0,1.241,0.0,,,,,,,,,,,,,,,,,""
8727592037,"Mar 17, 2023, 4:17:08 AM",Night Walk,Walk,,195,1.34,110.0,0,false,,,activities/9367356780.fit.gz,,,195.0,195.0,1345.1,2.658,6.898,3.6,0.0,71.4,75.0,17.4,1.3,,,,,,110.0,,,62.0,,,0.0,,,,,,,,,,,,,0.0,,1.0,,,,,,,,,,,,,,,,,,,,,,,,,,,0.0,6.898,0.0,,,,,,,,,,,,,,,,,""
8731836377,"Mar 17, 2023, 10:48:47 PM",Afternoon Run,Run,,389,0.98,167.0,9,false,,,activities/9371855237.fit.gz,,,389.0,372.0,981.5,3.668,2.638,10.8,10.8,53.6,100.8,49.1,-3.8,,,,,,155.0,,,57.0,,,9.0,,,,,,,,,,,,,0.0,,1.0,938.3,,,,,,,,,,,,,,,,,,,,,,,,,,0.0,2.523,0.0,,,,,,,,,,,,,,,,,""
8732507819,"Mar 18, 2023, 2:10:19 AM",Evening Tennis,Workout,,6744,0,180.0,104,false,,,activities/9372553296.fit.gz,,,6744.0,6744.0,0.0,0.0,0.0,0.0,,,,0.0,0.0,,,,,,141.0,,,782.0,,,104.0,,,,,,,,,,,,,0.0,,1.0,,,,,,,,,,,,,,,,,,,,,,,,,,,0.0,0.0,0.0,,,,,,,,,,,,,,,,,""
8732507823,"Mar 18, 2023, 1:02:56 AM",Evening Ride,Ride,,728,2.53,161.0,4,false,,1996 Cannondale M200 SE,activities/9372553298.fit.gz,,11.793,728.0,634.0,2538.3,10.518,4.004,15.2,15.2,32.2,94.6,18.5,-2.3,,,,,,125.0,,,58.0,,,4.0,,,,,,,,,,,,,0.0,,1.0,,,,,,,,,,,,,,,,11490857.0,,,,,,,,,,,0.0,3.487,0.0,,,,,,,,,,,,,,,,,""
8732535776,"Mar 18, 2023, 4:06:44 AM",Night Ride,Ride,,1031,2.45,184.0,20,false,,1996 Cannondale M200 SE,activities/9372582964.fit.gz,,11.793,1031.0,1031.0,2450.8,8.496,2.377,82.8,82.8,31.0,98.4,20.9,2.4,,,,,,143.0,,,80.0,,,20.0,,,,,,,,,,,,,0.0,,1.0,,,,,,,,,,,,,,,,11490857.0,,,,,,,,,,,0.0,2.377,0.0,,,,,,,,,,,,,,,,,""
8737101876,"Mar 18, 2023, 5:16:42 PM",Morning Tennis,Workout,,8004,0,175.0,69,false,,,activities/9377419322.fit.gz,,,8004.0,8004.0,0.0,0.0,0.0,0.0,,,,0.0,0.0,,,,,,126.0,,,792.0,,,69.0,,,,,,,,,,,,,0.0,,1.0,,,,,,,,,,,,,,,,,,,,,,,,,,,0.0,0.0,0.0,,,,,,,,,,,,,,,,,""
8737302265,"Mar 18, 2023, 8:02:02 PM",Afternoon Ride,Ride,,1967,6.30,171.0,22,false,,1996 Cannondale M200 SE,activities/9377631242.fit.gz,,11.793,1967.0,1794.0,6304.4,8.272,3.514,88.2,88.2,19.2,95.2,26.1,0.3,,,,,,134.0,,,161.0,,,22.0,,,,,,,,,,,,,0.0,,1.0,,,,,,,,,,,,,,,,11490857.0,,,,,,,,,,,0.0,3.205,0.0,,,,,,,,,,,,,,,,,""
8737670911,"Mar 18, 2023, 4:14:09 PM",Morning Ride,Ride,,1765,6.40,164.0,11,false,,1996 Cannondale M200 SE,activities/9378016845.fit.gz,,11.793,1765.0,1564.0,6400.5,11.274,4.092,71.2,71.2,21.2,113.4,13.4,-0.6,,,,,,127.0,,,144.0,,,11.0,,,,,,,,,,,,,0.0,,1.0,,,,,,,,,,,,,,,,11490857.0,,,,,,,,,,,0.0,3.626,0.0,,,,,,,,,,,,,,,,,""
8737671093,"Mar 4, 2023, 9:21:45 PM",Afternoon Ride,Ride,,1818,6.23,167.0,18,false,,1996 Cannondale M200 SE,activities/9378017040.fit.gz,,11.793,1818.0,1750.0,6235.7,9.516,3.563,89.4,89.4,19.6,96.8,19.1,0.4,,,,,,131.0,,,144.0,,,18.0,,,,,,,,,,,,,0.0,,1.0,,,,,,,,,,,,,,,,11490857.0,,,,,,,,,,,0.0,3.43,0.0,,,,,,,,,,,,,,,,,""
8737671465,"Mar 18, 2023, 9:24:29 PM",Afternoon Walk,Walk,,1609,2.82,162.0,8,false,,,activities/9378017480.fit.gz,,,1609.0,1569.0,2825.0,5.704,1.801,9.8,100.0,3.8,95.0,20.1,-3.2,,,,,,128.0,,,146.0,,,8.0,,,,,,,,,,,,,0.0,,1.0,,,,,,,,,,,,,,,,,,,,,,,,,,,0.0,1.756,0.0,,,,,,,,,,,,,,,,,""
8743067425,"Mar 19, 2023, 6:01:27 PM",Lunch Walk,Walk,,117,1.33,106.0,0,false,,,activities/9383719139.fit.gz,,,117.0,117.0,1330.5,2.582,11.372,0.0,1.2,11.8,13.6,3.0,0.1,,,,,,99.0,,,55.0,,,0.0,,,,,,,,,,,,,0.0,,1.0,,,,,,,,,,,,,,,,,,,,,,,,,,,0.0,11.372,89.7,,,,,,,,,,,,,,,,,""
8743752163,"Mar 19, 2023, 8:20:02 PM",Afternoon Walk,Walk,,1644,1.24,150.0,3,false,,,activities/9384448780.fit.gz,,,1644.0,1001.0,1243.1,6.025,1.242,84.0,2.4,12.4,94.4,31.3,6.3,,,,,,112.0,,,88.0,,,3.0,,,,,,,,,,,,,0.0,,1.0,,,,,,,,,,,,,,,,,,,,,,,,,,,0.0,0.756,165.7,,,,,,,,,,,,,,,,,""
8744237237,"Mar 19, 2023, 11:01:36 PM",Bike to sports bar for IW men’s final ,Ride,"",1228,4.18,174.0,11,false,,1996 Cannondale M200 SE,activities/9384965610.fit.gz,,11.793,1228.0,1106.0,4184.0,14.452,3.783,40.0,40.0,21.4,97.0,43.6,-1.1,,,,,,132.0,,,93.0,,,11.0,,,,,,,,,,,0.0,,0.0,,1.0,,,,,,,,,,,,,,,,11490857.0,,,,,,,,,,,0.0,3.407,0.0,,,,,,,,,,,,,,,,,""
8744472156,"Mar 20, 2023, 12:48:43 AM",Is this how group chats form bike from Haight ,Ride,"",1413,4.26,173.0,34,false,,1996 Cannondale M200 SE,activities/9385214029.fit.gz,,11.793,1413.0,1306.0,4260.7,10.426,3.262,92.6,92.6,17.6,94.4,39.1,1.1,,,,,,153.0,,,127.0,,,34.0,,,,,,,,,,,0.0,,0.0,,1.0,,,,,,,,,,,,,,,,11490857.0,,,,,,,,,,,0.0,3.015,0.0,,,,,,,,,,,,,,,,,""
8748666548,"Mar 20, 2023, 8:40:21 PM",Afternoon Walk,Walk,,2,0.90,,,false,,,activities/9389631106.fit.gz,,,2.0,2.0,905.9,0.0,452.965,0.0,0.0,99.2,99.2,0.0,0.0,,,,,,,,,82.0,,,,,,,,,,,,,,,,0.0,,1.0,,,,,,,,,,,,,,,,,,,,,,,,,,,0.0,452.965,0.0,,,,,,,,,,,,,,,,,""
8749604120,"Mar 21, 2023, 12:05:12 AM",Afternoon Weight Training,Weight Training,,1407,0,166.0,12,false,,,activities/9390601511.fit.gz,,,1407.0,1407.0,0.0,0.0,0.0,0.0,,,,0.0,0.0,,,,,,134.0,,,127.0,,,12.0,,,,,,,,,,,,,0.0,,1.0,,,,,,,,,,,,,,,,,,,,,,,,,,,0.0,0.0,0.0,,,,,,,,,,,,,,,,,""
8750111695,"Mar 21, 2023, 4:29:10 AM",Night HIIT,Workout,,1544,0,174.0,6,false,,,activities/9391129716.fit.gz,,,1544.0,1544.0,0.0,0.0,0.0,0.0,,,,0.0,0.0,,,,,,112.0,,,138.0,,,6.0,,,,,,,,,,,,,0.0,,1.0,,,,,,,,,,,,,,,,,,,,,,,,,,,0.0,0.0,0.0,,,,,,,,,,,,,,,,,""
8755905931,"Mar 22, 2023, 1:47:09 AM",Evening Elliptical,Elliptical,,1815,0,146.0,19,false,,,activities/9397165527.fit.gz,,,1815.0,1815.0,0.0,0.0,0.0,0.0,,,,0.0,0.0,,,,,,140.0,,,208.0,,,19.0,,,,,,,,,,,,,0.0,,1.0,,,,,,,,,,,,,,,,,,,,,,,,,,,0.0,0.0,0.0,,,,,,,,,,,,,,,,,""
8761597151,"Mar 23, 2023, 1:19:27 AM",Evening Walk,Walk,,1335,1.86,137.0,5,false,,,activities/9403136127.fit.gz,,,1335.0,1283.0,1860.8,3.438,1.45,36.2,36.2,53.8,96.0,18.9,-2.3,,,,,,129.0,,,101.0,,,5.0,,,,,,,,,,,,,0.0,,1.0,,,,,,,,,,,,,,,,,,,,,,,,,,,0.0,1.394,0.0,,,,,,,,,,,,,,,,,""
8761883392,"Mar 23, 2023, 3:07:12 AM",Evening Walk,Walk,,1904,2.46,146.0,6,false,,,activities/9403433352.fit.gz,,,1904.0,1770.0,2467.0,3.396,1.394,77.0,77.0,43.2,95.2,14.9,1.7,,,,,,115.0,,,147.0,,,6.0,,,,,,,,,,,,,0.0,,1.0,,,,,,,,,,,,,,,,,,,,,,,,,,,0.0,1.296,0.0,,,,,,,,,,,,,,,,,""
8761931032,"Mar 23, 2023, 4:31:26 AM",Night HIIT,Workout,,2181,0,130.0,4,false,,,activities/9403484352.fit.gz,,,2181.0,2181.0,0.0,0.0,0.0,0.0,,,,0.0,0.0,,,,,,88.0,,,107.0,,,4.0,,,,,,,,,,,,,0.0,,1.0,,,,,,,,,,,,,,,,,,,,,,,,,,,0.0,0.0,0.0,,,,,,,,,,,,,,,,,""
8771063825,"Mar 24, 2023, 8:47:43 PM",Afternoon Walk,Walk,,390,1.54,122.0,1,false,,,activities/9413083033.fit.gz,,,390.0,355.0,1541.4,2.255,4.342,7.2,9.6,31.4,37.2,22.4,-2.0,,,,,,112.0,,,72.0,,,1.0,,,,,,,,,,,,,0.0,,1.0,,,,,,,,,,,,,,,,,,,,,,,,,,,0.0,3.952,0.0,,,,,,,,,,,,,,,,,""
8780591573,"Mar 26, 2023, 1:27:11 AM",Night Elliptical,Elliptical,,1935,0,148.0,13,false,,,activities/9423199637.fit.gz,,,1935.0,1935.0,0.0,0.0,0.0,0.0,,,,0.0,0.0,,,,,,137.0,,,211.0,,,13.0,,,,,,,,,,,,,0.0,,1.0,,,,,,,,,,,,,,,,,,,,,,,,,,,0.0,0.0,0.0,,,,,,,,,,,,,,,,,""
8780591576,"Mar 26, 2023, 1:17:32 PM",Morning Walk,Walk,,38,1.16,102.0,0,false,,,activities/9423199650.fit.gz,,,38.0,38.0,1164.4,2.035,30.642,0.0,-1.0,32.6,33.8,8.0,1.9,,,,,,100.0,,,52.0,,,0.0,,,,,,,,,,,,,0.0,,1.0,,,,,,,,,,,,,,,,,,,,,,,,,,,0.0,30.642,0.0,,,,,,,,,,,,,,,,,""
8782237341,"Mar 26, 2023, 5:28:29 PM",Afternoon Walk,Walk,,105,0.93,99.0,0,false,,,activities/9424948442.fit.gz,,,105.0,90.0,934.0,1.77,10.378,5.0,4.2,31.0,36.2,48.3,1.4,,,,,,93.0,,,40.0,,,0.0,,,,,,,,,,,,,0.0,,1.0,,,,,,,,,,,,,,,,,,,,,,,,,,,0.0,8.895,0.0,,,,,,,,,,,,,,,,,""
8788885454,"Mar 27, 2023, 11:34:39 PM",Evening Walk,Walk,,1696,1.72,114.0,3,false,,,activities/9431944316.fit.gz,,,1696.0,1471.0,1724.9,2.525,1.173,36.2,29.0,289.8,313.4,34.6,0.4,,,,,,97.0,,,87.0,,,3.0,,,,,,,,,,,,,0.0,,1.0,,,,,,,,,,,,,,,,,,,,,,,,,,,0.0,1.017,0.0,,,,,,,,,,,,,,,,,""
8794216587,"Mar 28, 2023, 9:47:41 PM",Afternoon Walk,Walk,,1160,1.40,119.0,2,false,,,activities/9437556039.fit.gz,,,1160.0,1018.0,1402.9,2.85,1.378,28.2,19.0,299.6,311.8,27.6,0.7,,,,,,101.0,,,60.0,,,2.0,,,,,,,,,,,,,0.0,,1.0,,,,,,,,,,,,,,,,,,,,,,,,,,,0.0,1.209,0.0,,,,,,,,,,,,,,,,,""
8803442399,"Mar 30, 2023, 3:26:48 PM",Lunch Walk,Walk,,953,1.33,162.0,3,false,,,activities/9447269268.fit.gz,,,953.0,953.0,1337.9,4.017,1.404,38.2,24.4,299.0,315.8,25.4,1.0,,,,,,103.0,,,59.0,,,3.0,,,,,,,,,,,,,0.0,,1.0,,,,,,,,,,,,,,,,,,,,,,,,,,,0.0,1.404,0.0,,,,,,,,,,,,,,,,,""
8806189456,"Mar 31, 2023, 1:43:15 AM",Evening Walk,Walk,,1312,1.61,135.0,3,false,,,activities/9450154112.fit.gz,,,1312.0,1186.0,1611.2,2.773,1.359,16.6,17.6,148.6,161.2,14.6,-0.1,,,,,,100.0,,,85.0,,,3.0,,,,,,,,,,,,,0.0,,1.0,,,,,,,,,,,,,,,,,,,,,,,,,,,0.0,1.228,0.0,,,,,,,,,,,,,,,,,""
8809667528,"Mar 31, 2023, 4:50:18 PM",Lunch Walk,Walk,,1080,1.47,126.0,2,false,,,activities/9453811624.fit.gz,,,1080.0,1045.0,1477.3,2.627,1.414,2.4,17.0,144.6,160.6,10.3,-1.0,,,,,,100.0,,,72.0,,,2.0,,,,,,,,,,,,,0.0,,1.0,,,,,,,,,,,,,,,,,,,,,,,,,,,0.0,1.368,0.0,,,,,,,,,,,,,,,,,""
8809668035,"Mar 31, 2023, 5:45:43 PM",Lunch Walk,Walk,,4928,5.28,133.0,9,false,,,activities/9453811743.fit.gz,,,4928.0,4144.0,5281.3,3.158,1.274,69.4,58.4,130.4,147.6,26.0,0.2,,,,,,95.0,,,249.0,,,9.0,,,,,,,,,,,,,0.0,,1.0,,,,,,,,,,,,,,,,,,,,,,,,,,,0.0,1.072,1985.2,,,,,,,,,,,,,,,,,""
8810802591,"Mar 31, 2023, 11:49:44 PM",Evening Walk,Walk,,1782,1.81,130.0,3,false,,,activities/9454993552.fit.gz,,,1782.0,1360.0,1816.6,3.049,1.336,36.0,52.4,144.0,183.8,49.2,-0.9,,,,,,99.0,,,89.0,,,3.0,,,,,,,,,,,,,0.0,,1.0,,,,,,,,,,,,,,,,,,,,,,,,,,,0.0,1.019,0.0,,,,,,,,,,,,,,,,,""
8810802608,"Apr 1, 2023, 2:36:00 AM",Night Walk,Walk,,1596,1.62,128.0,3,false,,,activities/9454993555.fit.gz,,,1596.0,1272.0,1627.5,2.48,1.279,18.6,9.6,144.6,159.6,11.1,0.6,,,,,,97.0,,,85.0,,,3.0,,,,,,,,,,,,,0.0,,1.0,,,,,,,,,,,,,,,,,,,,,,,,,,,0.0,1.02,0.0,,,,,,,,,,,,,,,,,""
8814616379,"Apr 1, 2023, 4:51:07 PM",Lunch Walk,Walk,,1377,1.87,141.0,4,false,,,activities/9459011158.fit.gz,,,1377.0,1344.0,1869.4,2.568,1.391,4.8,23.2,136.4,158.8,16.7,-1.0,,,,,,112.0,,,94.0,,,4.0,,,,,,,,,,,,,0.0,,1.0,,,,,,,,,,,,,,,,,,,,,,,,,,,0.0,1.358,0.0,,,,,,,,,,,,,,,,,""
8816112529,"Apr 2, 2023, 12:07:50 AM",Evening Walk,Walk,,2163,2.05,129.0,4,false,,,activities/9460583321.fit.gz,,,2163.0,1374.0,2050.9,2.642,1.493,67.8,65.4,144.2,195.0,45.2,0.1,,,,,,109.0,,,116.0,,,4.0,,,,,,,,,,,,,0.0,,1.0,,,,,,,,,,,,,,,,,,,,,,,,,,,0.0,0.948,0.0,,,,,,,,,,,,,,,,,""
8816555896,"Apr 2, 2023, 2:08:57 AM",Night Walk,Walk,,905,1.23,131.0,2,false,,,activities/9461051783.fit.gz,,,905.0,838.0,1229.7,2.498,1.467,4.2,20.8,148.8,166.2,8.1,-1.4,,,,,,105.0,,,62.0,,,2.0,,,,,,,,,,,,,0.0,,1.0,,,,,,,,,,,,,,,,,,,,,,,,,,,0.0,1.359,0.0,,,,,,,,,,,,,,,,,""
8816580120,"Apr 2, 2023, 4:41:16 AM",Night Walk,Walk,,1289,1.39,139.0,3,false,,,activities/9461077816.fit.gz,,,1289.0,1026.0,1394.5,4.743,1.359,20.2,10.0,146.8,167.0,16.1,0.7,,,,,,119.0,,,89.0,,,3.0,,,,,,,,,,,,,0.0,,1.0,,,,,,,,,,,,,,,,,,,,,,,,,,,0.0,1.082,0.0,,,,,,,,,,,,,,,,,""
8819611684,"Apr 2, 2023, 1:37:57 PM",Morning Walk,Walk,,1393,1.95,132.0,4,false,,,activities/9464297236.fit.gz,,,1393.0,1393.0,1955.8,2.746,1.404,6.2,33.0,138.2,165.6,10.4,-1.4,,,,,,110.0,,,104.0,,,4.0,,,,,,,,,,,,,0.0,,1.0,,,,,,,,,,,,,,,,,,,,,,,,,,,0.0,1.404,0.0,,,,,,,,,,,,,,,,,""
8820158542,"Apr 2, 2023, 3:17:56 PM",Morning Walk,Walk,,176,1.25,105.0,0,false,,,activities/9464879515.fit.gz,,,176.0,151.0,1252.8,2.06,8.297,0.0,1.8,147.8,151.4,12.9,0.2,,,,,,97.0,,,52.0,,,0.0,,,,,,,,,,,,,0.0,,1.0,,,,,,,,,,,,,,,,,,,,,,,,,,,0.0,7.118,0.0,,,,,,,,,,,,,,,,,""
8821278959,"Apr 2, 2023, 5:12:46 PM",Lunch Walk,Walk,,4197,5.46,163.0,13,false,,,activities/9466072495.fit.gz,,,4197.0,3916.0,5461.5,4.038,1.395,77.8,71.2,132.8,165.6,18.3,0.1,,,,,,108.0,,,277.0,,,13.0,,,,,,,,,,,,,0.0,,1.0,,,,,,,,,,,,,,,,,,,,,,,,,,,0.0,1.301,15.6,,,,,,,,,,,,,,,,,""
8822328315,"Apr 2, 2023, 10:27:44 PM",Afternoon Walk,Walk,,2298,2.61,119.0,4,false,,,activities/9467178399.fit.gz,,,2298.0,1869.0,2615.9,2.939,1.4,43.6,33.4,138.2,167.2,40.4,0.4,,,,,,100.0,,,125.0,,,4.0,,,,,,,,,,,,,0.0,,1.0,,,,,,,,,,,,,,,,,,,,,,,,,,,0.0,1.138,0.0,,,,,,,,,,,,,,,,,""
8831425017,"Apr 3, 2023, 2:31:01 PM",Morning Walk,Walk,,1609,2.06,115.0,3,false,,,activities/9476742832.fit.gz,,,1609.0,1540.0,2061.9,2.403,1.339,13.2,21.0,143.4,157.4,19.7,-0.4,,,,,,100.0,,,92.0,,,3.0,,,,,,,,,,,,,0.0,,1.0,,,,,,,,,,,,,,,,,,,,,,,,,,,0.0,1.281,0.0,,,,,,,,,,,,,,,,,""
8833137449,"Apr 4, 2023, 8:02:29 PM",Afternoon Ride,Ride,,449,1.96,141.0,1,false,,1996 Cannondale M200 SE,activities/9478536082.fit.gz,,11.793,449.0,419.0,1963.4,9.882,4.686,2.4,2.4,20.2,94.2,14.5,-3.6,,,,,,119.0,,,37.0,,,1.0,,,,,,,,,,,,,0.0,,1.0,,,,,,,,,,,,,,,,11490857.0,,,,,,,,,,,0.0,4.373,0.0,,,,,,,,,,,,,,,,,""
8833693570,"Apr 4, 2023, 10:10:02 PM",Afternoon Ride,Ride,,1212,4.42,186.0,25,false,,1996 Cannondale M200 SE,activities/9479117658.fit.gz,,11.793,1212.0,1122.0,4419.2,7.13,3.939,75.6,28.4,20.8,78.8,15.0,1.1,,,,,,148.0,,,107.0,,,25.0,,,,,,,,,,,,,0.0,,1.0,,,,,,,,,,,,,,,,11490857.0,,,,,,,,,,,0.0,3.646,0.0,,,,,,,,,,,,,,,,,""
8834239255,"Apr 5, 2023, 12:46:24 AM",Afternoon Ride,Ride,,362,1.95,161.0,6,false,,1996 Cannondale M200 SE,activities/9479679704.fit.gz,,11.793,362.0,362.0,1956.3,8.912,5.404,5.8,23.4,54.4,74.6,7.1,-0.9,,,,,,144.0,,,39.0,,,6.0,,,,,,,,,,,,,0.0,,1.0,,,,,,,,,,,,,,,,11490857.0,,,,,,,,,,,0.0,5.404,0.0,,,,,,,,,,,,,,,,,""
8834356495,"Apr 5, 2023, 1:20:01 AM",Evening Ride food,Ride,"",408,1.89,164.0,3,false,,1996 Cannondale M200 SE,activities/9479802901.fit.gz,,11.793,408.0,408.0,1897.8,7.538,4.651,19.4,0.8,55.6,75.0,10.0,1.0,,,,,,116.0,,,38.0,,,3.0,,,,,,,,,,,0.0,,0.0,,1.0,,,,,,,,,,,,,,,,11490857.0,,,,,,,,,,,0.0,4.651,0.0,,,,,,,,,,,,,,,,,""
8834726733,"Apr 5, 2023, 2:18:41 AM",Evening Tennis,Workout,,701,0,179.0,31,false,,,activities/9480200638.fit.gz,,,701.0,701.0,0.0,0.0,0.0,0.0,,,,0.0,0.0,,,,,,168.0,,,106.0,,,31.0,,,,,,,,,,,,,0.0,,1.0,,,,,,,,,,,,,,,,,,,,,,,,,,,0.0,0.0,0.0,,,,,,,,,,,,,,,,,""
8834726751,"Apr 5, 2023, 4:06:30 AM",Post-night coaching,Ride,"",1635,6.49,182.0,52,false,,1996 Cannondale M200 SE,activities/9480200640.fit.gz,,11.793,1635.0,1610.0,6493.5,12.66,4.033,91.4,91.4,19.4,96.4,26.9,0.3,,,,,,155.0,,,148.0,,,52.0,,,,,,,,,,,0.0,,0.0,,1.0,,,,,,,,,,,,,,,,11490857.0,,,,,,,,,,,0.0,3.972,0.0,,,,,,,,,,,,,,,,,media/19C5CEFC-57BD-4015-B557-6F99FC58EBEC.jpg
8840030128,"Apr 5, 2023, 11:00:09 PM",Afternoon Run,Run,,7488,16.17,187.0,249,false,,,activities/9485751490.fit.gz,,,7488.0,7488.0,16173.0,4.704,2.16,303.8,303.8,39.0,103.4,36.0,-0.1,,,,,,162.0,,,1000.0,,,249.0,,,,,,,,,,,,,0.0,,1.0,16994.6,,,,,,,,,,,,,,,,,,,,,,,,,,0.0,2.16,761.1,,,,,,,,,,,,,,,,,""
8843790898,"Apr 6, 2023, 5:38:52 PM",Morning Ride,Ride,,1191,5.98,161.0,12,false,,1996 Cannondale M200 SE,activities/9489742476.fit.gz,,11.793,1191.0,1191.0,5988.7,10.996,5.028,14.4,14.4,2.8,95.8,14.5,-1.5,,,,,,134.0,,,109.0,,,12.0,,,,,,,,,,,,,0.0,,1.0,,,,,,,,,,,,,,,,11490857.0,,,,,,,,,,,0.0,5.028,0.0,,,,,,,,,,,,,,,,,""
8844889217,"Apr 6, 2023, 10:20:51 PM",Afternoon Ride,Ride,,1589,6.19,189.0,32,false,,1996 Cannondale M200 SE,activities/9490884154.fit.gz,,11.793,1589.0,1569.0,6194.5,13.22,3.948,73.2,73.2,21.2,97.0,44.1,-0.3,,,,,,147.0,,,144.0,,,32.0,,,,,,,,,,,,,0.0,,1.0,,,,,,,,,,,,,,,,11490857.0,,,,,,,,,,,0.0,3.898,0.0,,,,,,,,,,,,,,,,,""
8845694667,"Apr 7, 2023, 12:36:28 AM",Afternoon Tennis,Workout,,432,0,142.0,2,false,,,activities/9491729658.fit.gz,,,432.0,432.0,0.0,0.0,0.0,0.0,,,,0.0,0.0,,,,,,131.0,,,46.0,,,2.0,,,,,,,,,,,,,0.0,,1.0,,,,,,,,,,,,,,,,,,,,,,,,,,,0.0,0.0,0.0,,,,,,,,,,,,,,,,,""
8845705122,"Apr 7, 2023, 4:11:28 AM",Night Ride,Ride,,1849,6.38,167.0,35,false,,1996 Cannondale M200 SE,activities/9491740875.fit.gz,,11.793,1849.0,1730.0,6384.1,8.988,3.69,85.4,85.4,19.0,95.0,14.5,0.3,,,,,,147.0,,,143.0,,,35.0,,,,,,,,,,,,,0.0,,1.0,,,,,,,,,,,,,,,,11490857.0,,,,,,,,,,,0.0,3.453,0.0,,,,,,,,,,,,,,,,,""
8850482265,"Apr 7, 2023, 10:14:33 PM",Afternoon Ride,Ride,,1180,4.66,163.0,6,false,,1996 Cannondale M200 SE,activities/9496754314.fit.gz,,11.793,1180.0,1093.0,4667.7,12.988,4.271,5.8,5.8,14.6,96.6,8.7,-1.7,,,,,,121.0,,,86.0,,,6.0,,,,,,,,,,,,,0.0,,1.0,,,,,,,,,,,,,,,,11490857.0,,,,,,,,,,,0.0,3.956,0.0,,,,,,,,,,,,,,,,,""
8850839078,"Apr 7, 2023, 10:45:52 PM",Afternoon Tennis,Workout,,6665,0,173.0,143,false,,,activities/9497127192.fit.gz,,,6665.0,6665.0,0.0,0.0,0.0,0.0,,,,0.0,0.0,,,,,,148.0,,,854.0,,,143.0,,,,,,,,,,,,,0.0,,1.0,,,,,,,,,,,,,,,,,,,,,,,,,,,0.0,0.0,0.0,,,,,,,,,,,,,,,,,""
8850937974,"Apr 8, 2023, 12:44:44 AM",Afternoon Ride,Ride,,1629,4.76,171.0,25,false,,1996 Cannondale M200 SE,activities/9497231457.fit.gz,,11.793,1629.0,1571.0,4764.6,10.388,3.033,85.4,85.4,13.4,95.2,17.4,1.5,,,,,,142.0,,,102.0,,,25.0,,,,,,,,,,,,,0.0,,1.0,,,,,,,,,,,,,,,,11490857.0,,,,,,,,,,,0.0,2.925,0.0,,,,,,,,,,,,,,,,,""
8856111329,"Apr 8, 2023, 7:25:25 PM",Lunch Ride,Ride,,593,1.99,171.0,4,false,,1996 Cannondale M200 SE,activities/9502701738.fit.gz,,11.793,593.0,521.0,1991.6,9.62,3.823,27.0,27.0,45.2,95.0,18.8,-2.4,,,,,,125.0,,,48.0,,,4.0,,,,,,,,,,,,,0.0,,1.0,,,,,,,,,,,,,,,,11490857.0,,,,,,,,,,,0.0,3.359,0.0,,,,,,,,,,,,,,,,,""
8856406064,"Apr 8, 2023, 8:54:24 PM",Afternoon Ride,Ride,,813,2.07,171.0,15,false,,1996 Cannondale M200 SE,activities/9503016851.fit.gz,,11.793,813.0,813.0,2077.7,6.38,2.556,76.8,76.8,46.2,97.0,31.5,2.2,,,,,,144.0,,,72.0,,,15.0,,,,,,,,,,,,,0.0,,1.0,,,,,,,,,,,,,,,,11490857.0,,,,,,,,,,,0.0,2.556,0.0,,,,,,,,,,,,,,,,,""
8856970881,"Apr 9, 2023, 12:12:53 AM",Afternoon Walk,Walk,,899,1.81,118.0,2,false,,,activities/9503613516.fit.gz,,,899.0,835.0,1816.4,2.902,2.175,0.0,28.2,11.4,40.6,4.9,-3.1,,,,,,97.0,,,80.0,,,2.0,,,,,,,,,,,,,0.0,,1.0,,,,,,,,,,,,,,,,,,,,,,,,,,,0.0,2.02,0.0,,,,,,,,,,,,,,,,,""
8862080375,"Apr 9, 2023, 5:10:48 PM",Morning Ride,Ride,,1403,6.06,168.0,16,false,,1996 Cannondale M200 SE,activities/9509047373.fit.gz,,11.793,1403.0,1385.0,6061.3,11.356,4.376,65.8,65.8,21.6,95.8,15.8,-0.3,,,,,,134.0,,,128.0,,,16.0,,,,,,,,,,,,,0.0,,1.0,,,,,,,,,,,,,,,,11490857.0,,,,,,,,,,,0.0,4.32,0.0,,,,,,,,,,,,,,,,,""
8862523165,"Apr 9, 2023, 9:08:50 PM",Afternoon Ride,Ride,,1731,6.46,172.0,23,false,,1996 Cannondale M200 SE,activities/9509524535.fit.gz,,11.793,1731.0,1685.0,6466.9,10.16,3.838,91.8,91.8,19.4,95.4,26.2,0.4,,,,,,137.0,,,147.0,,,23.0,,,,,,,,,,,,,0.0,,1.0,,,,,,,,,,,,,,,,11490857.0,,,,,,,,,,,0.0,3.736,0.0,,,,,,,,,,,,,,,,,""
8863020727,"Apr 10, 2023, 12:18:24 AM",Afternoon Walk,Walk,,1450,1.77,128.0,3,false,,,activities/9510053454.fit.gz,,,1450.0,1324.0,1774.5,2.655,1.34,30.0,30.0,40.4,96.8,13.1,-2.3,,,,,,109.0,,,88.0,,,3.0,,,,,,,,,,,,,0.0,,1.0,,,,,,,,,,,,,,,,,,,,,,,,,,,0.0,1.224,0.0,,,,,,,,,,,,,,,,,""
8863443109,"Apr 10, 2023, 2:47:00 AM",Evening Walk,Walk,,252,1.26,116.0,0,false,,,activities/9510508956.fit.gz,,,252.0,252.0,1266.8,1.732,5.027,3.2,10.0,46.4,56.4,6.8,1.1,,,,,,108.0,,,75.0,,,0.0,,,,,,,,,,,,,0.0,,1.0,,,,,,,,,,,,,,,,,,,,,,,,,,,0.0,5.027,0.0,,,,,,,,,,,,,,,,,""
8868354924,"Apr 10, 2023, 8:09:24 PM",Afternoon Walk,Walk,,3427,3.48,144.0,7,false,,,activities/9515712005.fit.gz,,,3427.0,2412.0,3480.4,6.834,1.443,113.2,113.2,13.4,102.0,31.3,0.1,,,,,,110.0,,,214.0,,,7.0,,,,,,,,,,,,,0.0,,1.0,,,,,,,,,,,,,,,,,,,,,,,,,,,0.0,1.016,322.6,,,,,,,,,,,,,,,,,""
8869418134,"Apr 11, 2023, 1:31:44 AM",Evening Tennis,Workout,,4716,0,197.0,191,false,,,activities/9516815602.fit.gz,,,4716.0,4716.0,0.0,0.0,0.0,0.0,,,,0.0,0.0,,,,,,165.0,,,719.0,,,191.0,,,,,,,,,,,,,0.0,,1.0,,,,,,,,,,,,,,,,,,,,,,,,,,,0.0,0.0,0.0,,,,,,,,,,,,,,,,,""
8878219171,"Apr 12, 2023, 12:17:18 PM",Afternoon Walk,Walk,,9331,6.02,112.0,8,false,,,activities/9526648680.fit.gz,,,9331.0,4853.0,6021.3,16.757,1.241,61.6,63.8,20.8,66.8,45.9,0.0,,,,,,84.0,,,325.0,,,8.0,,,,,,,,,,,,,0.0,,1.0,,,,,,,,,,,,,,,,,,,,,,,,,,,0.0,0.645,27.3,,,,,,,,,,,,,,,,,""
8879492394,"Apr 12, 2023, 3:51:29 PM",Afternoon Walk,Walk,,2089,1.90,103.0,3,false,,,activities/9527977101.fit.gz,,,2089.0,1594.0,1904.1,2.82,1.195,21.8,21.6,57.4,65.0,18.2,0.0,,,,,,93.0,,,94.0,,,3.0,,,,,,,,,,,,,0.0,,1.0,,,,,,,,,,,,,,,,,,,,,,,,,,,0.0,0.911,0.0,,,,,,,,,,,,,,,,,""
8888996704,"Apr 14, 2023, 12:29:46 PM",Afternoon Walk,Walk,,2138,2.69,117.0,4,false,,,activities/9538083113.fit.gz,,,2138.0,1995.0,2693.0,2.92,1.35,30.2,30.2,56.2,65.6,34.3,0.0,,,,,,98.0,,,122.0,,,4.0,,,,,,,,,,,,,0.0,,1.0,,,,,,,,,,,,,,,,,,,,,,,,,,,0.0,1.26,0.0,,,,,,,,,,,,,,,,,""
8889452000,"Apr 14, 2023, 2:30:51 PM",Afternoon Walk,Walk,,630,1.58,112.0,1,false,,,activities/9538564355.fit.gz,,,630.0,581.0,1586.7,1.878,2.731,4.4,0.6,54.6,59.2,17.7,0.6,,,,,,99.0,,,64.0,,,1.0,,,,,,,,,,,,,0.0,,1.0,,,,,,,,,,,,,,,,,,,,,,,,,,,0.0,2.519,0.0,,,,,,,,,,,,,,,,,""
8889979625,"Apr 14, 2023, 3:24:24 PM",Afternoon Walk,Walk,,3658,3.27,106.0,5,false,,,activities/9539121972.fit.gz,,,3658.0,2684.0,3271.5,7.93,1.219,12.2,7.4,57.8,63.6,11.4,0.1,,,,,,90.0,,,146.0,,,5.0,,,,,,,,,,,,,0.0,,1.0,,,,,,,,,,,,,,,,,,,,,,,,,,,0.0,0.894,16.4,,,,,,,,,,,,,,,,,""
8895815990,"Apr 15, 2023, 12:24:48 PM",Afternoon Walk,Walk,,13109,6.37,102.0,10,false,,,activities/9545301860.fit.gz,,,13109.0,6540.0,6377.1,3.362,0.975,93.0,93.0,-45.6,41.0,47.2,0.0,,,,,,79.0,,,341.0,,,10.0,,,,,,,,,,,,,0.0,,1.0,,,,,,,,,,,,,,,,,,,,,,,,,,,0.0,0.486,0.0,,,,,,,,,,,,,,,,,""
8896634510,"Apr 15, 2023, 5:41:38 PM",Evening Walk,Walk,,1931,2.14,127.0,5,false,,,activities/9546171191.fit.gz,,,1931.0,1744.0,2140.3,4.618,1.227,11.6,11.0,0.0,7.0,31.0,0.0,,,,,,108.0,,,92.0,,,5.0,,,,,,,,,,,,,0.0,,1.0,,,,,,,,,,,,,,,,,,,,,,,,,,,0.0,1.108,12.6,,,,,,,,,,,,,,,,,""
8917627805,"Apr 18, 2023, 2:03:07 PM",Afternoon Walk,Walk,,2940,1.50,94.0,2,false,,,activities/9568457375.fit.gz,,,2940.0,1311.0,1507.9,3.458,1.15,3.0,0.6,46.2,49.2,7.5,0.2,,,,,,81.0,,,74.0,,,2.0,,,,,,,,,,,,,0.0,,1.0,,,,,,,,,,,,,,,,,,,,,,,,,,,0.0,0.513,0.0,,,,,,,,,,,,,,,,,""
8917628007,"Apr 19, 2023, 9:13:46 AM",Lunch Walk,Walk,,1337,1.44,129.0,2,false,,,activities/9568457639.fit.gz,,,1337.0,1127.0,1439.1,2.786,1.277,3.6,1.4,45.2,48.8,16.8,0.2,,,,,,95.0,,,67.0,,,2.0,,,,,,,,,,,,,0.0,,1.0,,,,,,,,,,,,,,,,,,,,,,,,,,,0.0,1.076,0.0,,,,,,,,,,,,,,,,,""
8921196033,"Apr 19, 2023, 6:19:56 PM",Evening Walk,Walk,,1990,1.73,116.0,2,false,,,activities/9572197311.fit.gz,,,1990.0,1207.0,1733.4,7.021,1.436,0.0,2.6,46.2,51.0,29.6,-0.2,,,,,,98.0,,,83.0,,,2.0,,,,,,,,,,,,,0.0,,1.0,,,,,,,,,,,,,,,,,,,,,,,,,,,0.0,0.871,0.0,,,,,,,,,,,,,,,,,""
8925399905,"Apr 20, 2023, 10:14:08 AM",Lunch Walk,Walk,,18642,7.77,112.0,12,false,,,activities/9576610114.fit.gz,,,18642.0,6823.0,7773.5,5.254,1.139,133.8,134.0,41.8,102.2,44.0,0.0,,,,,,83.0,,,455.0,,,12.0,,,,,,,,,,,,,0.0,,1.0,,,,,,,,,,,,,,,,,,,,,,,,,,,0.0,0.417,326.6,,,,,,,,,,,,,,,,,""
8930889606,"Apr 21, 2023, 9:36:08 AM",Lunch Walk,Walk,,2864,2.07,118.0,4,false,,,activities/9582414677.fit.gz,,,2864.0,1951.0,2076.4,2.656,1.064,181.0,183.8,18.4,78.0,49.7,-0.1,,,,,,91.0,,,132.0,,,4.0,,,,,,,,,,,,,0.0,,1.0,,,,,,,,,,,,,,,,,,,,,,,,,,,0.0,0.725,857.0,,,,,,,,,,,,,,,,,""
8934856766,"Apr 22, 2023, 9:06:53 AM",Lunch Walk,Walk,,1351,1.63,103.0,2,false,,,activities/9586608623.fit.gz,,,1351.0,1287.0,1638.5,3.316,1.273,18.8,12.2,42.6,56.8,29.1,0.4,,,,,,94.0,,,71.0,,,2.0,,,,,,,,,,,,,0.0,,1.0,,,,,,,,,,,,,,,,,,,,,,,,,,,0.0,1.213,0.0,,,,,,,,,,,,,,,,,""
8937697522,"Apr 22, 2023, 2:06:39 PM",Afternoon Walk,Walk,,6268,2.92,101.0,3,false,,,activities/9589614497.fit.gz,,,6268.0,2081.0,2919.5,10.086,1.403,20.8,31.4,43.2,60.6,47.6,-0.5,,,,,,85.0,,,156.0,,,3.0,,,,,,,,,,,,,0.0,,1.0,,,,,,,,,,,,,,,,,,,,,,,,,,,0.0,0.466,910.8,,,,,,,,,,,,,,,,,""
8943683298,"Apr 23, 2023, 1:40:56 PM",Afternoon Walk,Walk,,4827,1.81,126.0,2,false,,,activities/9596072982.fit.gz,,,4827.0,1161.0,1817.6,2.843,1.566,5.2,7.4,119.6,127.8,50.0,-0.1,,,,,,88.0,,,94.0,,,2.0,,,,,,,,,,,,,0.0,,1.0,,,,,,,,,,,,,,,,,,,,,,,,,,,0.0,0.377,0.0,,,,,,,,,,,,,,,,,""
8944407942,"Apr 23, 2023, 3:37:59 PM",Milan jog,Run,"No destination/route, just vibes",4405,10.88,188.0,196,false,,,activities/9596987885.fit.gz,,,4405.0,4405.0,10883.1,5.586,2.471,20.6,37.6,117.2,138.0,6.4,-0.2,,,,,,168.0,,,651.0,,,196.0,,,,,,,,,,,0.0,,0.0,,1.0,10932.4,,,,,,,,,,,,,,,,,,,,,,,,,,0.0,2.471,703.8,,,,,,,,,,,,,,,,,media/58C3A669-7DC6-44BE-884C-46E3F8063261.jpg|media/989A8622-4517-46B1-AB0F-7C0B2D8408FC.jpg
8957328869,"Apr 25, 2023, 10:21:05 PM",Afternoon Ride,Ride,,1576,6.07,178.0,33,false,,1996 Cannondale M200 SE,activities/9610742704.fit.gz,,11.793,1576.0,1480.0,6076.8,8.702,4.106,69.0,69.0,21.0,96.2,12.3,-0.3,,,,,,146.0,,,138.0,,,33.0,,,,,,,,,,,,,0.0,,1.0,,,,,,,,,,,,,,,,11490857.0,,,,,,,,,,,0.0,3.856,0.0,,,,,,,,,,,,,,,,,""
8957846569,"Apr 26, 2023, 12:40:16 AM",Afternoon Ride,Ride,,1817,6.32,178.0,26,false,,1996 Cannondale M200 SE,activities/9611281249.fit.gz,,11.793,1817.0,1680.0,6321.8,10.886,3.763,87.2,87.2,19.0,95.0,18.8,0.3,,,,,,140.0,,,163.0,,,26.0,,,,,,,,,,,,,0.0,,1.0,,,,,,,,,,,,,,,,11490857.0,,,,,,,,,,,0.0,3.479,0.0,,,,,,,,,,,,,,,,,""
8963849720,"Apr 27, 2023, 12:20:32 AM",Afternoon Run,Run,,3383,9.25,190.0,188,false,,,activities/9617601273.fit.gz,,,3383.0,3383.0,9254.5,5.574,2.736,87.6,87.6,1.8,109.6,14.3,-0.4,,,,,,175.0,,,585.0,,,188.0,,,,,,,,,,,,,0.0,,1.0,9348.1,,,,,,,,,,,,,,,,,,,,,,,,,,0.0,2.736,390.3,,,,,,,,,,,,,,,,,""
8967441470,"Apr 27, 2023, 4:24:28 PM",Morning Walk,Walk,,1376,1.79,121.0,3,false,,,activities/9621427012.fit.gz,,,1376.0,1354.0,1790.3,3.527,1.322,0.0,85.2,4.2,90.2,5.2,-4.8,,,,,,105.0,,,78.0,,,3.0,,,,,,,,,,,,,0.0,,1.0,,,,,,,,,,,,,,,,,,,,,,,,,,,0.0,1.301,0.0,,,,,,,,,,,,,,,,,""
8969839687,"Apr 28, 2023, 1:53:51 AM",Evening Walk,Walk,,1545,1.90,159.0,6,false,,,activities/9623942891.fit.gz,,,1545.0,1545.0,1904.8,3.668,1.233,92.0,8.0,4.4,93.6,24.5,4.5,,,,,,115.0,,,119.0,,,6.0,,,,,,,,,,,,,0.0,,1.0,,,,,,,,,,,,,,,,,,,,,,,,,,,0.0,1.233,0.0,,,,,,,,,,,,,,,,,""
8974233037,"Apr 28, 2023, 9:43:01 PM",Afternoon Run,Run,,1868,5.38,185.0,108,false,,,activities/9628635973.fit.gz,,,1868.0,1868.0,5384.9,6.08,2.883,58.6,36.4,70.8,93.0,22.0,0.4,,,,,,175.0,,,319.0,,,108.0,,,,,,,,,,,,,0.0,,1.0,5550.0,,,,,,,,,,,,,,,,,,,,,,,,,,0.0,2.883,0.0,,,,,,,,,,,,,,,,,""
8980246749,"Apr 29, 2023, 8:39:08 PM",Afternoon Elliptical,Elliptical,,1759,0,139.0,7,false,,,activities/9634995981.fit.gz,,,1759.0,1759.0,0.0,0.0,0.0,0.0,,,,0.0,0.0,,,,,,131.0,,,202.0,,,7.0,,,,,,,,,,,,,0.0,,1.0,,,,,,,,,,,,,,,,,,,,,,,,,,,0.0,0.0,0.0,,,,,,,,,,,,,,,,,""
8987566714,"May 1, 2023, 12:46:15 AM",Afternoon Walk,Walk,,939,1.35,107.0,1,false,,,activities/9642826207.fit.gz,,,939.0,939.0,1351.9,2.643,1.44,0.0,86.0,21.6,107.6,6.5,-6.8,,,,,,88.0,,,53.0,,,1.0,,,,,,,,,,,,,0.0,,1.0,,,,,,,,,,,,,,,,,,,,,,,,,,,0.0,1.44,0.0,,,,,,,,,,,,,,,,,""
8987600239,"May 1, 2023, 3:00:04 AM",Evening Walk,Walk,,1031,1.29,141.0,4,false,,,activities/9642861802.fit.gz,,,1031.0,1002.0,1292.2,2.467,1.29,71.0,1.2,23.4,94.4,20.2,5.6,,,,,,127.0,,,84.0,,,4.0,,,,,,,,,,,,,0.0,,1.0,,,,,,,,,,,,,,,,,,,,,,,,,,,0.0,1.253,0.0,,,,,,,,,,,,,,,,,""
8994138358,"May 2, 2023, 1:45:12 AM",Evening Tennis,Workout,,3774,0,196.0,221,false,,,activities/9649808353.fit.gz,,,3774.0,3774.0,0.0,0.0,0.0,0.0,,,,0.0,0.0,,,,,,176.0,,,676.0,,,221.0,,,,,,,,,,,,,0.0,,1.0,,,,,,,,,,,,,,,,,,,,,,,,,,,0.0,0.0,0.0,,,,,,,,,,,,,,,,,""
8999304267,"May 2, 2023, 9:12:19 PM",Afternoon Ride,Ride,,1664,6.15,176.0,29,false,,1996 Cannondale M200 SE,activities/9655274516.fit.gz,,11.793,1664.0,1562.0,6158.4,11.434,3.943,67.8,67.8,21.4,91.2,10.3,-0.3,,,,,,145.0,,,138.0,,,29.0,,,,,,,,,,,,,0.0,,1.0,,,,,,,,,,,,,,,,11490857.0,,,,,,,,,,,0.0,3.701,0.0,,,,,,,,,,,,,,,,,""
8999715273,"May 2, 2023, 11:16:10 PM",Afternoon Ride,Ride,,1999,6.48,160.0,8,false,,1996 Cannondale M200 SE,activities/9655703289.fit.gz,,11.793,1999.0,1847.0,6484.2,9.034,3.511,86.2,86.2,19.2,95.6,25.5,0.3,,,,,,111.0,,,133.0,,,8.0,,,,,,,,,,,,,0.0,,1.0,,,,,,,,,,,,,,,,11490857.0,,,,,,,,,,,0.0,3.244,0.0,,,,,,,,,,,,,,,,,""
9003808009,"May 3, 2023, 4:28:27 PM",Morning Ride,Ride,,626,2.56,125.0,2,false,,1996 Cannondale M200 SE,activities/9660040273.fit.gz,,11.793,626.0,611.0,2568.5,9.278,4.204,0.0,104.2,2.6,106.8,5.5,-4.1,,,,,,115.0,,,40.0,,,2.0,,,,,,,,,,,,,0.0,,1.0,,,,,,,,,,,,,,,,11490857.0,,,,,,,,,,,0.0,4.103,0.0,,,,,,,,,,,,,,,,,""
9006420499,"May 4, 2023, 12:19:42 AM",Afternoon Ride,Ride,It’s POURING,2324,6.44,159.0,31,false,,1996 Cannondale M200 SE,activities/9662771265.fit.gz,,11.793,2324.0,2001.0,6441.1,10.686,3.219,99.4,99.4,4.2,95.8,16.5,1.4,,,,,,142.0,,,150.0,,,31.0,,,,,,,,,,,0.0,,0.0,,1.0,,,,,,,,,,,,,,,,11490857.0,,,,,,,,,,,0.0,2.772,0.0,,,,,,,,,,,,,,,,,""
9006546349,"May 4, 2023, 1:26:55 AM",Evening Weight Training,Weight Training,,826,0,154.0,9,false,,,activities/9662901882.fit.gz,,,826.0,826.0,0.0,0.0,0.0,0.0,,,,0.0,0.0,,,,,,131.0,,,82.0,,,9.0,,,,,,,,,,,,,0.0,,1.0,,,,,,,,,,,,,,,,,,,,,,,,,,,0.0,0.0,0.0,,,,,,,,,,,,,,,,,""
9006591933,"May 4, 2023, 1:41:52 AM",Evening Elliptical,Elliptical,,906,0,155.0,12,false,,,activities/9662949319.fit.gz,,,906.0,906.0,0.0,0.0,0.0,0.0,,,,0.0,0.0,,,,,,143.0,,,122.0,,,12.0,,,,,,,,,,,,,0.0,,1.0,,,,,,,,,,,,,,,,,,,,,,,,,,,0.0,0.0,0.0,,,,,,,,,,,,,,,,,""
9012364001,"May 4, 2023, 4:29:28 PM",Morning Walk,Walk,,1319,1.87,113.0,3,false,,,activities/9669045213.fit.gz,,,1319.0,1275.0,1871.0,2.61,1.467,0.0,90.2,4.6,95.0,4.9,-5.0,,,,,,104.0,,,90.0,,,3.0,,,,,,,,,,,,,0.0,,1.0,,,,,,,,,,,,,,,,,,,,,,,,,,,0.0,1.419,0.0,,,,,,,,,,,,,,,,,""
9012949693,"May 5, 2023, 12:38:17 AM",Team bikes to Sf devrel meetup ,Ride,Lol chase center,1251,4.12,151.0,5,false,,1996 Cannondale M200 SE,activities/9669660598.fit.gz,,11.793,1251.0,1229.0,4124.9,5.11,3.356,16.8,7.0,-3.4,7.8,36.9,0.2,,,,,,122.0,,,48.0,,,5.0,,,,,,,,,,,0.0,,0.0,,1.0,,,,,,,,,,,,,,,,11490857.0,,,,,,,,,,,0.0,3.297,47.8,,,,,,,,,,,,,,,,,""
9017348340,"May 5, 2023, 7:32:20 PM",Lunch Tennis,Workout,,5685,0,162.0,23,false,,,activities/9674320364.fit.gz,,,5685.0,5685.0,0.0,0.0,0.0,0.0,,,,0.0,0.0,,,,,,104.0,,,397.0,,,23.0,,,,,,,,,,,,,0.0,,1.0,,,,,,,,,,,,,,,,,,,,,,,,,,,0.0,0.0,0.0,,,,,,,,,,,,,,,,,""
9017348628,"May 5, 2023, 6:46:33 PM",Lunch Walk,Walk,,1986,2.31,120.0,4,false,,,activities/9674320565.fit.gz,,,1986.0,1840.0,2315.7,2.811,1.259,0.0,86.0,4.2,91.0,8.5,-3.7,,,,,,100.0,,,101.0,,,4.0,,,,,,,,,,,,,0.0,,1.0,,,,,,,,,,,,,,,,,,,,,,,,,,,0.0,1.166,0.0,,,,,,,,,,,,,,,,,""
9019004619,"May 5, 2023, 11:25:25 PM",Afternoon Walk,Walk,,3797,4.24,166.0,14,false,,,activities/9676069147.fit.gz,,,3797.0,2775.0,4245.3,11.05,1.53,121.8,37.0,5.0,94.6,27.6,2.0,,,,,,123.0,,,253.0,,,14.0,,,,,,,,,,,,,0.0,,1.0,,,,,,,,,,,,,,,,,,,,,,,,,,,0.0,1.118,355.7,,,,,,,,,,,,,,,,,""
9019004767,"May 6, 2023, 2:10:09 AM",To bike party ,Ride,"",2877,9.84,170.0,30,false,,1996 Cannondale M200 SE,activities/9676069336.fit.gz,,11.793,2877.0,2640.0,9842.6,10.596,3.728,95.0,95.0,6.0,94.6,19.4,-0.4,,,,,,134.0,,,203.0,,,30.0,,,,,,,,,,,0.0,,0.0,,1.0,,,,,,,,,,,,,,,,11490857.0,,,,,,,,,,,0.0,3.421,0.0,,,,,,,,,,,,,,,,,""
9021438475,"May 6, 2023, 3:16:27 AM",sf bike party ,Ride,Watch died at 2nd stop,6067,10.28,174.0,23,false,,1996 Cannondale M200 SE,activities/9678636712.fit.gz,,11.793,6067.0,3519.0,10283.1,7.706,2.922,128.8,110.4,8.0,77.0,48.8,0.2,,,,,,124.0,,,221.0,,,23.0,,,,,,,,,,,0.0,,0.0,,1.0,,,,,,,,,,,,,,,,11490857.0,,,,,,,,,,,0.0,1.695,0.0,,,,,,,,,,,,,,,,,media/69ED30AB-6695-41EC-9A8C-2B0713E53744.jpg|media/0E2FE0B6-D8B7-4B31-8571-7E9D55D79E3D.jpg
9022739499,"May 6, 2023, 3:42:36 PM",Morning Pickleball,Workout,,5897,0,152.0,20,false,,,activities/9680008338.fit.gz,,,5897.0,5897.0,0.0,0.0,0.0,0.0,,,,0.0,0.0,,,,,,104.0,,,374.0,,,20.0,,,,,,,,,,,,,0.0,,1.0,,,,,,,,,,,,,,,,,,,,,,,,,,,0.0,0.0,0.0,,,,,,,,,,,,,,,,,""
9023541863,"May 6, 2023, 5:34:51 PM",Morning Pickleball,Workout,,7427,0,160.0,70,false,,,activities/9680862299.fit.gz,,,7427.0,7427.0,0.0,0.0,0.0,0.0,,,,0.0,0.0,,,,,,127.0,,,327.0,,,70.0,,,,,,,,,,,,,0.0,,1.0,,,,,,,,,,,,,,,,,,,,,,,,,,,0.0,0.0,0.0,,,,,,,,,,,,,,,,,""
9023541872,"May 6, 2023, 7:51:01 PM",Lunch Pickleball,Workout,Team fried pickles ftw,2096,0,162.0,19,false,,,activities/9680862297.fit.gz,,,2096.0,2096.0,0.0,0.0,0.0,0.0,,,,0.0,0.0,,,,,,137.0,,,221.0,,,19.0,,,,,,,,,,,0.0,,0.0,,1.0,,,,,,,,,,,,,,,,,,,,,,,,,,,0.0,0.0,0.0,,,,,,,,,,,,,,,,,media/28A4D188-0A56-409C-9FEA-DD467F198732.mp4
9023810701,"May 6, 2023, 8:55:24 PM",Afternoon Pickleball,Workout,,3221,0,167.0,17,false,,,activities/9681149770.fit.gz,,,3221.0,3221.0,0.0,0.0,0.0,0.0,,,,0.0,0.0,,,,,,121.0,,,224.0,,,17.0,,,,,,,,,,,,,0.0,,1.0,,,,,,,,,,,,,,,,,,,,,,,,,,,0.0,0.0,0.0,,,,,,,,,,,,,,,,,""
9030816148,"May 7, 2023, 10:30:12 PM",Afternoon Walk,Walk,,1301,1.42,115.0,3,false,,,activities/9688634752.fit.gz,,,1301.0,1301.0,1420.1,7.668,1.092,0.0,,,,0.0,0.0,,,,,,103.0,,,63.0,,,3.0,,,,,,,,,,,,,0.0,,1.0,,,,,,,,,,,,,,,,,,,,,,,,,,,0.0,1.092,0.0,,,,,,,,,,,,,,,,,""
9033847446,"May 8, 2023, 12:26:30 AM",Afternoon Walk,Walk,,1560,2.03,119.0,4,false,,,activities/9691869169.fit.gz,,,1560.0,1528.0,2035.0,2.675,1.332,4.4,20.0,57.8,77.6,9.5,-0.8,,,,,,109.0,,,81.0,,,4.0,,,,,,,,,,,,,0.0,,1.0,,,,,,,,,,,,,,,,,,,,,,,,,,,0.0,1.304,0.0,,,,,,,,,,,,,,,,,""
9035631495,"May 8, 2023, 7:20:11 PM",Lunch Walk,Walk,,584,1.10,141.0,2,false,,,activities/9693761664.fit.gz,,,584.0,584.0,1108.0,3.538,1.897,4.8,4.8,53.8,94.6,29.0,-3.6,,,,,,117.0,,,58.0,,,2.0,,,,,,,,,,,,,0.0,,1.0,,,,,,,,,,,,,,,,,,,,,,,,,,,0.0,1.897,0.0,,,,,,,,,,,,,,,,,""
9036956217,"May 9, 2023, 1:07:29 AM",Evening Walk,Walk,,1,0.90,107.0,0,false,,,activities/9695154622.fit.gz,,,1.0,1.0,907.9,0.0,907.9,0.0,0.0,65.0,65.0,0.0,0.0,,,,,,0.0,,,45.0,,,0.0,,,,,,,,,,,,,0.0,,1.0,,,,,,,,,,,,,,,,,,,,,,,,,,,0.0,907.9,0.0,,,,,,,,,,,,,,,,,""
9042603180,"May 9, 2023, 10:22:18 PM",Afternoon Ride,Ride,,1652,6.21,188.0,37,false,,1996 Cannondale M200 SE,activities/9701195138.fit.gz,,11.793,1652.0,1624.0,6215.1,13.212,3.827,83.2,83.2,22.0,97.6,45.9,-0.3,,,,,,149.0,,,149.0,,,37.0,,,,,,,,,,,,,0.0,,1.0,,,,,,,,,,,,,,,,11490857.0,,,,,,,,,,,0.0,3.762,0.0,,,,,,,,,,,,,,,,,""
9043160529,"May 10, 2023, 12:39:13 AM",Afternoon Ride,Ride,,1849,6.37,170.0,19,false,,1996 Cannondale M200 SE,activities/9701776404.fit.gz,,11.793,1849.0,1634.0,6369.4,9.896,3.898,91.8,91.8,19.0,96.0,14.9,0.4,,,,,,136.0,,,153.0,,,19.0,,,,,,,,,,,,,0.0,,1.0,,,,,,,,,,,,,,,,11490857.0,,,,,,,,,,,0.0,3.445,0.0,,,,,,,,,,,,,,,,,""
9043767545,"May 10, 2023, 2:38:45 AM",Evening Walk,Walk,,1285,1.84,165.0,6,false,,,activities/9702429025.fit.gz,,,1285.0,1212.0,1843.2,3.774,1.521,36.2,36.2,53.4,96.4,20.4,-2.3,,,,,,128.0,,,95.0,,,6.0,,,,,,,,,,,,,0.0,,1.0,,,,,,,,,,,,,,,,,,,,,,,,,,,0.0,1.434,0.0,,,,,,,,,,,,,,,,,""
9043834771,"May 10, 2023, 5:27:59 AM",Night Walk,Walk,,1409,1.77,145.0,5,false,,,activities/9702500353.fit.gz,,,1409.0,1409.0,1773.9,2.386,1.259,67.0,67.0,54.2,95.0,17.5,1.7,,,,,,119.0,,,127.0,,,5.0,,,,,,,,,,,,,0.0,,1.0,,,,,,,,,,,,,,,,,,,,,,,,,,,0.0,1.259,0.0,,,,,,,,,,,,,,,,,""
9048782781,"May 10, 2023, 10:19:54 PM",Afternoon Ride,Ride,,1704,6.30,174.0,28,false,,1996 Cannondale M200 SE,activities/9707702247.fit.gz,,11.793,1704.0,1645.0,6302.5,9.512,3.831,77.8,77.8,22.0,95.4,14.4,-0.3,,,,,,141.0,,,134.0,,,28.0,,,,,,,,,,,,,0.0,,1.0,,,,,,,,,,,,,,,,11490857.0,,,,,,,,,,,0.0,3.699,0.0,,,,,,,,,,,,,,,,,""
9049464657,"May 11, 2023, 1:11:13 AM",Evening Pickleball,Workout,,3577,0,170.0,73,false,,,activities/9708420785.fit.gz,,,3577.0,3577.0,0.0,0.0,0.0,0.0,,,,0.0,0.0,,,,,,144.0,,,434.0,,,73.0,,,,,,,,,,,,,0.0,,1.0,,,,,,,,,,,,,,,,,,,,,,,,,,,0.0,0.0,0.0,,,,,,,,,,,,,,,,,""
9049522016,"May 11, 2023, 2:22:26 AM",Evening Ride,Ride,,922,3.79,158.0,9,false,,1996 Cannondale M200 SE,activities/9708481887.fit.gz,,11.793,922.0,742.0,3797.3,10.84,5.118,17.2,67.0,22.2,78.6,48.6,-1.3,,,,,,138.0,,,74.0,,,9.0,,,,,,,,,,,,,0.0,,1.0,,,,,,,,,,,,,,,,11490857.0,,,,,,,,,,,0.0,4.119,0.0,,,,,,,,,,,,,,,,,""
9054132292,"May 11, 2023, 5:51:33 PM",Morning Walk,Walk,,2795,3.67,153.0,11,false,,,activities/9713344823.fit.gz,,,2795.0,2554.0,3670.6,3.642,1.437,49.0,140.8,4.6,97.6,17.6,-2.5,,,,,,118.0,,,182.0,,,11.0,,,,,,,,,,,,,0.0,,1.0,,,,,,,,,,,,,,,,,,,,,,,,,,,0.0,1.313,0.0,,,,,,,,,,,,,,,,,""
9055758052,"May 12, 2023, 4:46:38 AM",Night Walk,Walk,,1171,1.17,124.0,3,false,,,activities/9715071843.fit.gz,,,1171.0,1122.0,1174.8,2.136,1.047,84.8,-0.6,9.0,94.4,29.0,7.4,,,,,,114.0,,,87.0,,,3.0,,,,,,,,,,,,,0.0,,1.0,,,,,,,,,,,,,,,,,,,,,,,,,,,0.0,1.003,0.0,,,,,,,,,,,,,,,,,""
9058951677,"May 12, 2023, 5:39:20 PM",Morning Walk,Walk,,168,1.05,91.0,0,false,,,activities/9718446905.fit.gz,,,168.0,150.0,1050.2,2.188,7.001,0.0,9.0,33.0,42.0,4.2,-4.8,,,,,,88.0,,,52.0,,,0.0,,,,,,,,,,,,,0.0,,1.0,,,,,,,,,,,,,,,,,,,,,,,,,,,0.0,6.251,0.0,,,,,,,,,,,,,,,,,""
9059812786,"May 12, 2023, 8:03:03 PM",bike pickup x errands,Ride,"",5412,6.78,177.0,28,false,"",1996 Cannondale M200 SE,activities/9719355701.fit.gz,,11.793,5412.0,1893.0,6781.9,10.606,3.583,140.2,119.6,0.4,94.2,25.7,0.3,,,,,,136.0,,,180.0,,,28.0,,,,,,,,,,,,,0.0,,1.0,,,,,,,,,,,,,,,,11490857.0,,,,,,,,,,,0.0,1.253,0.0,,,,,,,,,,,,,,,,,""
9060660484,"May 13, 2023, 1:56:35 AM",Evening Ride,Ride,,576,2.00,147.0,3,false,,1996 Cannondale M200 SE,activities/9720238311.fit.gz,,11.793,576.0,576.0,2003.3,9.7,3.478,0.0,89.0,4.4,93.6,5.4,-4.4,,,,,,126.0,,,47.0,,,3.0,,,,,,,,,,,,,0.0,,1.0,,,,,,,,,,,,,,,,11490857.0,,,,,,,,,,,0.0,3.478,0.0,,,,,,,,,,,,,,,,,""
9061309211,"May 13, 2023, 3:21:22 AM",KEVIN MEETS JAKE X KEVIN’S LAST EAST BAY BIKE PARTY,Ride,BIKE PARTYYYY,12078,24.65,164.0,22,false,,1996 Cannondale M200 SE,activities/9720927698.fit.gz,,11.793,12078.0,7753.0,24656.9,9.36,3.18,91.4,89.4,2.0,23.6,18.9,0.0,,,,,,105.0,,,333.0,,,22.0,,,,,,,,,,,0.0,,0.0,,1.0,,,,,,,,,,,,,,,,11490857.0,,,,,,,,,,,0.0,2.041,0.0,,,,,,,,,,,,,,,,,media/8C239480-D815-43E9-BA85-B5BE1B4D634A.jpg|media/731407E5-B746-4BA9-8890-E7D4BF31F6D4.jpg
9066534750,"May 13, 2023, 11:03:47 PM",Afternoon Walk,Walk,,2,1.13,,,false,,,activities/9726476488.fit.gz,,,2.0,2.0,1138.6,0.0,569.31,0.0,0.0,91.0,91.0,0.0,0.0,,,,,,,,,75.0,,,,,,,,,,,,,,,,0.0,,1.0,,,,,,,,,,,,,,,,,,,,,,,,,,,0.0,569.31,0.0,,,,,,,,,,,,,,,,,""
9067093323,"May 14, 2023, 2:26:56 AM",Evening Walk,Walk,,760,1.27,104.0,1,false,,,activities/9727070827.fit.gz,,,760.0,760.0,1272.8,4.908,1.675,6.0,88.4,9.6,92.0,18.6,-6.5,,,,,,91.0,,,55.0,,,1.0,,,,,,,,,,,,,0.0,,1.0,,,,,,,,,,,,,,,,,,,,,,,,,,,0.0,1.675,145.4,,,,,,,,,,,,,,,,,""
9072127368,"May 14, 2023, 5:43:54 PM",Morning Walk,Walk,,3199,2.20,119.0,4,false,,,activities/9732493315.fit.gz,,,3199.0,1677.0,2208.6,2.989,1.317,22.6,95.8,13.0,90.4,46.6,-3.3,,,,,,103.0,,,99.0,,,4.0,,,,,,,,,,,,,0.0,,1.0,,,,,,,,,,,,,,,,,,,,,,,,,,,0.0,0.69,0.0,,,,,,,,,,,,,,,,,""
9073738758,"May 15, 2023, 5:13:17 AM",Night HIIT,Workout,,2268,0,134.0,5,false,,,activities/9734220499.fit.gz,,,2268.0,2268.0,0.0,0.0,0.0,0.0,,,,0.0,0.0,,,,,,100.0,,,159.0,,,5.0,,,,,,,,,,,,,0.0,,1.0,,,,,,,,,,,,,,,,,,,,,,,,,,,0.0,0.0,0.0,,,,,,,,,,,,,,,,,""
9078424489,"May 15, 2023, 9:22:53 PM",Afternoon Tennis,Workout,,5059,0,174.0,41,false,,,activities/9739163886.fit.gz,,,5059.0,5059.0,0.0,0.0,0.0,0.0,,,,0.0,0.0,,,,,,125.0,,,496.0,,,41.0,,,,,,,,,,,,,0.0,,1.0,,,,,,,,,,,,,,,,,,,,,,,,,,,0.0,0.0,0.0,,,,,,,,,,,,,,,,,""
9078647235,"May 15, 2023, 11:04:47 PM",Afternoon Walk,Walk,,2270,1.77,146.0,5,false,,,activities/9739395250.fit.gz,,,2270.0,1441.0,1775.5,2.747,1.232,94.0,12.4,6.8,99.4,42.6,4.6,,,,,,116.0,,,125.0,,,5.0,,,,,,,,,,,,,0.0,,1.0,,,,,,,,,,,,,,,,,,,,,,,,,,,0.0,0.782,0.0,,,,,,,,,,,,,,,,,""
9083462103,"May 16, 2023, 5:10:36 PM",Morning Tennis,Workout,,3588,0,181.0,100,false,,,activities/9744489261.fit.gz,,,3588.0,3588.0,0.0,0.0,0.0,0.0,,,,0.0,0.0,,,,,,154.0,,,494.0,,,100.0,,,,,,,,,,,,,0.0,,1.0,,,,,,,,,,,,,,,,,,,,,,,,,,,0.0,0.0,0.0,,,,,,,,,,,,,,,,,""
9083462251,"May 16, 2023, 4:53:03 PM",Morning Ride,Ride,,843,2.60,177.0,8,false,,1996 Cannondale M200 SE,activities/9744489299.fit.gz,,11.793,843.0,749.0,2599.3,7.77,3.47,47.4,47.4,55.8,98.2,19.9,-0.4,,,,,,131.0,,,72.0,,,8.0,,,,,,,,,,,,,0.0,,1.0,,,,,,,,,,,,,,,,11490857.0,,,,,,,,,,,0.0,3.083,0.0,,,,,,,,,,,,,,,,,""
9083462283,"May 16, 2023, 6:19:43 PM",Lunch Ride,Ride,,715,2.87,178.0,12,false,,1996 Cannondale M200 SE,activities/9744489356.fit.gz,,11.793,715.0,715.0,2873.8,12.048,4.019,53.8,44.0,56.8,94.2,17.9,0.3,,,,,,141.0,,,81.0,,,12.0,,,,,,,,,,,,,0.0,,1.0,,,,,,,,,,,,,,,,11490857.0,,,,,,,,,,,0.0,4.019,0.0,,,,,,,,,,,,,,,,,""
9084319064,"May 16, 2023, 8:43:12 PM",Afternoon Ride,Ride,,1485,6.07,186.0,40,false,,1996 Cannondale M200 SE,activities/9745390610.fit.gz,,11.793,1485.0,1436.0,6078.2,9.846,4.233,66.0,66.0,22.8,95.8,15.1,-0.3,,,,,,154.0,,,137.0,,,40.0,,,,,,,,,,,,,0.0,,1.0,,,,,,,,,,,,,,,,11490857.0,,,,,,,,,,,0.0,4.093,0.0,,,,,,,,,,,,,,,,,""
9085375445,"May 17, 2023, 12:52:45 AM",Afternoon Ride,Ride,,1580,5.92,177.0,13,false,,1996 Cannondale M200 SE,activities/9746489135.fit.gz,,11.793,1580.0,1295.0,5923.3,11.284,4.574,61.2,69.2,21.0,79.4,45.5,-0.1,,,,,,130.0,,,144.0,,,13.0,,,,,,,,,,,,,0.0,,1.0,,,,,,,,,,,,,,,,11490857.0,,,,,,,,,,,0.0,3.749,0.0,,,,,,,,,,,,,,,,,""
9091603845,"May 18, 2023, 3:28:42 AM",Evening Run,Run,,747,1.38,179.0,20,false,,,activities/9753068502.fit.gz,,,747.0,581.0,1387.3,7.068,2.388,77.2,9.0,17.8,95.0,24.1,4.8,,,,,,161.0,,,106.0,,,20.0,,,,,,,,,,,,,0.0,,1.0,1753.1,,,,,,,,,,,,,,,,,,,,,,,,,,0.0,1.857,0.0,,,,,,,,,,,,,,,,,""
9094588662,"May 18, 2023, 2:11:45 PM",Morning Ride,Ride,,1539,6.17,163.0,12,false,,1996 Cannondale M200 SE,activities/9756228570.fit.gz,,11.793,1539.0,1478.0,6171.5,12.158,4.176,98.2,98.2,17.0,94.2,18.6,-0.3,,,,,,128.0,,,137.0,,,12.0,,,,,,,,,,,,,0.0,,1.0,,,,,,,,,,,,,,,,11490857.0,,,,,,,,,,,0.0,4.01,0.0,,,,,,,,,,,,,,,,,""
9094979081,"May 18, 2023, 2:46:43 PM",BIKE BUS X BIKE TO WHEREVER WORK DAY,Ride,"",3322,7.77,122.0,5,false,"",1996 Cannondale M200 SE,activities/9756641771.fit.gz,,11.793,3322.0,2254.0,7774.5,8.396,3.449,33.0,110.2,4.6,82.4,7.2,-1.0,,,,,,101.0,,,129.0,,,5.0,,,,,,,,,,,0.0,,0.0,,1.0,,,,,,,,,,,,,,,,11490857.0,,,,,,,,,,,0.0,2.34,0.0,,,,,,,,,,,,,,,,,media/96F8C6DE-3746-4689-A7A9-0897FA2DF141.jpg|media/FC6CFBCA-B72A-46E6-A271-20D85741CB31.mp4
9097728427,"May 19, 2023, 1:03:28 AM",Evening Ride,Ride,,1619,5.58,184.0,42,false,,1996 Cannondale M200 SE,activities/9759512151.fit.gz,,11.793,1619.0,1539.0,5586.6,7.804,3.63,111.4,111.4,3.4,101.4,42.1,1.6,,,,,,155.0,,,157.0,,,42.0,,,,,,,,,,,,,0.0,,1.0,,,,,,,,,,,,,,,,11490857.0,,,,,,,,,,,0.0,3.451,0.0,,,,,,,,,,,,,,,,,""
9098088548,"May 19, 2023, 2:57:18 AM",Evening Tennis,Workout,,3866,0,173.0,43,false,,,activities/9759894411.fit.gz,,,3866.0,3866.0,0.0,0.0,0.0,0.0,,,,0.0,0.0,,,,,,137.0,,,427.0,,,43.0,,,,,,,,,,,,,0.0,,1.0,,,,,,,,,,,,,,,,,,,,,,,,,,,0.0,0.0,0.0,,,,,,,,,,,,,,,,,""
9102796796,"May 19, 2023, 10:55:24 PM",Afternoon Walk,Walk,,579,1.51,128.0,1,false,,,activities/9764909051.fit.gz,,,579.0,579.0,1509.7,2.189,2.607,40.6,40.6,54.6,95.2,14.8,5.2,,,,,,110.0,,,86.0,,,1.0,,,,,,,,,,,,,0.0,,1.0,,,,,,,,,,,,,,,,,,,,,,,,,,,0.0,2.607,0.0,,,,,,,,,,,,,,,,,""
9107370471,"May 20, 2023, 3:59:20 PM",Morning Walk,Walk,,49,1.14,121.0,0,false,,,activities/9769727117.fit.gz,,,49.0,49.0,1143.9,2.192,23.344,0.0,-0.8,52.2,53.0,28.2,1.7,,,,,,114.0,,,44.0,,,0.0,,,,,,,,,,,,,0.0,,1.0,,,,,,,,,,,,,,,,,,,,,,,,,,,0.0,23.344,0.0,,,,,,,,,,,,,,,,,""
9108103948,"May 20, 2023, 5:28:02 PM",Morning Elliptical,Elliptical,,1801,0,163.0,51,false,,,activities/9770507863.fit.gz,,,1801.0,1801.0,0.0,0.0,0.0,0.0,,,,0.0,0.0,,,,,,155.0,,,239.0,,,51.0,,,,,,,,,,,,,0.0,,1.0,,,,,,,,,,,,,,,,,,,,,,,,,,,0.0,0.0,0.0,,,,,,,,,,,,,,,,,""
9108146802,"May 20, 2023, 6:01:25 PM",Lunch Weight Training,Weight Training,,297,0,169.0,8,false,,,activities/9770553330.fit.gz,,,297.0,297.0,0.0,0.0,0.0,0.0,,,,0.0,0.0,,,,,,157.0,,,35.0,,,8.0,,,,,,,,,,,,,0.0,,1.0,,,,,,,,,,,,,,,,,,,,,,,,,,,0.0,0.0,0.0,,,,,,,,,,,,,,,,,""
9114761094,"May 21, 2023, 4:00:30 PM",Bay to breakers (modified) ,Run,"Calvin best pacer, vibes immaculate",4312,11.42,188.0,175,false,,,activities/9777601479.fit.gz,,,4312.0,4122.0,11425.5,5.128,2.772,108.6,108.6,8.0,89.2,31.9,-0.6,,,,,,168.0,,,680.0,,,175.0,,,,,,,,,,,0.0,,0.0,,1.0,11521.4,,,,,,,,,,,,,,,,,,,,,,,,,,0.0,2.65,143.8,,,,,,,,,,,,,,,,,media/81BDC27F-119B-437B-BB86-B8A1EED6F266.jpg|media/9726A88B-A229-431F-8C83-09CA66C96F22.jpg
9116332836,"May 21, 2023, 11:01:50 PM",Afternoon Run,Run,,1202,2.88,188.0,48,false,,,activities/9779286848.fit.gz,,,1202.0,1202.0,2887.9,4.638,2.403,84.4,84.4,17.6,96.0,32.9,2.7,,,,,,164.0,,,193.0,,,48.0,,,,,,,,,,,,,0.0,,1.0,3181.4,,,,,,,,,,,,,,,,,,,,,,,,,,0.0,2.403,0.0,,,,,,,,,,,,,,,,,""
9116780751,"May 22, 2023, 1:43:06 AM",Evening Tennis,Workout,,5027,0,173.0,46,false,,,activities/9779764377.fit.gz,,,5027.0,5027.0,0.0,0.0,0.0,0.0,,,,0.0,0.0,,,,,,134.0,,,557.0,,,46.0,,,,,,,,,,,,,0.0,,1.0,,,,,,,,,,,,,,,,,,,,,,,,,,,0.0,0.0,0.0,,,,,,,,,,,,,,,,,""
9120891747,"May 22, 2023, 6:11:10 PM",Lunch Walk,Walk,,1889,1.89,115.0,3,false,,,activities/9784134238.fit.gz,,,1889.0,1447.0,1892.5,2.81,1.308,23.0,117.6,-5.4,99.8,40.4,-5.0,,,,,,103.0,,,81.0,,,3.0,,,,,,,,,,,,,0.0,,1.0,,,,,,,,,,,,,,,,,,,,,,,,,,,0.0,1.002,0.0,,,,,,,,,,,,,,,,,""
9123047314,"May 23, 2023, 3:24:18 AM",Evening Tennis,Workout,,5951,0,152.0,22,false,,,activities/9786400681.fit.gz,,,5951.0,5951.0,0.0,0.0,0.0,0.0,,,,0.0,0.0,,,,,,116.0,,,552.0,,,22.0,,,,,,,,,,,,,0.0,,1.0,,,,,,,,,,,,,,,,,,,,,,,,,,,0.0,0.0,0.0,,,,,,,,,,,,,,,,,""
9129068707,"May 24, 2023, 12:44:18 AM",Afternoon Tennis,Workout,,539,0,151.0,2,false,,,activities/9793584275.fit.gz,,,539.0,539.0,0.0,0.0,0.0,0.0,,,,0.0,0.0,,,,,,116.0,,,49.0,,,2.0,,,,,,,,,,,,,0.0,,1.0,,,,,,,,,,,,,,,,,,,,,,,,,,,0.0,0.0,0.0,,,,,,,,,,,,,,,,,""
9129068741,"May 23, 2023, 8:45:00 PM",Afternoon Ride,Ride,,1431,6.13,178.0,22,false,,1996 Cannondale M200 SE,activities/9793584274.fit.gz,,11.793,1431.0,1431.0,6132.8,10.956,4.286,67.2,67.2,22.0,102.2,18.2,-0.4,,,,,,138.0,,,134.0,,,22.0,,,,,,,,,,,,,0.0,,1.0,,,,,,,,,,,,,,,,11490857.0,,,,,,,,,,,0.0,4.286,0.0,,,,,,,,,,,,,,,,,""
9129068804,"May 24, 2023, 1:08:44 AM",Evening Ride,Ride,,1736,6.46,168.0,14,false,,1996 Cannondale M200 SE,activities/9793584362.fit.gz,,11.793,1736.0,1659.0,6467.5,14.658,3.898,91.6,91.6,19.2,94.8,16.4,0.3,,,,,,130.0,,,145.0,,,14.0,,,,,,,,,,,,,0.0,,1.0,,,,,,,,,,,,,,,,11490857.0,,,,,,,,,,,0.0,3.726,0.0,,,,,,,,,,,,,,,,,""
9134863401,"May 24, 2023, 10:26:38 PM",Afternoon Ride,Ride,,1662,6.22,170.0,17,false,,1996 Cannondale M200 SE,activities/9800717143.fit.gz,,11.793,1662.0,1567.0,6223.4,9.56,3.972,65.8,65.8,22.0,95.4,20.0,-0.3,,,,,,128.0,,,128.0,,,17.0,,,,,,,,,,,,,0.0,,1.0,,,,,,,,,,,,,,,,11490857.0,,,,,,,,,,,0.0,3.745,0.0,,,,,,,,,,,,,,,,,""
9135549588,"May 25, 2023, 2:18:14 AM",Evening Tennis,Workout,,866,0,166.0,23,false,,,activities/9801528751.fit.gz,,,866.0,866.0,0.0,0.0,0.0,0.0,,,,0.0,0.0,,,,,,155.0,,,122.0,,,23.0,,,,,,,,,,,,,0.0,,1.0,,,,,,,,,,,,,,,,,,,,,,,,,,,0.0,0.0,0.0,,,,,,,,,,,,,,,,,""
9135802002,"May 25, 2023, 4:13:17 AM",Night Ride,Ride,,1677,6.46,171.0,17,false,,1996 Cannondale M200 SE,activities/9801858676.fit.gz,,11.793,1677.0,1540.0,6468.5,14.142,4.2,91.2,91.2,19.4,95.0,16.5,0.3,,,,,,133.0,,,145.0,,,17.0,,,,,,,,,,,,,0.0,,1.0,,,,,,,,,,,,,,,,11490857.0,,,,,,,,,,,0.0,3.857,0.0,,,,,,,,,,,,,,,,,""
9145677787,"May 26, 2023, 6:01:20 PM",Lunch Walk,Walk,,2695,3.43,113.0,7,false,,,activities/9812802917.fit.gz,,,2695.0,2660.0,3435.7,2.477,1.292,15.2,15.2,6.8,101.6,47.7,-2.5,,,,,,103.0,,,145.0,,,7.0,,,,,,,,,,,,,0.0,,1.0,,,,,,,,,,,,,,,,,,,,,,,,,,,0.0,1.275,0.0,,,,,,,,,,,,,,,,,""
9146150899,"May 26, 2023, 7:42:56 PM",Lunch Walk,Walk,,4240,3.67,137.0,7,false,,,activities/9813317333.fit.gz,,,4240.0,2940.0,3671.4,2.889,1.249,120.0,120.0,10.8,95.6,24.0,2.1,,,,,,101.0,,,207.0,,,7.0,,,,,,,,,,,,,0.0,,1.0,,,,,,,,,,,,,,,,,,,,,,,,,,,0.0,0.866,0.0,,,,,,,,,,,,,,,,,""
9147031226,"May 27, 2023, 1:18:57 AM",Evening Run,Run,,592,1.86,,,false,,,activities/9814251033.fit.gz,,,592.0,575.0,1861.9,5.618,3.238,0.0,85.2,4.2,89.8,2.0,-4.6,,,,,,,,,108.0,,,,,,,,,,,,,,,,0.0,,1.0,1767.6,,,,,,,,,,,,,,,,,,,,,,,,,,0.0,3.145,0.0,,,,,,,,,,,,,,,,,""
9147357648,"May 27, 2023, 1:35:04 AM",Evening Tennis,Workout,,8723,0,174.0,136,false,,,activities/9814595892.fit.gz,,,8723.0,8723.0,0.0,0.0,0.0,0.0,,,,0.0,0.0,,,,,,143.0,,,1079.0,,,136.0,,,,,,,,,,,,,0.0,,1.0,,,,,,,,,,,,,,,,,,,,,,,,,,,0.0,0.0,0.0,,,,,,,,,,,,,,,,,""
9152431885,"May 27, 2023, 7:26:13 PM",Lunch Ride,Ride,,700,2.72,131.0,1,false,,1996 Cannondale M200 SE,activities/9820023031.fit.gz,,11.793,700.0,700.0,2727.1,9.798,3.896,12.4,12.4,19.2,94.6,49.7,-2.3,,,,,,99.0,,,41.0,,,1.0,,,,,,,,,,,,,0.0,,1.0,,,,,,,,,,,,,,,,11490857.0,,,,,,,,,,,0.0,3.896,0.0,,,,,,,,,,,,,,,,,""
9153185240,"May 27, 2023, 11:14:05 PM",Afternoon Ride,Ride,,1180,3.98,157.0,8,false,,1996 Cannondale M200 SE,activities/9820838166.fit.gz,,11.793,1180.0,1114.0,3981.4,7.942,3.574,87.8,16.2,19.2,95.4,32.7,1.8,,,,,,127.0,,,109.0,,,8.0,,,,,,,,,,,,,0.0,,1.0,,,,,,,,,,,,,,,,11490857.0,,,,,,,,,,,0.0,3.374,0.0,,,,,,,,,,,,,,,,,""
9157863518,"May 28, 2023, 3:25:22 PM",Morning Ride,Ride,,1351,6.21,161.0,15,false,,1996 Cannondale M200 SE,activities/9825824841.fit.gz,,11.793,1351.0,1312.0,6214.4,12.682,4.737,66.4,66.4,22.0,95.6,11.7,-0.3,,,,,,132.0,,,135.0,,,15.0,,,,,,,,,,,,,0.0,,1.0,,,,,,,,,,,,,,,,11490857.0,,,,,,,,,,,0.0,4.6,0.0,,,,,,,,,,,,,,,,,""
9158655628,"May 28, 2023, 3:56:28 PM",Morning Pickleball,Workout,,286,0,118.0,0,false,,,activities/9826673618.fit.gz,,,286.0,286.0,0.0,0.0,0.0,0.0,,,,0.0,0.0,,,,,,116.0,,,21.0,,,0.0,,,,,,,,,,,,,0.0,,1.0,,,,,,,,,,,,,,,,,,,,,,,,,,,0.0,0.0,0.0,,,,,,,,,,,,,,,,,""
9159549297,"May 28, 2023, 7:15:13 PM",Lunch Pickleball,Workout,,1148,0,101.0,2,false,,,activities/9827641249.fit.gz,,,1148.0,1148.0,0.0,0.0,0.0,0.0,,,,0.0,0.0,,,,,,90.0,,,81.0,,,2.0,,,,,,,,,,,,,0.0,,1.0,,,,,,,,,,,,,,,,,,,,,,,,,,,0.0,0.0,0.0,,,,,,,,,,,,,,,,,""
9159549299,"May 28, 2023, 7:56:14 PM",Lunch Pickleball,Workout,,1249,0,170.0,45,false,,,activities/9827641250.fit.gz,,,1249.0,1249.0,0.0,0.0,0.0,0.0,,,,0.0,0.0,,,,,,164.0,,,152.0,,,45.0,,,,,,,,,,,,,0.0,,1.0,,,,,,,,,,,,,,,,,,,,,,,,,,,0.0,0.0,0.0,,,,,,,,,,,,,,,,,""
9159549306,"May 28, 2023, 8:20:30 PM",Afternoon Pickleball,Workout,,2450,0,149.0,9,false,,,activities/9827641251.fit.gz,,,2450.0,2450.0,0.0,0.0,0.0,0.0,,,,0.0,0.0,,,,,,121.0,,,223.0,,,9.0,,,,,,,,,,,,,0.0,,1.0,,,,,,,,,,,,,,,,,,,,,,,,,,,0.0,0.0,0.0,,,,,,,,,,,,,,,,,""
9159655453,"May 28, 2023, 9:15:20 PM",Afternoon Ride,Ride,,1525,6.41,177.0,19,false,,1996 Cannondale M200 SE,activities/9827756869.fit.gz,,11.793,1525.0,1418.0,6418.9,11.492,4.527,84.2,84.2,19.2,94.4,25.1,0.3,,,,,,140.0,,,141.0,,,19.0,,,,,,,,,,,,,0.0,,1.0,,,,,,,,,,,,,,,,11490857.0,,,,,,,,,,,0.0,4.209,0.0,,,,,,,,,,,,,,,,,""
9160351870,"May 29, 2023, 12:45:33 AM",Afternoon Ride,Ride,,1079,4.11,160.0,3,false,,1996 Cannondale M200 SE,activities/9828501540.fit.gz,,11.793,1079.0,1027.0,4113.1,11.162,4.005,46.4,46.4,21.2,94.0,15.0,-1.1,,,,,,110.0,,,87.0,,,3.0,,,,,,,,,,,,,0.0,,1.0,,,,,,,,,,,,,,,,11490857.0,,,,,,,,,,,0.0,3.812,0.0,,,,,,,,,,,,,,,,,""
9160462990,"May 29, 2023, 4:09:08 AM",Night Ride,Ride,,1196,3.93,172.0,18,false,,1996 Cannondale M200 SE,activities/9828620732.fit.gz,,11.793,1196.0,1196.0,3932.8,8.154,3.288,86.0,86.0,19.4,94.2,16.6,1.2,,,,,,140.0,,,97.0,,,18.0,,,,,,,,,,,,,0.0,,1.0,,,,,,,,,,,,,,,,11490857.0,,,,,,,,,,,0.0,3.288,0.0,,,,,,,,,,,,,,,,,""
9165830748,"May 29, 2023, 6:53:11 PM",Lunch Run,Run,,455,1.34,161.0,6,false,,,activities/9834346355.fit.gz,,,455.0,455.0,1339.1,5.303,2.943,0.0,0.0,32.8,94.6,0.0,-4.7,,,,,,145.0,,,74.0,,,6.0,,,,,,,,,,,,,0.0,,1.0,1214.0,,,,,,,,,,,,,,,,,,,,,,,,,,0.0,2.943,0.0,,,,,,,,,,,,,,,,,""
9165830754,"May 29, 2023, 9:09:43 PM",Afternoon Run,Run,,591,1.44,174.0,22,false,,,activities/9834346359.fit.gz,,,591.0,591.0,1444.7,4.382,2.445,38.0,7.8,37.0,68.4,16.0,2.1,,,,,,164.0,,,95.0,,,22.0,,,,,,,,,,,,,0.0,,1.0,1534.3,,,,,,,,,,,,,,,,,,,,,,,,,,0.0,2.445,0.0,,,,,,,,,,,,,,,,,""
9166141670,"May 29, 2023, 10:37:39 PM",Afternoon Elliptical,Elliptical,,912,0,162.0,18,false,,,activities/9834675307.fit.gz,,,912.0,912.0,0.0,0.0,0.0,0.0,,,,0.0,0.0,,,,,,147.0,,,111.0,,,18.0,,,,,,,,,,,,,0.0,,1.0,,,,,,,,,,,,,,,,,,,,,,,,,,,0.0,0.0,0.0,,,,,,,,,,,,,,,,,""
9166141671,"May 29, 2023, 10:23:09 PM",Afternoon Weight Training,Weight Training,,844,0,159.0,4,false,,,activities/9834675313.fit.gz,,,844.0,844.0,0.0,0.0,0.0,0.0,,,,0.0,0.0,,,,,,128.0,,,83.0,,,4.0,,,,,,,,,,,,,0.0,,1.0,,,,,,,,,,,,,,,,,,,,,,,,,,,0.0,0.0,0.0,,,,,,,,,,,,,,,,,""
9172693715,"May 30, 2023, 11:44:48 PM",Afternoon Walk,Walk,,1508,1.89,150.0,6,false,,,activities/9841567186.fit.gz,,,1508.0,1440.0,1891.6,3.612,1.314,90.0,2.4,4.2,94.2,24.1,4.7,,,,,,120.0,,,118.0,,,6.0,,,,,,,,,,,,,0.0,,1.0,,,,,,,,,,,,,,,,,,,,,,,,,,,0.0,1.254,0.0,,,,,,,,,,,,,,,,,""
9173085074,"May 31, 2023, 1:46:47 AM",Evening Ride,Ride,,1340,6.28,175.0,25,false,,1996 Cannondale M200 SE,activities/9841971885.fit.gz,,11.793,1340.0,1293.0,6285.3,12.503,4.861,70.6,70.6,20.4,95.2,21.3,-0.3,,,,,,143.0,,,141.0,,,25.0,,,,,,,,,,,,,0.0,,1.0,,,,,,,,,,,,,,,,11490857.0,,,,,,,,,,,0.0,4.691,0.0,,,,,,,,,,,,,,,,,""
9173443522,"May 31, 2023, 2:40:16 AM",Evening Tennis,Workout,,8299,0,180.0,130,false,,,activities/9842350429.fit.gz,,,8299.0,8299.0,0.0,0.0,0.0,0.0,,,,0.0,0.0,,,,,,143.0,,,1001.0,,,130.0,,,,,,,,,,,,,0.0,,1.0,,,,,,,,,,,,,,,,,,,,,,,,,,,0.0,0.0,0.0,,,,,,,,,,,,,,,,,""
9173548327,"May 31, 2023, 5:10:15 AM",Night Ride,Ride,,1459,6.48,176.0,42,false,,1996 Cannondale M200 SE,activities/9842463302.fit.gz,,11.793,1459.0,1423.0,6483.4,11.902,4.556,85.8,85.8,19.2,94.8,13.9,0.3,,,,,,156.0,,,151.0,,,42.0,,,,,,,,,,,,,0.0,,1.0,,,,,,,,,,,,,,,,11490857.0,,,,,,,,,,,0.0,4.444,0.0,,,,,,,,,,,,,,,,,""
9178844642,"May 31, 2023, 10:21:42 PM",Afternoon Ride,Ride,,1510,6.05,176.0,25,false,,1996 Cannondale M200 SE,activities/9848050952.fit.gz,,11.793,1510.0,1482.0,6057.1,9.648,4.087,66.8,66.8,22.0,95.4,12.0,-0.3,,,,,,141.0,,,136.0,,,25.0,,,,,,,,,,,,,0.0,,1.0,,,,,,,,,,,,,,,,11490857.0,,,,,,,,,,,0.0,4.011,0.0,,,,,,,,,,,,,,,,,""
9179282498,"Jun 1, 2023, 12:34:00 AM",Afternoon Tennis,Workout,,512,0,127.0,1,false,,,activities/9848505572.fit.gz,,,512.0,512.0,0.0,0.0,0.0,0.0,,,,0.0,0.0,,,,,,117.0,,,55.0,,,1.0,,,,,,,,,,,,,0.0,,1.0,,,,,,,,,,,,,,,,,,,,,,,,,,,0.0,0.0,0.0,,,,,,,,,,,,,,,,,""
9179921384,"Jun 1, 2023, 4:36:24 AM",Night Ride,Ride,,1515,6.27,169.0,28,false,,1996 Cannondale M200 SE,activities/9849174720.fit.gz,,11.793,1515.0,1487.0,6270.8,11.584,4.217,85.0,85.0,19.6,95.2,14.7,0.3,,,,,,147.0,,,142.0,,,28.0,,,,,,,,,,,,,0.0,,1.0,,,,,,,,,,,,,,,,11490857.0,,,,,,,,,,,0.0,4.139,0.0,,,,,,,,,,,,,,,,,""
9183578475,"Jun 1, 2023, 5:22:43 PM",Morning Walk,Walk,,1741,1.96,122.0,4,false,,,activities/9853042895.fit.gz,,,1741.0,1390.0,1967.9,2.995,1.416,2.2,91.8,6.0,97.2,5.3,-4.6,,,,,,108.0,,,94.0,,,4.0,,,,,,,,,,,,,0.0,,1.0,,,,,,,,,,,,,,,,,,,,,,,,,,,0.0,1.13,0.0,,,,,,,,,,,,,,,,,""
9190087567,"Jun 2, 2023, 7:22:46 PM",Lunch Run to movie ,Run,Made it to previews,720,2.18,182.0,30,false,,,activities/9859911124.fit.gz,,,720.0,720.0,2186.0,6.47,3.036,20.8,20.8,41.8,92.8,13.3,-2.4,,,,,,168.0,,,130.0,,,30.0,,,,,,,,,,,0.0,,0.0,,1.0,2122.5,,,,,,,,,,,,,,,,,,,,,,,,,,0.0,3.036,0.0,,,,,,,,,,,,,,,,,""
9190846872,"Jun 2, 2023, 10:11:09 PM",Post-movie contemplate bike party ,Run,"",4697,11.27,177.0,150,false,,,activities/9860720208.fit.gz,,,4697.0,4316.0,11272.8,5.316,2.612,133.2,133.2,35.8,82.4,16.2,0.4,,,,,,160.0,,,687.0,,,150.0,,,,,,,,,,,0.0,,0.0,,1.0,11597.1,,,,,,,,,,,,,,,,,,,,,,,,,,0.0,2.4,0.0,,,,,,,,,,,,,,,,,""
9197175579,"Jun 3, 2023, 9:32:50 PM",Afternoon Run,Run,,1042,1.92,155.0,7,false,,,activities/9867437531.fit.gz,,,1042.0,1042.0,1924.6,4.86,1.847,9.4,107.2,-3.2,102.8,27.9,-5.1,,,,,,130.0,,,92.0,,,7.0,,,,,,,,,,,,,0.0,,1.0,1914.8,,,,,,,,,,,,,,,,,,,,,,,,,,0.0,1.847,0.0,,,,,,,,,,,,,,,,,""
9197713735,"Jun 3, 2023, 10:05:54 PM",Afternoon Pickleball,Workout,,10074,0,158.0,52,false,,,activities/9868010138.fit.gz,,,10074.0,10074.0,0.0,0.0,0.0,0.0,,,,0.0,0.0,,,,,,122.0,,,871.0,,,52.0,,,,,,,,,,,,,0.0,,1.0,,,,,,,,,,,,,,,,,,,,,,,,,,,0.0,0.0,0.0,,,,,,,,,,,,,,,,,""
9197824499,"Jun 4, 2023, 1:16:09 AM",Evening Walk,Walk,,1440,1.95,136.0,4,false,,,activities/9868126672.fit.gz,,,1440.0,1440.0,1952.9,2.83,1.356,89.8,2.8,4.8,94.6,27.1,4.5,,,,,,115.0,,,126.0,,,4.0,,,,,,,,,,,,,0.0,,1.0,,,,,,,,,,,,,,,,,,,,,,,,,,,0.0,1.356,0.0,,,,,,,,,,,,,,,,,""
9202336185,"Jun 4, 2023, 3:30:57 PM",Morning Ride,Ride,,1411,6.16,165.0,18,false,,1996 Cannondale M200 SE,activities/9872917769.fit.gz,,11.793,1411.0,1371.0,6164.8,13.538,4.497,68.8,68.8,21.4,95.6,13.7,-0.3,,,,,,138.0,,,133.0,,,18.0,,,,,,,,,,,,,0.0,,1.0,,,,,,,,,,,,,,,,11490857.0,,,,,,,,,,,0.0,4.369,0.0,,,,,,,,,,,,,,,,,""
9204040578,"Jun 4, 2023, 8:36:15 PM",Afternoon Pickleball,Workout,,1102,0,138.0,3,false,,,activities/9874733143.fit.gz,,,1102.0,1102.0,0.0,0.0,0.0,0.0,,,,0.0,0.0,,,,,,115.0,,,91.0,,,3.0,,,,,,,,,,,,,0.0,,1.0,,,,,,,,,,,,,,,,,,,,,,,,,,,0.0,0.0,0.0,,,,,,,,,,,,,,,,,""
9204040586,"Jun 4, 2023, 8:15:09 PM",Afternoon Pickleball,Workout,,365,0,119.0,0,false,,,activities/9874733145.fit.gz,,,365.0,365.0,0.0,0.0,0.0,0.0,,,,0.0,0.0,,,,,,101.0,,,24.0,,,0.0,,,,,,,,,,,,,0.0,,1.0,,,,,,,,,,,,,,,,,,,,,,,,,,,0.0,0.0,0.0,,,,,,,,,,,,,,,,,""
9204158572,"Jun 4, 2023, 9:04:39 PM",Afternoon Ride,Ride,,1518,6.34,171.0,16,false,,1996 Cannondale M200 SE,activities/9874858528.fit.gz,,11.793,1518.0,1422.0,6345.9,11.37,4.463,86.0,86.0,19.8,95.6,23.3,0.3,,,,,,132.0,,,153.0,,,16.0,,,,,,,,,,,,,0.0,,1.0,,,,,,,,,,,,,,,,11490857.0,,,,,,,,,,,0.0,4.18,0.0,,,,,,,,,,,,,,,,,""
9204563166,"Jun 4, 2023, 11:52:48 PM",Afternoon Walk,Walk,,441,1.43,105.0,0,false,,,activities/9875291065.fit.gz,,,441.0,376.0,1437.2,2.666,3.822,0.0,17.6,10.2,28.6,8.7,-3.5,,,,,,96.0,,,64.0,,,0.0,,,,,,,,,,,,,0.0,,1.0,,,,,,,,,,,,,,,,,,,,,,,,,,,0.0,3.259,135.2,,,,,,,,,,,,,,,,,""
9210662151,"Jun 5, 2023, 10:29:36 PM",Lobby day break walk and talk ,Walk,"",3393,3.92,125.0,7,false,,,activities/9881711439.fit.gz,,,3393.0,2992.0,3924.5,5.281,1.312,18.0,29.8,6.0,23.2,47.9,-0.3,,,,,,98.0,,,164.0,,,7.0,,,,,,,,,,,0.0,,0.0,,1.0,,,,,,,,,,,,,,,,,,,,,,,,,,,0.0,1.157,0.0,,,,,,,,,,,,,,,,,""
9217595753,"Jun 7, 2023, 1:33:23 AM",Evening Tennis,Workout,,6247,0,179.0,106,false,,,activities/9888988350.fit.gz,,,6247.0,6247.0,0.0,0.0,0.0,0.0,,,,0.0,0.0,,,,,,142.0,,,719.0,,,106.0,,,,,,,,,,,,,0.0,,1.0,,,,,,,,,,,,,,,,,,,,,,,,,,,0.0,0.0,0.0,,,,,,,,,,,,,,,,,""
9217595771,"Jun 7, 2023, 1:12:15 AM",Evening Walk,Walk,,1173,2.36,103.0,2,false,,,activities/9888988345.fit.gz,,,1173.0,1082.0,2368.6,2.968,2.189,2.4,46.4,4.4,48.6,7.2,-7.1,,,,,,93.0,,,109.0,,,2.0,,,,,,,,,,,,,0.0,,1.0,,,,,,,,,,,,,,,,,,,,,,,,,,,0.0,2.019,0.0,,,,,,,,,,,,,,,,,""
9222268797,"Jun 7, 2023, 7:02:58 PM",Lunch Ride to conf ,Ride,"",1685,5.88,170.0,22,false,,1996 Cannondale M200 SE,activities/9893966668.fit.gz,,11.793,1685.0,1610.0,5887.7,8.544,3.657,22.2,68.2,3.0,53.0,5.2,-0.8,,,,,,141.0,,,102.0,,,22.0,,,,,,,,,,,0.0,,0.0,,1.0,,,,,,,,,,,,,,,,11490857.0,,,,,,,,,,,0.0,3.494,0.0,,,,,,,,,,,,,,,,,""
9224518349,"Jun 8, 2023, 6:20:16 AM",Night Walk,Walk,,2259,2.28,149.0,6,false,,,activities/9896322977.fit.gz,,,2259.0,1925.0,2282.2,2.304,1.186,96.2,96.2,21.2,106.2,35.4,1.8,,,,,,110.0,,,148.0,,,6.0,,,,,,,,,,,,,0.0,,1.0,,,,,,,,,,,,,,,,,,,,,,,,,,,0.0,1.01,0.0,,,,,,,,,,,,,,,,,""
9230227630,"Jun 9, 2023, 2:39:28 AM",30 min The Little Mermaid Ride with Tunde Oyeneyin,Ride,"Total Output: 195.5 kJ
Leaderboard Rank: 699 / 2,695",1800,13.29,,,false,,1996 Cannondale M200 SE,activities/9902327227.tcx.gz,,11.793,1800.0,1800.0,13290.2,10.326,7.383,0.0,,,,0.0,0.0,,,97.0,68.0,,,,109.0,276.0,,,,,,,,,,,,118.0,1801.0,,,0.0,,1.0,,,,,,,,,,,,,,,,11490857.0,,,,,,,,,,,0.0,7.383,0.0,,,,,,,,,,,,,,,,,media/789fa470-7c54-4155-9275-301303d9cd2c.jpg
9234411398,"Jun 9, 2023, 4:47:58 PM",Morning Walk,Walk,,117,1.08,112.0,0,false,,,activities/9906686422.fit.gz,,,117.0,117.0,1082.3,2.081,9.251,0.0,3.4,1721.4,1724.8,2.9,-2.3,,,,,,108.0,,,47.0,,,0.0,,,,,,,,,,,,,0.0,,1.0,,,,,,,,,,,,,,,,,,,,,,,,,,,0.0,9.251,0.0,,,,,,,,,,,,,,,,,""
9235196962,"Jun 9, 2023, 10:41:22 PM",Afternoon Walk,Walk,,469,0.63,116.0,1,false,,,activities/9907525858.fit.gz,,,469.0,469.0,634.8,2.18,1.354,15.8,12.6,1722.4,1731.8,47.4,0.5,,,,,,103.0,,,28.0,,,1.0,,,,,,,,,,,,,0.0,,1.0,,,,,,,,,,,,,,,,,,,,,,,,,,,0.0,1.354,0.0,,,,,,,,,,,,,,,,,""
9235498931,"Jun 9, 2023, 11:50:48 PM",30 min Disney Ride with Emma Lovewell,Ride,"Total Output: 200.1 kJ
Leaderboard Rank: 83,409 / 232,048",1800,13.50,,,false,,1996 Cannondale M200 SE,activities/9907845337.tcx.gz,,11.793,1800.0,1800.0,13505.2,10.138,7.503,0.0,,,,0.0,0.0,,,111.0,80.0,,,,112.0,283.0,,,,,,,,,,,,118.0,1801.0,,,0.0,,1.0,,,,,,,,,,,,,,,,11490857.0,,,,,,,,,,,0.0,7.503,0.0,,,,,,,,,,,,,,,,,media/886fc679-8577-4b7c-be89-9b0580f9acb1.jpg
9235569703,"Jun 10, 2023, 12:22:36 AM",20 min Broadway Ride with Benny Adami,Ride,"Total Output: 137.8 kJ
Leaderboard Rank: 945 / 2,653",1201,9.14,,,false,,1996 Cannondale M200 SE,activities/9907919207.tcx.gz,,11.793,1201.0,1201.0,9144.6,9.412,7.614,0.0,,,,0.0,0.0,,,129.0,81.0,,,,116.0,195.0,,,,,,,,,,,,121.0,1201.0,,,0.0,,1.0,,,,,,,,,,,,,,,,11490857.0,,,,,,,,,,,0.0,7.614,0.0,,,,,,,,,,,,,,,,,media/f4be3164-e3ab-44a9-b06c-e08283baa160.jpg
9239386626,"Jun 10, 2023, 2:38:28 PM",Pre-flight run for coffee ,Run,"High altitude omg, upzone it",306,0.81,166.0,9,false,,,activities/9911957697.fit.gz,,,306.0,295.0,812.7,4.12,2.755,10.8,8.0,1726.0,1733.6,21.6,0.4,,,,,,160.0,,,47.0,,,9.0,,,,,,,,,,,0.0,,0.0,,1.0,815.2,,,,,,,,,,,,,,,,,,,,,,,,,,0.0,2.656,0.0,,,,,,,,,,,,,,,,,media/FE15D995-79CA-4C41-B5CF-FFB250260007.jpg
9241859856,"Jun 10, 2023, 10:07:58 PM",Modified beach run ,Run,Hi GG triathlon,4897,13.13,179.0,213,false,,,activities/9914597209.fit.gz,,,4897.0,4838.0,13138.3,4.98,2.716,94.2,94.2,2.2,103.4,35.0,-0.3,,,,,,168.0,,,776.0,,,213.0,,,,,,,,,,,0.0,,0.0,,1.0,13260.0,,,,,,,,,,,,,,,,,,,,,,,,,,0.0,2.683,4402.7,,,,,,,,,,,,,,,,,media/97FADCD3-21B0-4061-AAD3-90581F5303E7.jpg
9247901335,"Jun 11, 2023, 6:51:51 PM",Lunch Walk,Walk,,2543,3.11,115.0,5,false,,,activities/9921005013.fit.gz,,,2543.0,2410.0,3115.5,3.94,1.293,22.4,106.6,4.8,91.2,49.1,-2.7,,,,,,96.0,,,125.0,,,5.0,,,,,,,,,,,,,0.0,,1.0,,,,,,,,,,,,,,,,,,,,,,,,,,,0.0,1.225,0.0,,,,,,,,,,,,,,,,,""
9248830645,"Jun 11, 2023, 11:36:14 PM",Afternoon Walk,Walk,,3392,3.32,126.0,7,false,,,activities/9921997958.fit.gz,,,3392.0,3020.0,3320.0,3.914,1.099,107.0,25.8,4.4,94.0,34.2,2.5,,,,,,96.0,,,174.0,,,7.0,,,,,,,,,,,,,0.0,,1.0,,,,,,,,,,,,,,,,,,,,,,,,,,,0.0,0.979,0.0,,,,,,,,,,,,,,,,,""
9248964592,"Jun 12, 2023, 1:11:11 AM",Evening Elliptical,Elliptical,,1520,0,149.0,14,false,,,activities/9922139980.fit.gz,,,1520.0,1520.0,0.0,0.0,0.0,0.0,,,,0.0,0.0,,,,,,139.0,,,176.0,,,14.0,,,,,,,,,,,,,0.0,,1.0,,,,,,,,,,,,,,,,,,,,,,,,,,,0.0,0.0,0.0,,,,,,,,,,,,,,,,,""
9249051490,"Jun 12, 2023, 1:39:17 AM",Evening Weight Training,Weight Training,,1375,0,157.0,9,false,,,activities/9922233059.fit.gz,,,1375.0,1375.0,0.0,0.0,0.0,0.0,,,,0.0,0.0,,,,,,125.0,,,128.0,,,9.0,,,,,,,,,,,,,0.0,,1.0,,,,,,,,,,,,,,,,,,,,,,,,,,,0.0,0.0,0.0,,,,,,,,,,,,,,,,,""
9253389264,"Jun 12, 2023, 7:13:00 PM",Lunch Run,Run,,343,1.02,161.0,9,false,,,activities/9926803432.fit.gz,,,343.0,343.0,1028.5,4.684,2.999,10.0,10.0,54.8,101.2,6.1,-3.6,,,,,,155.0,,,63.0,,,9.0,,,,,,,,,,,,,0.0,,1.0,980.8,,,,,,,,,,,,,,,,,,,,,,,,,,0.0,2.999,0.0,,,,,,,,,,,,,,,,,""
9254611974,"Jun 12, 2023, 11:49:18 PM",Laps x steps ,Run,Alexa what are intervals,2283,5.94,174.0,89,false,,,activities/9928083007.fit.gz,,,2283.0,2256.0,5944.0,4.798,2.635,33.6,45.8,88.4,102.4,26.9,-0.2,,,,,,166.0,,,379.0,,,89.0,,,,,,,,,,,0.0,,0.0,,1.0,6000.8,,,,,,,,,,,,,,,,,,,,,,,,,,0.0,2.604,0.0,,,,,,,,,,,,,,,,,""
9255276834,"Jun 13, 2023, 4:56:55 AM",Night Walk,Walk,,239,1.46,136.0,0,false,,,activities/9928782042.fit.gz,,,239.0,239.0,1462.7,3.668,6.12,0.0,2.2,56.8,60.2,6.7,-0.8,,,,,,101.0,,,85.0,,,0.0,,,,,,,,,,,,,0.0,,1.0,,,,,,,,,,,,,,,,,,,,,,,,,,,0.0,6.12,0.0,,,,,,,,,,,,,,,,,""
9260646579,"Jun 13, 2023, 9:43:37 PM",Afternoon Ride,Ride,,1899,6.82,176.0,17,false,,1996 Cannondale M200 SE,activities/9934452972.fit.gz,,11.793,1899.0,1576.0,6826.7,11.682,4.332,73.6,73.6,21.4,103.0,14.4,-0.4,,,,,,132.0,,,147.0,,,17.0,,,,,,,,,,,,,0.0,,1.0,,,,,,,,,,,,,,,,11490857.0,,,,,,,,,,,0.0,3.595,0.0,,,,,,,,,,,,,,,,,""
9261171304,"Jun 13, 2023, 11:22:45 PM",Afternoon Pickleball,Workout,,4023,0,136.0,10,false,,,activities/9934999219.fit.gz,,,4023.0,4023.0,0.0,0.0,0.0,0.0,,,,0.0,0.0,,,,,,103.0,,,291.0,,,10.0,,,,,,,,,,,,,0.0,,1.0,,,,,,,,,,,,,,,,,,,,,,,,,,,0.0,0.0,0.0,,,,,,,,,,,,,,,,,""
9261278735,"Jun 14, 2023, 12:42:27 AM",Pickleball to dumplings ,Ride,Griffin meets the wombmate,821,3.73,151.0,3,false,,1996 Cannondale M200 SE,activities/9935110709.fit.gz,,11.793,821.0,736.0,3734.4,10.636,5.074,14.0,75.4,20.2,81.6,5.5,-1.6,,,,,,115.0,,,73.0,,,3.0,,,,,,,,,,,0.0,,0.0,,1.0,,,,,,,,,,,,,,,,11490857.0,,,,,,,,,,,0.0,4.549,0.0,,,,,,,,,,,,,,,,,""
9261597668,"Jun 14, 2023, 2:53:49 AM",Post-wine bar ,Ride,"",820,2.61,169.0,15,false,,1996 Cannondale M200 SE,activities/9935443753.fit.gz,,11.793,820.0,820.0,2619.0,15.994,3.194,75.6,75.6,19.2,94.8,18.0,2.5,,,,,,145.0,,,72.0,,,15.0,,,,,,,,,,,0.0,,0.0,,1.0,,,,,,,,,,,,,,,,11490857.0,,,,,,,,,,,0.0,3.194,0.0,,,,,,,,,,,,,,,,,""
9267202088,"Jun 14, 2023, 10:27:42 PM",Afternoon Ride,Ride,,1499,6.14,174.0,21,false,,1996 Cannondale M200 SE,activities/9941361332.fit.gz,,11.793,1499.0,1354.0,6142.2,10.094,4.536,76.2,76.2,21.0,97.0,29.7,-0.3,,,,,,133.0,,,148.0,,,21.0,,,,,,,,,,,,,0.0,,1.0,,,,,,,,,,,,,,,,11490857.0,,,,,,,,,,,0.0,4.098,0.0,,,,,,,,,,,,,,,,,""
9267895462,"Jun 15, 2023, 2:17:25 AM",Evening Pickleball,Workout,,459,0,126.0,1,false,,,activities/9942079515.fit.gz,,,459.0,459.0,0.0,0.0,0.0,0.0,,,,0.0,0.0,,,,,,111.0,,,33.0,,,1.0,,,,,,,,,,,,,0.0,,1.0,,,,,,,,,,,,,,,,,,,,,,,,,,,0.0,0.0,0.0,,,,,,,,,,,,,,,,,""
9268040451,"Jun 15, 2023, 2:46:43 AM",Evening Tennis,Workout,,2842,0,162.0,15,false,,,activities/9942232020.fit.gz,,,2842.0,2842.0,0.0,0.0,0.0,0.0,,,,0.0,0.0,,,,,,128.0,,,292.0,,,15.0,,,,,,,,,,,,,0.0,,1.0,,,,,,,,,,,,,,,,,,,,,,,,,,,0.0,0.0,0.0,,,,,,,,,,,,,,,,,""
9268117453,"Jun 15, 2023, 3:50:32 AM",Evening Ride,Ride,,1545,6.35,174.0,23,false,,1996 Cannondale M200 SE,activities/9942313206.fit.gz,,11.793,1545.0,1456.0,6355.0,12.72,4.365,86.4,86.4,20.0,95.8,16.0,0.3,,,,,,143.0,,,157.0,,,23.0,,,,,,,,,,,,,0.0,,1.0,,,,,,,,,,,,,,,,11490857.0,,,,,,,,,,,0.0,4.113,0.0,,,,,,,,,,,,,,,,,""
9272040356,"Jun 15, 2023, 5:44:57 PM",Morning Walk,Walk,,1804,1.85,133.0,3,false,,,activities/9946453039.fit.gz,,,1804.0,1406.0,1855.6,2.508,1.32,0.0,94.6,4.6,99.6,5.4,-5.1,,,,,,94.0,,,89.0,,,3.0,,,,,,,,,,,,,0.0,,1.0,,,,,,,,,,,,,,,,,,,,,,,,,,,0.0,1.029,0.0,,,,,,,,,,,,,,,,,""
9274028910,"Jun 16, 2023, 1:42:03 AM",Evening Ride,Ride,,1449,6.37,176.0,30,false,,1996 Cannondale M200 SE,activities/9948546238.fit.gz,,11.793,1449.0,1382.0,6377.2,10.806,4.614,75.6,75.6,21.6,102.4,16.6,-0.4,,,,,,144.0,,,156.0,,,30.0,,,,,,,,,,,,,0.0,,1.0,,,,,,,,,,,,,,,,11490857.0,,,,,,,,,,,0.0,4.401,0.0,,,,,,,,,,,,,,,,,""
9274274173,"Jun 16, 2023, 2:33:35 AM",Evening Tennis,Workout,"Retired in 2nd set bc foot, hand, and thigh cramps 🥲",5465,0,192.0,156,false,,,activities/9948806277.fit.gz,,,5465.0,5465.0,0.0,0.0,0.0,0.0,,,,0.0,0.0,,,,,,153.0,,,767.0,,,156.0,,,,,,,,,,,0.0,,0.0,,1.0,,,,,,,,,,,,,,,,,,,,,,,,,,,0.0,0.0,0.0,,,,,,,,,,,,,,,,,""
9279406976,"Jun 17, 2023, 1:08:06 AM",Evening Walk,Walk,,1375,2.21,120.0,4,false,,,activities/9954238003.fit.gz,,,1375.0,1355.0,2209.9,3.6,1.631,25.2,25.2,33.6,97.0,23.1,-2.9,,,,,,111.0,,,111.0,,,4.0,,,,,,,,,,,,,0.0,,1.0,,,,,,,,,,,,,,,,,,,,,,,,,,,0.0,1.607,0.0,,,,,,,,,,,,,,,,,""
9279909785,"Jun 17, 2023, 1:49:35 AM",Evening Tennis,Workout,,4295,0,159.0,14,false,,,activities/9954773228.fit.gz,,,4295.0,4295.0,0.0,0.0,0.0,0.0,,,,0.0,0.0,,,,,,102.0,,,375.0,,,14.0,,,,,,,,,,,,,0.0,,1.0,,,,,,,,,,,,,,,,,,,,,,,,,,,0.0,0.0,0.0,,,,,,,,,,,,,,,,,""
9285190500,"Jun 17, 2023, 8:44:38 PM",Afternoon Tennis,Workout,,1073,0,118.0,1,false,,,activities/9960385166.fit.gz,,,1073.0,1073.0,0.0,0.0,0.0,0.0,,,,0.0,0.0,,,,,,85.0,,,103.0,,,1.0,,,,,,,,,,,,,0.0,,1.0,,,,,,,,,,,,,,,,,,,,,,,,,,,0.0,0.0,0.0,,,,,,,,,,,,,,,,,""
9290048541,"Jun 18, 2023, 3:25:36 PM",Morning Ride,Ride,,1351,6.16,163.0,16,false,,1996 Cannondale M200 SE,activities/9965568758.fit.gz,,11.793,1351.0,1351.0,6164.0,11.944,4.563,76.2,76.2,22.0,96.6,29.4,-0.3,,,,,,135.0,,,138.0,,,16.0,,,,,,,,,,,,,0.0,,1.0,,,,,,,,,,,,,,,,11490857.0,,,,,,,,,,,0.0,4.563,0.0,,,,,,,,,,,,,,,,,""
9291412979,"Jun 18, 2023, 7:25:02 PM",Lunch Ride,Ride,,1537,6.39,171.0,17,false,,1996 Cannondale M200 SE,activities/9967022774.fit.gz,,11.793,1537.0,1477.0,6393.9,10.544,4.329,84.4,84.4,19.4,94.4,44.9,0.3,,,,,,132.0,,,156.0,,,17.0,,,,,,,,,,,,,0.0,,1.0,,,,,,,,,,,,,,,,11490857.0,,,,,,,,,,,0.0,4.16,0.0,,,,,,,,,,,,,,,,,""
9292431495,"Jun 18, 2023, 8:52:00 PM",Crosstown trail ,Walk,Lol,20054,24.55,160.0,59,false,,,activities/9968093694.fit.gz,,,20054.0,19338.0,24550.9,2.94,1.27,765.4,739.6,9.8,216.6,48.1,0.1,,,,,,106.0,,,1343.0,,,59.0,,,,,,,,,,,0.0,,0.0,,1.0,,,,,,,,,,,,,,,,,,,,,,,,,,,0.0,1.224,10997.3,,,,,,,,,,,,,,,,,media/E5E028A4-487B-4803-8000-927096326109.jpg|media/5713BBF3-4C79-498D-8BD1-B3C80848E103.jpg|media/C9D2C28D-FCA2-4D71-899F-F36C5F6B00CB.jpg|media/31064FFC-D161-48B1-A440-574E8E233B67.jpg
9297135826,"Jun 19, 2023, 6:39:33 PM",Lunch Ride,Ride,,1724,5.93,159.0,13,false,,1996 Cannondale M200 SE,activities/9973055953.fit.gz,,11.793,1724.0,1633.0,5937.7,9.666,3.636,69.8,69.8,21.6,102.4,14.2,-0.4,,,,,,125.0,,,127.0,,,13.0,,,,,,,,,,,,,0.0,,1.0,,,,,,,,,,,,,,,,11490857.0,,,,,,,,,,,0.0,3.444,0.0,,,,,,,,,,,,,,,,,""
9297640434,"Jun 19, 2023, 9:33:01 PM",Afternoon Ride,Ride,,1404,4.45,154.0,7,false,,1996 Cannondale M200 SE,activities/9973578288.fit.gz,,11.793,1404.0,1356.0,4457.1,8.758,3.287,83.0,83.0,20.2,97.2,17.4,0.6,,,,,,116.0,,,110.0,,,7.0,,,,,,,,,,,,,0.0,,1.0,,,,,,,,,,,,,,,,11490857.0,,,,,,,,,,,0.0,3.175,0.0,,,,,,,,,,,,,,,,,""
9298307643,"Jun 19, 2023, 11:54:45 PM",Afternoon Elliptical,Elliptical,,3609,0,147.0,16,false,,,activities/9974487127.fit.gz,,,3609.0,3609.0,0.0,0.0,0.0,0.0,,,,0.0,0.0,,,,,,129.0,,,396.0,,,16.0,,,,,,,,,,,,,0.0,,1.0,,,,,,,,,,,,,,,,,,,,,,,,,,,0.0,0.0,0.0,,,,,,,,,,,,,,,,,""
9298310510,"Jun 20, 2023, 12:55:54 AM",Afternoon Weight Training,Weight Training,,783,0,118.0,2,false,,,activities/9974490139.fit.gz,,,783.0,783.0,0.0,0.0,0.0,0.0,,,,0.0,0.0,,,,,,105.0,,,49.0,,,2.0,,,,,,,,,,,,,0.0,,1.0,,,,,,,,,,,,,,,,,,,,,,,,,,,0.0,0.0,0.0,,,,,,,,,,,,,,,,,""
9303554521,"Jun 20, 2023, 7:32:21 PM",Lunch Walk,Walk,,451,1.31,109.0,0,false,,,activities/9980046257.fit.gz,,,451.0,334.0,1318.9,1.976,3.949,15.6,5.6,87.0,99.6,16.8,2.6,,,,,,98.0,,,113.0,,,0.0,,,,,,,,,,,,,0.0,,1.0,,,,,,,,,,,,,,,,,,,,,,,,,,,0.0,2.924,0.0,,,,,,,,,,,,,,,,,""
9304638605,"Jun 20, 2023, 11:11:04 PM",The one where shubha + Lizzie run for fruit that’s on sale,Run,"",5333,9.48,162.0,68,false,,,activities/9981200643.fit.gz,,,5333.0,4044.0,9482.2,5.517,2.345,125.0,127.0,2.4,101.0,27.8,-0.1,,,,,,145.0,,,571.0,,,68.0,,,,,,,,,,,0.0,,0.0,,1.0,10947.9,,,,,,,,,,,,,,,,,,,,,,,,,,2.0,1.778,1321.1,,,,,,,,,,,,,,,,,media/6B4FBD4D-B161-4287-9198-884939AC4D1A.jpg|media/4041BFBE-363C-4779-9442-D1C6F86B98DE.jpg
9308906222,"Jun 21, 2023, 5:11:29 PM",Morning Walk,Walk,,1661,1.76,117.0,3,false,,,activities/9985713394.fit.gz,,,1661.0,1402.0,1761.4,2.456,1.256,0.0,87.4,4.4,93.2,17.4,-5.0,,,,,,94.0,,,77.0,,,3.0,,,,,,,,,,,,,0.0,,1.0,,,,,,,,,,,,,,,,,,,,,,,,,,,0.0,1.06,0.0,,,,,,,,,,,,,,,,,""
9316501410,"Jun 22, 2023, 6:21:08 PM",Lunch Walk,Walk,,1427,1.69,119.0,3,false,,,activities/9993706828.fit.gz,,,1427.0,1427.0,1697.1,2.77,1.189,12.4,84.0,4.4,89.0,45.9,-4.2,,,,,,100.0,,,68.0,,,3.0,,,,,,,,,,,,,0.0,,1.0,,1687456768.0,3.0,15.0,14.5,10.2,0.73,1014.5,4.8,8.2,227.0,0.0,1687438080.0,1687491328.0,0.125,,,0.0,1.0,0.78,24821.1,4.0,,,,,0.0,1.189,0.0,,,,,,,,,,,,,,,,,""
9320156573,"Jun 23, 2023, 2:10:03 PM",I went to bed early to get this done omg ,Run,"",5092,13.39,172.0,141,false,,,activities/9997572062.fit.gz,,,5092.0,4971.0,13397.4,5.312,2.695,79.2,121.6,1.8,96.2,19.2,-0.3,,,,,,156.0,,,778.0,,,141.0,,,,,,,,,,,0.0,,0.0,,1.0,13550.4,1687528832.0,3.0,13.4,13.0,11.2,0.87,1016.9,2.8,5.1,244.0,0.0,1687524480.0,1687577728.0,0.125,,,0.0,1.0,0.77,19647.6,0.0,,,,,0.0,2.631,97.2,,,,,,,,,,,,,,,,,""
9322958695,"Jun 24, 2023, 5:00:51 AM",Night Walk,Walk,,1511,2.34,117.0,3,false,,,activities/10000527500.fit.gz,,,1511.0,1293.0,2345.0,2.602,1.814,54.0,54.0,51.6,95.0,17.4,3.9,,,,,,95.0,,,136.0,,,3.0,,,,,,,,,,,,,0.0,,1.0,,1687582848.0,3.0,13.7,13.3,11.2,0.85,1018.1,4.0,7.5,262.0,0.0,1687524480.0,1687577728.0,0.125,,,0.0,1.0,0.84,19138.0,0.0,,,,,0.0,1.552,0.0,,,,,,,,,,,,,,,,,""
9327719775,"Jun 24, 2023, 7:22:26 PM",Ride for coffee,Ride,"Wrong time to ride, too many giants fans pre-game",2111,6.87,116.0,4,false,,1996 Cannondale M200 SE,activities/10005575407.fit.gz,,11.793,2111.0,1748.0,6872.2,10.71,3.931,5.6,105.0,3.6,106.4,14.2,-1.4,,,,,,95.0,,,87.0,,,4.0,,,,,,,,,,,0.0,,0.0,,1.0,,1687633152.0,2.0,15.4,15.0,11.1,0.76,1018.6,5.1,8.4,253.0,0.0,1687610880.0,1687664128.0,0.125,11490857.0,,0.0,1.0,0.61,22172.1,6.0,,,,,0.0,3.255,48.2,,,,,,,,,,,,,,,,,""
9328104542,"Jun 24, 2023, 8:35:48 PM",Coffee to picnic hi E long way feat new Valencia bike lane ,Ride,"",4126,16.03,154.0,14,false,,1996 Cannondale M200 SE,activities/10005986981.fit.gz,,11.793,4126.0,3683.0,16032.3,8.278,4.353,115.2,120.2,5.4,78.8,16.1,0.0,,,,,,112.0,,,290.0,,,14.0,,,,,,,,,,,0.0,,0.0,,1.0,,1687636736.0,2.0,16.2,15.9,11.4,0.73,1018.7,5.4,8.7,261.0,0.0,1687610880.0,1687664128.0,0.125,11490857.0,,0.0,1.0,0.53,22422.4,7.0,,,,,0.0,3.886,45.2,,,,,,,,,,,,,,,,,""
9328435066,"Jun 24, 2023, 11:22:40 PM",Afternoon Walk,Walk,,1084,1.98,99.0,1,false,,,activities/10006339695.fit.gz,,,1084.0,954.0,1985.5,2.117,2.081,8.4,4.2,7.4,13.0,13.9,1.2,,,,,,89.0,,,81.0,,,1.0,,,,,,,,,,,,,0.0,,1.0,,1687647616.0,2.0,15.3,14.9,11.4,0.78,1018.2,6.1,9.8,270.0,0.0,1687611008.0,1687664128.0,0.125,,,0.0,1.0,0.49,17673.4,5.0,,,,,0.0,1.832,579.5,,,,,,,,,,,,,,,,,""
9328504541,"Jun 24, 2023, 11:44:19 PM",Bike for pizza went to wrong laundromat ,Ride,"",1197,5.28,166.0,17,false,,1996 Cannondale M200 SE,activities/10006413007.fit.gz,,11.793,1197.0,1126.0,5280.9,8.7,4.69,87.2,42.6,11.8,76.8,16.3,0.8,,,,,,140.0,,,150.0,,,17.0,,,,,,,,,,,0.0,,0.0,,1.0,,1687647616.0,2.0,15.3,14.9,11.4,0.78,1018.2,6.1,9.8,270.0,0.0,1687611008.0,1687664128.0,0.125,11490857.0,,0.0,1.0,0.49,17673.4,5.0,,,,,0.0,4.412,0.0,,,,,,,,,,,,,,,,,""
9328773619,"Jun 25, 2023, 1:03:49 AM",Post-pizza ride ,Ride,"",2052,10.06,152.0,9,false,,1996 Cannondale M200 SE,activities/10006697743.fit.gz,,11.793,2052.0,2027.0,10067.6,11.52,4.967,136.6,99.0,44.2,96.0,21.0,0.4,,,,,,115.0,,,240.0,,,9.0,,,,,,,,,,,0.0,,0.0,,1.0,,1687654784.0,2.0,15.1,14.8,11.4,0.79,1017.4,6.3,10.2,271.0,0.0,1687611008.0,1687664128.0,0.125,11490857.0,,0.0,1.0,0.5,19057.4,2.0,,,,,0.0,4.906,0.0,,,,,,,,,,,,,,,,,""
9333038823,"Jun 25, 2023, 3:27:11 PM",Morning Ride,Ride,,1423,6.08,161.0,13,false,,1996 Cannondale M200 SE,activities/10011227376.fit.gz,,11.793,1423.0,1423.0,6081.4,10.694,4.274,65.8,65.8,22.8,93.2,12.4,-0.3,,,,,,130.0,,,139.0,,,13.0,,,,,,,,,,,,,0.0,,1.0,,1687705216.0,3.0,12.7,12.3,10.6,0.87,1018.9,4.5,7.5,253.0,0.0,1687697408.0,1687750528.0,0.25,11490857.0,,0.0,1.0,0.99,16349.8,1.0,,,,,0.0,4.274,0.0,,,,,,,,,,,,,,,,,""
9334822529,"Jun 25, 2023, 9:05:09 PM",Afternoon Ride,Ride,,1527,6.31,165.0,10,false,,1996 Cannondale M200 SE,activities/10013119756.fit.gz,,11.793,1527.0,1472.0,6316.7,11.398,4.291,90.4,90.4,20.0,94.2,16.2,0.3,,,,,,120.0,,,147.0,,,10.0,,,,,,,,,,,,,0.0,,1.0,,1687726848.0,3.0,15.0,14.7,11.4,0.79,1019.4,5.6,8.9,257.0,0.0,1687697408.0,1687750528.0,0.25,11490857.0,,0.0,1.0,0.84,20178.3,5.0,,,,,0.0,4.137,0.0,,,,,,,,,,,,,,,,,""
9341376947,"Jun 27, 2023, 2:07:02 AM",Quick laps testing new shoes ,Run,"",1139,3.52,176.0,53,false,,,activities/10020043708.fit.gz,,,1139.0,1136.0,3523.3,4.46,3.102,22.8,30.8,86.2,97.6,10.7,-0.2,,,,,,169.0,,,200.0,,,53.0,,,,,,,,,,,0.0,,0.0,,1.0,3528.5,1687831168.0,3.0,13.6,13.2,11.5,0.87,1013.7,6.4,11.3,263.0,0.0,1687783808.0,1687836928.0,0.375,,,0.0,1.0,0.81,17396.7,1.0,,,,,0.0,3.093,0.0,,,,,,,,,,,,,,,,,""
9345513996,"Jun 27, 2023, 5:05:43 PM",Morning Elliptical,Elliptical,,2828,0,146.0,15,false,,,activities/10024420068.fit.gz,,,2828.0,2828.0,0.0,0.0,0.0,0.0,,,,0.0,0.0,,,,,,133.0,,,319.0,,,15.0,,,,,,,,,,,,,0.0,,1.0,,,,,,,,,,,,,,,,,,,,,,,,,,,0.0,0.0,0.0,,,,,,,,,,,,,,,,,""
9345588579,"Jun 27, 2023, 5:54:29 PM",Morning Weight Training,Weight Training,,515,0,104.0,1,false,,,activities/10024497233.fit.gz,,,515.0,515.0,0.0,0.0,0.0,0.0,,,,0.0,0.0,,,,,,100.0,,,32.0,,,1.0,,,,,,,,,,,,,0.0,,1.0,,,,,,,,,,,,,,,,,,,,,,,,,,,0.0,0.0,0.0,,,,,,,,,,,,,,,,,""
9350901967,"Jun 28, 2023, 1:48:58 PM",I left an after party for this run lol,Run,"",5316,14.06,167.0,147,false,,,activities/10030066822.fit.gz,,,5316.0,5242.0,14068.2,5.536,2.684,122.8,154.2,3.0,109.6,14.3,-0.2,,,,,,156.0,,,828.0,,,147.0,,,,,,,,,,,0.0,,0.0,,1.0,14364.7,1687957248.0,3.0,11.0,10.6,10.6,0.97,1012.4,3.4,5.7,229.0,0.0,1687956608.0,1688009728.0,0.375,,,0.0,1.0,0.85,11917.4,0.0,,,,,0.0,2.646,97.7,,,,,,,,,,,,,,,,,""
9353639520,"Jun 28, 2023, 11:27:05 PM",Afternoon Ride,Ride,,1601,6.20,160.0,12,false,,1996 Cannondale M200 SE,activities/10032934227.fit.gz,,11.793,1601.0,1506.0,6199.5,9.862,4.117,77.4,60.6,20.4,79.2,24.1,0.3,,,,,,124.0,,,140.0,,,12.0,,,,,,,,,,,,,0.0,,1.0,,1687993216.0,1.0,15.7,15.3,11.3,0.75,1012.8,6.6,11.0,245.0,0.0,1687956608.0,1688009728.0,0.375,11490857.0,,0.0,1.0,0.37,22885.9,5.0,,,,,0.0,3.872,0.0,,,,,,,,,,,,,,,,,""
9358408497,"Jun 29, 2023, 6:43:25 PM",Lunch Ride,Ride,,538,2.29,117.0,1,false,,1996 Cannondale M200 SE,activities/10037981987.fit.gz,,11.793,538.0,500.0,2294.7,11.916,4.589,0.0,55.0,18.2,73.4,1.9,-2.4,,,,,,97.0,,,30.0,,,1.0,,,,,,,,,,,,,0.0,,1.0,,1688061568.0,1.0,15.7,15.5,12.2,0.8,1014.5,3.0,4.9,229.0,0.0,1688043008.0,1688096128.0,0.375,11490857.0,,0.0,1.0,0.35,16062.9,6.0,,,,,0.0,4.265,0.0,,,,,,,,,,,,,,,,,""
9359270901,"Jun 29, 2023, 9:49:50 PM",Afternoon Ride,Ride,,958,3.59,132.0,2,false,,1996 Cannondale M200 SE,activities/10038895302.fit.gz,,11.793,958.0,872.0,3592.9,13.024,4.12,3.0,21.4,3.8,22.8,6.8,-0.5,,,,,,105.0,,,57.0,,,2.0,,,,,,,,,,,,,0.0,,1.0,,1688072448.0,1.0,18.0,17.7,12.0,0.68,1013.7,4.3,7.8,247.0,0.0,1688043008.0,1688096128.0,0.375,11490857.0,,0.0,1.0,0.17,17636.0,9.0,,,,,0.0,3.75,11.5,,,,,,,,,,,,,,,,,""
9360466524,"Jun 30, 2023, 4:36:39 AM",Night Ride,Ride,,1436,4.91,171.0,19,false,,1996 Cannondale M200 SE,activities/10040165937.fit.gz,,11.793,1436.0,1436.0,4911.9,9.934,3.421,92.4,92.4,8.0,95.4,17.1,1.8,,,,,,140.0,,,111.0,,,19.0,,,,,,,,,,,,,0.0,,1.0,,1688097536.0,1.0,12.4,12.1,11.2,0.92,1012.5,4.1,7.5,224.0,0.0,1688043008.0,1688096128.0,0.375,11490857.0,,0.0,1.0,0.27,17964.8,0.0,,,,,0.0,3.421,125.9,,,,,,,,,,,,,,,,,""
9364427778,"Jun 30, 2023, 8:10:27 PM",Run for bagels ,Run,"",2275,6.76,176.0,83,false,,,activities/10044441693.fit.gz,,,2275.0,2275.0,6767.3,5.118,2.975,30.2,115.6,1.8,97.0,9.0,-1.3,,,,,,163.0,,,389.0,,,83.0,,,,,,,,,,,0.0,,0.0,,1.0,6733.9,1688155136.0,1.0,17.8,17.6,12.9,0.73,1013.3,3.6,7.6,246.0,0.0,1688129408.0,1688182528.0,0.375,,,0.0,1.0,0.2,15438.7,9.0,,,,,0.0,2.975,42.5,,,,,,,,,,,,,,,,,""
9364570384,"Jun 30, 2023, 8:54:00 PM",Run with bagels ,Run,"",2382,6.03,169.0,75,false,,,activities/10044599764.fit.gz,,,2382.0,2333.0,6029.5,7.314,2.584,35.2,25.6,3.0,23.0,14.3,0.2,,,,,,161.0,,,350.0,,,75.0,,,,,,,,,,,0.0,,0.0,,1.0,6076.5,1688155136.0,1.0,17.7,17.6,13.0,0.74,1013.4,3.6,7.4,250.0,0.0,1688129408.0,1688182528.0,0.375,,,0.0,1.0,0.2,15890.0,9.0,,,,,0.0,2.531,48.3,,,,,,,,,,,,,,,,,media/22D26D21-B2E8-41B7-A0EF-6F38E3EBBD7B.jpg
9370960257,"Jul 1, 2023, 9:29:23 PM",Presidio ride x sports basement ,Ride,"",4774,11.97,159.0,15,false,,1996 Cannondale M200 SE,activities/10051759729.fit.gz,,11.793,4774.0,2807.0,11975.7,9.818,4.266,138.6,85.2,2.2,68.6,26.6,0.4,,,,,,117.0,,,257.0,,,15.0,,,,,,,,,,,0.0,,0.0,,1.0,,1688245248.0,1.0,21.3,21.3,13.9,0.63,1012.6,4.9,7.8,247.0,0.0,1688215936.0,1688268928.0,0.375,11490857.0,,0.0,1.0,0.11,18782.3,10.0,,,,,0.0,2.509,0.0,,,,,,,,,,,,,,,,,media/63DE4AEE-2631-410E-A274-3B6DF05B69E0.jpg
9371577772,"Jul 2, 2023, 2:19:38 AM",Evening Elliptical,Elliptical,,1338,0,137.0,5,false,,,activities/10052407489.fit.gz,,,1338.0,1338.0,0.0,0.0,0.0,0.0,,,,0.0,0.0,,,,,,128.0,,,142.0,,,5.0,,,,,,,,,,,,,0.0,,1.0,,,,,,,,,,,,,,,,,,,,,,,,,,,0.0,0.0,0.0,,,,,,,,,,,,,,,,,""
9371577781,"Jul 2, 2023, 2:42:10 AM",Evening Weight Training,Weight Training,,939,0,156.0,4,false,,,activities/10052407490.fit.gz,,,939.0,939.0,0.0,0.0,0.0,0.0,,,,0.0,0.0,,,,,,122.0,,,86.0,,,4.0,,,,,,,,,,,,,0.0,,1.0,,,,,,,,,,,,,,,,,,,,,,,,,,,0.0,0.0,0.0,,,,,,,,,,,,,,,,,""
9376942120,"Jul 2, 2023, 7:03:09 PM",Lunch Ride,Ride,,1376,5.87,175.0,19,false,,1996 Cannondale M200 SE,activities/10058100282.fit.gz,,11.793,1376.0,1359.0,5874.0,12.118,4.322,69.8,64.8,21.8,79.2,17.9,0.1,,,,,,138.0,,,137.0,,,19.0,,,,,,,,,,,,,0.0,,1.0,,1688324352.0,2.0,21.4,21.3,13.4,0.6,1012.8,4.0,7.3,250.0,0.0,1688302336.0,1688355328.0,0.5,11490857.0,,0.0,1.0,0.43,17525.5,8.0,,,,,0.0,4.269,0.0,,,,,,,,,,,,,,,,,""
9377787093,"Jul 2, 2023, 11:49:00 PM",Tennis break ride ,Ride,"",442,2.07,153.0,3,false,,1996 Cannondale M200 SE,activities/10058999281.fit.gz,,11.793,442.0,442.0,2076.7,9.418,4.698,11.0,14.6,75.0,82.8,4.9,-0.2,,,,,,128.0,,,40.0,,,3.0,,,,,,,,,,,0.0,,0.0,,1.0,,1688338816.0,1.0,19.6,19.5,13.9,0.7,1012.2,5.5,9.7,245.0,0.0,1688302336.0,1688355328.0,0.5,11490857.0,,0.0,1.0,0.18,16598.2,6.0,,,,,0.0,4.698,0.0,,,,,,,,,,,,,,,,,""
9378287239,"Jul 3, 2023, 4:08:40 AM",Night Ride,Ride,,1100,4.69,124.0,3,false,,1996 Cannondale M200 SE,activities/10059539125.fit.gz,,11.793,1100.0,1100.0,4697.9,8.828,4.271,16.6,66.2,19.8,79.0,19.8,-1.1,,,,,,115.0,,,88.0,,,3.0,,,,,,,,,,,,,0.0,,1.0,,1688356864.0,1.0,14.8,14.6,12.6,0.87,1011.5,4.3,7.7,240.0,0.0,1688302336.0,1688355328.0,0.5,11490857.0,,0.0,1.0,0.37,12355.3,0.0,,,,,0.0,4.271,0.0,,,,,,,,,,,,,,,,,""
9383359223,"Jul 3, 2023, 8:43:24 PM",Stanford salut Clément ,Walk,"",556,1.34,110.0,0,false,,,activities/10064873080.fit.gz,,,556.0,373.0,1344.6,8.458,3.605,7.2,-4.4,32.2,43.8,46.7,2.2,,,,,,93.0,,,61.0,,,0.0,,,,,,,,,,,0.0,,0.0,,1.0,,1688414464.0,1.0,24.8,24.9,14.8,0.54,1012.0,2.8,5.0,303.0,0.0,1688388736.0,1688441600.0,0.625,,,0.0,1.0,0.02,31351.1,11.0,,,,,0.0,2.418,0.0,,,,,,,,,,,,,,,,,""
9383835939,"Jul 4, 2023, 12:22:46 AM",Afternoon Elliptical,Elliptical,,2433,0,138.0,9,false,,,activities/10065368029.fit.gz,,,2433.0,2433.0,0.0,0.0,0.0,0.0,,,,0.0,0.0,,,,,,124.0,,,242.0,,,9.0,,,,,,,,,,,,,0.0,,1.0,,,,,,,,,,,,,,,,,,,,,,,,,,,0.0,0.0,0.0,,,,,,,,,,,,,,,,,""
9389775519,"Jul 4, 2023, 8:06:14 PM","Pre-bbq, post-csv vs pandas agent epiphany ",Run,Last hills too op,5153,12.62,175.0,166,false,,,activities/10071612632.fit.gz,,,5153.0,4857.0,12619.0,4.871,2.598,98.6,98.6,3.4,95.4,14.2,-0.3,,,,,,161.0,,,744.0,,,166.0,,,,,,,,,,,0.0,,0.0,,1.0,12748.4,1688500736.0,1.0,16.8,16.5,11.6,0.71,1013.9,5.4,9.0,242.0,0.0,1688475136.0,1688528128.0,0.625,,,0.0,1.0,0.36,24242.4,9.0,,,,,0.0,2.449,3962.9,,,,,,,,,,,,,,,,,""
9396531404,"Jul 6, 2023, 12:32:23 AM",Afternoon Tennis,Workout,,537,0,149.0,7,false,,,activities/10078723608.fit.gz,,,537.0,537.0,0.0,0.0,0.0,0.0,,,,0.0,0.0,,,,,,144.0,,,69.0,,,7.0,,,,,,,,,,,,,0.0,,1.0,,,,,,,,,,,,,,,,,,,,,,,,,,,0.0,0.0,0.0,,,,,,,,,,,,,,,,,""
9397092255,"Jul 6, 2023, 4:06:52 AM",Charlie vs me and Nico ,Workout,"",1552,0,161.0,11,false,,,activities/10079306364.fit.gz,,,1552.0,1552.0,0.0,0.0,0.0,0.0,,,,0.0,0.0,,,,,,130.0,,,163.0,,,11.0,,,,,,,,,,,0.0,,0.0,,1.0,,,,,,,,,,,,,,,,,,,,,,,,,,,0.0,0.0,0.0,,,,,,,,,,,,,,,,,""
9399958656,"Jul 6, 2023, 1:54:07 PM",Craig comes back today early run bc meetup,Run,"",4536,12.13,175.0,147,false,,,activities/10082341420.fit.gz,,,4536.0,4373.0,12133.1,5.047,2.775,61.6,105.6,3.6,97.0,41.7,-0.4,,,,,,161.0,,,707.0,,,147.0,,,,,,,,,,,0.0,,0.0,,1.0,12240.4,1688648448.0,3.0,12.7,12.4,11.6,0.93,1013.5,3.3,5.5,241.0,0.0,1688648064.0,1688700928.0,0.625,,,0.0,1.0,0.91,15683.8,0.0,,,,,0.0,2.675,97.7,,,,,,,,,,,,,,,,,""
9399958752,"Jul 1, 2023, 8:59:54 PM",Afternoon Ride,Ride,,846,3.08,128.0,1,false,,1996 Cannondale M200 SE,activities/10082341620.fit.gz,,11.793,846.0,767.0,3085.4,9.648,4.023,12.6,73.8,8.6,69.8,16.3,-2.0,,,,,,95.0,,,46.0,,,1.0,,,,,,,,,,,,,0.0,,1.0,,1688241664.0,1.0,21.0,21.1,14.2,0.65,1012.8,4.0,6.6,247.0,0.0,1688215936.0,1688268928.0,0.375,11490857.0,,0.0,1.0,0.09,17908.9,10.0,,,,,0.0,3.647,0.0,,,,,,,,,,,,,,,,,""
9400963667,"Jul 6, 2023, 4:59:40 PM",Morning Walk,Walk,,1322,1.75,127.0,4,false,,,activities/10083395416.fit.gz,,,1322.0,1322.0,1752.5,2.556,1.326,2.8,94.2,4.2,96.2,11.2,-5.2,,,,,,112.0,,,72.0,,,4.0,,,,,,,,,,,,,0.0,,1.0,,1688659200.0,3.0,14.0,13.7,12.1,0.88,1014.2,3.4,5.8,240.0,0.0,1688648064.0,1688700928.0,0.625,,,0.0,1.0,0.88,18302.8,2.0,,,,,0.0,1.326,0.0,,,,,,,,,,,,,,,,,""
9403011384,"Jul 7, 2023, 1:08:10 AM",Ride to Thursday nights in ai night 2 ,Ride,"",871,2.96,122.0,2,false,,1996 Cannondale M200 SE,activities/10085539520.fit.gz,,11.793,871.0,809.0,2967.8,10.162,3.668,9.4,9.8,3.4,11.2,5.6,0.0,,,,,,112.0,,,44.0,,,2.0,,,,,,,,,,,0.0,,0.0,,1.0,,1688691584.0,3.0,14.6,14.3,12.1,0.85,1012.5,5.9,10.1,250.0,0.0,1688648064.0,1688700928.0,0.625,11490857.0,,0.0,1.0,0.8,16495.4,2.0,,,,,0.0,3.407,0.0,,,,,,,,,,,,,,,,,""
9407440891,"Jul 7, 2023, 6:47:04 PM",Lunch Walk,Walk,,1103,1.67,130.0,3,false,,,activities/10090221517.fit.gz,,,1103.0,1076.0,1678.6,3.358,1.56,2.6,84.2,3.8,88.6,20.7,-4.9,,,,,,107.0,,,78.0,,,3.0,,,,,,,,,,,,,0.0,,1.0,,1688752768.0,2.0,13.9,13.6,11.6,0.86,1013.1,5.8,10.6,261.0,0.0,1688734464.0,1688787328.0,0.625,,,0.0,1.0,0.54,19656.8,6.0,,,,,0.0,1.522,0.0,,,,,,,,,,,,,,,,,""
9407851550,"Jul 7, 2023, 7:21:34 PM",Jen singles practice ,Workout,"",5379,0,174.0,73,false,,,activities/10090664319.fit.gz,,,5379.0,5379.0,0.0,0.0,0.0,0.0,,,,0.0,0.0,,,,,,137.0,,,627.0,,,73.0,,,,,,,,,,,0.0,,0.0,,1.0,,,,,,,,,,,,,,,,,,,,,,,,,,,0.0,0.0,0.0,,,,,,,,,,,,,,,,,""
9408600255,"Jul 8, 2023, 12:24:53 AM",E-bike ride to ai meetup ,E-Bike Ride,"",836,2.82,156.0,4,false,,1996 Cannondale M200 SE,activities/10091447090.fit.gz,,11.793,836.0,800.0,2827.0,11.0,3.534,15.8,52.0,6.8,44.4,31.3,-1.3,,,,,,121.0,,,71.0,,,4.0,,,,,,,,,,,0.0,,0.0,,1.0,,1688774400.0,8.0,15.8,15.5,11.9,0.78,1011.9,6.8,12.3,255.0,0.0,1688734464.0,1688787328.0,0.625,11490857.0,,0.0,1.0,0.22,24729.8,4.0,,,,,0.0,3.382,12.1,,,,,,,,,,,,,,,,,""
9408705513,"Jul 8, 2023, 12:56:02 AM",E-bike back bc MEETUP WAS FULL,E-Bike Ride,"",952,4.51,160.0,5,false,,1996 Cannondale M200 SE,activities/10091556231.fit.gz,,11.793,952.0,838.0,4510.6,8.94,5.383,90.6,7.0,3.4,94.4,44.4,1.9,,,,,,123.0,,,139.0,,,5.0,,,,,,,,,,,0.0,,0.0,,1.0,,1688774400.0,8.0,15.8,15.5,11.9,0.78,1011.9,6.8,12.3,255.0,0.0,1688734464.0,1688787328.0,0.625,11490857.0,,0.0,1.0,0.22,24729.8,4.0,,,,,0.0,4.738,0.0,,,,,,,,,,,,,,,,,""
9414390762,"Jul 8, 2023, 6:45:11 PM",Playoff sweep singles lfg,Workout,"",5338,0,193.0,135,false,,,activities/10097599435.fit.gz,,,5338.0,5338.0,0.0,0.0,0.0,0.0,,,,0.0,0.0,,,,,,151.0,,,720.0,,,135.0,,,,,,,,,,,0.0,,0.0,,1.0,,,,,,,,,,,,,,,,,,,,,,,,,,,0.0,0.0,0.0,,,,,,,,,,,,,,,,,""
9414390867,"Jul 8, 2023, 5:40:33 PM",Ride to playoffs ,Ride,"",1431,5.81,180.0,26,false,,1996 Cannondale M200 SE,activities/10097599510.fit.gz,,11.793,1431.0,1371.0,5816.5,9.642,4.243,81.4,74.6,18.0,79.4,15.0,0.1,,,,,,145.0,,,141.0,,,26.0,,,,,,,,,,,0.0,,0.0,,1.0,,1688835584.0,2.0,14.5,14.1,11.0,0.8,1013.6,6.1,11.1,263.0,0.0,1688820864.0,1688873728.0,0.75,11490857.0,,0.0,1.0,0.39,23005.6,5.0,,,,,0.0,4.065,0.0,,,,,,,,,,,,,,,,,""
9414771099,"Jul 8, 2023, 10:45:40 PM",Afternoon Ride,Ride,,1206,5.80,166.0,22,false,,1996 Cannondale M200 SE,activities/10098006806.fit.gz,,11.793,1206.0,1155.0,5805.4,11.97,5.026,45.0,66.8,19.8,78.4,14.6,-0.4,,,,,,147.0,,,131.0,,,22.0,,,,,,,,,,,,,0.0,,1.0,,1688853632.0,8.0,15.3,14.9,11.3,0.77,1013.3,8.4,13.9,275.0,0.0,1688820992.0,1688873728.0,0.75,11490857.0,,0.0,1.0,0.34,23042.8,8.0,,,,,0.0,4.814,0.0,,,,,,,,,,,,,,,,,""
9421056653,"Jul 9, 2023, 8:32:09 PM",Afternoon Walk,Walk,,1513,2.24,127.0,4,false,,,activities/10104682194.fit.gz,,,1513.0,1450.0,2241.0,3.277,1.546,11.4,11.4,20.0,103.0,42.1,-3.5,,,,,,111.0,,,98.0,,,4.0,,,,,,,,,,,,,0.0,,1.0,,1688932864.0,2.0,14.9,14.6,11.8,0.82,1015.9,6.0,10.8,261.0,0.0,1688907392.0,1688960000.0,0.875,,,0.0,1.0,0.59,22247.2,7.0,,,,,0.0,1.481,0.0,,,,,,,,,,,,,,,,,""
9421957089,"Jul 10, 2023, 1:58:23 AM",Evening Elliptical,Elliptical,,3813,0,136.0,14,false,,,activities/10105633909.fit.gz,,,3813.0,3813.0,0.0,0.0,0.0,0.0,,,,0.0,0.0,,,,,,124.0,,,378.0,,,14.0,,,,,,,,,,,,,0.0,,1.0,,,,,,,,,,,,,,,,,,,,,,,,,,,0.0,0.0,0.0,,,,,,,,,,,,,,,,,""
9421994479,"Jul 10, 2023, 3:11:17 AM",Evening Weight Training,Weight Training,,904,0,146.0,5,false,,,activities/10105673759.fit.gz,,,904.0,904.0,0.0,0.0,0.0,0.0,,,,0.0,0.0,,,,,,123.0,,,86.0,,,5.0,,,,,,,,,,,,,0.0,,1.0,,,,,,,,,,,,,,,,,,,,,,,,,,,0.0,0.0,0.0,,,,,,,,,,,,,,,,,""
9426804192,"Jul 10, 2023, 8:27:43 PM",Meeting went late sprint for TooGoodToGo bagels,Run,"",2033,6.36,181.0,106,false,,,activities/10110765849.fit.gz,,,2033.0,2033.0,6365.5,4.63,3.131,20.2,97.6,2.2,90.6,28.0,-1.2,,,,,,172.0,,,367.0,,,106.0,,,,,,,,,,,0.0,,0.0,,1.0,6285.9,1689019136.0,1.0,16.4,16.1,12.0,0.75,1015.6,3.8,5.7,247.0,0.0,1688993792.0,1689046400.0,0.875,,,0.0,1.0,0.18,24021.7,10.0,,,,,0.0,3.131,42.3,,,,,,,,,,,,,,,,,""
9427013917,"Jul 10, 2023, 9:08:38 PM",Run with bagels ,Run,"",2482,6.14,184.0,86,false,,HOKA Clifton 8,activities/10110986901.fit.gz,,,2482.0,2422.0,6145.5,4.426,2.537,56.8,32.0,3.0,37.6,34.4,0.4,,,,,,162.0,,,360.0,,,86.0,,,,,,6.0,,,,,1.0,63.0,0.0,,1.0,6279.4,1689022848.0,1.0,16.8,16.5,12.2,0.74,1015.5,4.3,6.7,254.0,0.0,1688993792.0,1689046400.0,0.875,,14035992.0,0.0,1.0,0.15,22378.8,10.0,,,,,0.0,2.476,47.8,,,,,,,,,,,,,,,,,""
9428189914,"Jul 11, 2023, 2:33:47 AM",Dubs tennis,Workout,"",5347,0,169.0,25,false,,,activities/10112210516.fit.gz,,,5347.0,5347.0,0.0,0.0,0.0,0.0,,,,0.0,0.0,,,,,,120.0,,,510.0,,,25.0,,,,,,,,,,,0.0,,0.0,,1.0,,,,,,,,,,,,,,,,,,,,,,,,,,,0.0,0.0,0.0,,,,,,,,,,,,,,,,,""
9434117764,"Jul 11, 2023, 11:50:53 PM",Evening Walk,Walk,,317,0.73,96.0,0,false,,,activities/10118453619.fit.gz,,,317.0,6.0,736.5,1.967,122.75,0.0,18.6,7.2,25.8,0.0,-157.1,,,,,,92.0,,,31.0,,,0.0,,,,,,,,,,,,,0.0,,1.0,,1689116416.0,1.0,30.3,31.6,17.9,0.48,1011.1,3.1,5.7,230.0,0.0,1689068032.0,1689121664.0,0.875,,,0.0,1.0,0.11,32725.4,0.0,,,,,0.0,2.323,0.0,,,,,,,,,,,,,,,,,""
9434525240,"Jul 12, 2023, 1:35:01 AM",Night Walk,Walk,,439,1.46,100.0,0,false,,,activities/10118876286.fit.gz,,,439.0,439.0,1467.3,2.532,3.342,4.4,0.8,3.2,7.8,11.8,0.7,,,,,,94.0,,,59.0,,,0.0,,,,,,,,,,,,,0.0,,1.0,,1689123584.0,1.0,28.0,29.2,18.2,0.55,1011.8,2.3,5.6,245.0,0.0,1689068032.0,1689121664.0,0.875,,,0.0,1.0,0.08,30682.4,0.0,,,,,0.0,3.342,0.0,,,,,,,,,,,,,,,,,""
9437225923,"Jul 12, 2023, 1:09:18 PM",Morning Walk,Walk,,1400,1.65,104.0,2,false,,,activities/10121721138.fit.gz,,,1400.0,1270.0,1656.8,2.542,1.305,13.4,8.4,3.2,13.4,22.5,0.3,,,,,,94.0,,,76.0,,,2.0,,,,,,,,,,,,,0.0,,1.0,,1689166848.0,1.0,27.5,28.5,17.8,0.56,1014.1,2.0,4.0,278.0,0.0,1689154560.0,1689208064.0,0.875,,,0.0,1.0,0.0,27584.5,3.0,,,,,0.0,1.183,0.0,,,,,,,,,,,,,,,,,""
9437836670,"Jul 12, 2023, 3:08:50 PM",Lunch Walk,Walk,,675,1.75,112.0,0,false,,,activities/10122363584.fit.gz,,,675.0,303.0,1749.5,2.757,5.774,0.0,1.4,11.6,14.0,3.5,-0.4,,,,,,102.0,,,92.0,,,0.0,,,,,,,,,,,,,0.0,,1.0,,1689174016.0,1.0,31.0,32.3,17.9,0.45,1013.7,2.2,4.8,270.0,0.0,1689154560.0,1689208064.0,0.875,,,0.26,1.0,0.12,31672.1,7.0,,,,,0.0,2.592,0.0,,,,,,,,,,,,,,,,,""
9440709212,"Jul 12, 2023, 11:04:21 PM",Evening Walk,Walk,,890,1.08,122.0,2,false,,,activities/10125367040.fit.gz,,,890.0,890.0,1082.3,8.616,1.216,0.0,,,,0.0,0.0,,,,,,109.0,,,55.0,,,2.0,,,,,,,,,,,,,0.0,,1.0,,,,,,,,,,,,,,,,,,,,,,,,,,,0.0,1.216,0.0,,,,,,,,,,,,,,,,,""
9444610294,"Jul 13, 2023, 12:47:04 AM",Bus. Club. Another club. Walk,Walk,"",3637,2.69,118.0,5,false,,,activities/10129480041.fit.gz,,,3637.0,2202.0,2689.0,3.197,1.221,0.0,11.4,13.2,25.4,23.3,-0.4,,,,,,95.0,,,140.0,,,5.0,,,,,,,,,,,0.0,,0.0,,1.0,,1689206400.0,2.0,29.6,31.2,18.9,0.52,1012.5,2.2,5.3,224.0,0.0,1689154560.0,1689208064.0,0.875,,,0.0,1.0,0.61,35261.0,0.0,,,,,0.0,0.739,0.0,,,,,,,,,,,,,,,,,""
9445631535,"Jul 13, 2023, 6:19:48 PM",Afternoon Walk,Walk,,3415,3.02,111.0,4,false,,,activities/10130546699.fit.gz,,,3415.0,1866.0,3023.4,7.799,1.62,5.0,1.4,9.8,14.8,7.4,0.1,,,,,,98.0,,,162.0,,,4.0,,,,,,,,,,,,,0.0,,1.0,,1689271168.0,1.0,32.1,34.9,21.1,0.52,1010.5,6.5,10.5,162.0,0.0,1689240960.0,1689294464.0,0.875,,,0.52,5.0,0.27,25997.1,8.0,,,,,0.0,0.885,0.0,,,,,,,,,,,,,,,,,""
9445882630,"Jul 13, 2023, 7:51:53 PM",Afternoon Walk,Walk,,891,2.20,120.0,2,false,,,activities/10130808658.fit.gz,,,891.0,852.0,2208.8,3.6,2.592,8.6,2.0,15.8,22.6,6.0,0.6,,,,,,107.0,,,92.0,,,2.0,,,,,,,,,,,,,0.0,,1.0,,1689274752.0,8.0,30.9,33.5,21.0,0.56,1010.0,6.9,11.7,162.0,0.0,1689240960.0,1689294464.0,0.875,,,0.43,5.0,0.41,25850.0,6.0,,,,,0.0,2.479,0.0,,,,,,,,,,,,,,,,,""
9445970805,"Jul 13, 2023, 8:26:56 PM",Afternoon Walk,Walk,,141,1.38,107.0,0,false,,,activities/10130900833.fit.gz,,,141.0,141.0,1388.5,2.553,9.848,0.0,0.2,16.4,17.2,2.4,0.0,,,,,,104.0,,,61.0,,,0.0,,,,,,,,,,,,,0.0,,1.0,,1689278464.0,8.0,30.5,33.5,21.8,0.6,1009.4,7.1,12.6,165.0,0.0,1689240960.0,1689294464.0,0.875,,,0.52,5.0,0.33,23776.6,5.0,,,,,0.0,9.848,0.0,,,,,,,,,,,,,,,,,""
9446751025,"Jul 13, 2023, 11:06:40 PM",Park to bway ,Walk,"",2622,3.52,157.0,11,false,,,activities/10131720420.fit.gz,,,2622.0,2524.0,3524.4,3.702,1.396,29.4,40.2,18.0,34.0,16.0,-0.3,,,,,,129.0,,,191.0,,,11.0,,,,,,,,,,,0.0,,0.0,,1.0,,1689289216.0,1.0,29.4,32.0,21.2,0.61,1009.0,5.6,11.7,171.0,0.0,1689240960.0,1689294464.0,0.875,,,0.51,5.0,0.1,27724.2,0.0,,,,,0.0,1.344,0.0,,,,,,,,,,,,,,,,,""
9449688685,"Jul 14, 2023, 1:13:59 PM",walk to conference ,Walk,"",1242,1.72,132.0,3,false,,,activities/10134805345.fit.gz,,,1242.0,1160.0,1723.2,4.964,1.486,12.2,10.6,10.8,20.2,16.7,0.1,,,,,,107.0,,,77.0,,,3.0,,,,,,,,,,,0.0,,0.0,,1.0,,1689339648.0,3.0,25.6,28.2,22.3,0.82,1012.0,1.5,4.1,200.0,0.0,1689327360.0,1689380864.0,0.875,,,0.7,5.0,0.77,21565.9,3.0,,,,,0.0,1.387,0.0,,,,,,,,,,,,,,,,,""
9453179637,"Jul 15, 2023, 4:15:46 AM",Night Walk,Walk,,2185,2.10,114.0,3,false,,,activities/10138490571.fit.gz,,,2185.0,1642.0,2105.2,2.709,1.282,58.2,59.4,13.4,36.8,47.7,-0.1,,,,,,95.0,,,115.0,,,3.0,,,,,,,,,,,,,0.0,,1.0,,1689393664.0,1.0,24.6,26.9,21.7,0.84,1012.9,1.7,4.1,175.0,0.0,1689413888.0,1689467136.0,0.0,,,0.4,5.0,0.25,20410.8,0.0,,,,,0.0,0.963,0.0,,,,,,,,,,,,,,,,,""
9456375590,"Jul 15, 2023, 2:19:29 PM",It should be illegal to be this hot nyc run ,Run,Finally ran after sleeping in,3085,7.42,173.0,107,false,,HOKA Clifton 8,activities/10141870600.fit.gz,,,3085.0,2844.0,7428.6,4.962,2.612,32.6,35.2,13.0,25.6,29.4,0.0,,,,,,164.0,,,429.0,,,107.0,,,,,,,,,,,0.0,,0.0,,1.0,7479.8,1689429632.0,3.0,26.7,29.5,22.2,0.76,1014.6,1.0,2.3,178.0,0.0,1689413888.0,1689467136.0,0.0,,14035992.0,0.55,5.0,0.82,22388.4,4.0,,,,,0.0,2.408,0.0,,,,,,,,,,,,,,,,,media/6D694ED5-E77D-46F9-8D1C-CB1556F0F091.jpg
9456887469,"Jul 15, 2023, 4:04:17 PM",Lunch Walk,Walk,,1566,1.84,127.0,4,false,,,activities/10142406565.fit.gz,,,1566.0,1304.0,1844.6,3.011,1.415,2.2,6.6,10.6,15.8,5.0,-0.2,,,,,,111.0,,,98.0,,,4.0,,,,,,,,,,,,,0.0,,1.0,,1689436800.0,3.0,29.6,32.6,22.2,0.64,1014.3,2.4,4.1,174.0,0.0,1689413888.0,1689467136.0,0.0,,,0.5,5.0,0.88,26291.0,5.0,,,,,0.0,1.178,0.0,,,,,,,,,,,,,,,,,""
9457690158,"Jul 15, 2023, 6:57:41 PM",Afternoon Walk,Walk,,141,1.30,119.0,0,false,,,activities/10143256872.fit.gz,,,141.0,141.0,1303.8,2.461,9.247,0.0,1.6,10.0,11.8,2.2,0.2,,,,,,117.0,,,55.0,,,0.0,,,,,,,,,,,,,0.0,,1.0,,1689443968.0,2.0,30.9,34.6,23.2,0.63,1013.5,3.9,6.5,165.0,0.0,1689413888.0,1689467136.0,0.0,,,0.62,5.0,0.58,26228.0,7.0,,,,,0.0,9.247,0.0,,,,,,,,,,,,,,,,,""
9459001175,"Jul 16, 2023, 12:43:59 AM",Evening Walk,Walk,,1365,1.61,116.0,3,false,,,activities/10144653254.fit.gz,,,1365.0,1272.0,1611.0,2.986,1.266,6.2,0.0,7.0,13.2,11.8,0.4,,,,,,102.0,,,80.0,,,3.0,,,,,,,,,,,,,0.0,,1.0,,1689465600.0,3.0,26.0,29.0,22.9,0.83,1012.7,3.5,7.5,159.0,0.6,1689413888.0,1689467136.0,0.0,,,0.56,5.0,0.91,19658.9,0.0,,,,,0.0,1.18,0.0,,,,,,,,,,,,,,,,,""
9465012978,"Jul 16, 2023, 9:53:14 PM",Afternoon Walk,Walk,,1472,1.91,111.0,3,false,,,activities/10151084576.fit.gz,,,1472.0,1448.0,1918.8,2.615,1.325,13.8,20.6,2.2,20.6,33.5,-0.4,,,,,,97.0,,,92.0,,,3.0,,,,,,,,,,,,,0.0,,1.0,,1689541248.0,5.0,26.5,29.8,23.4,0.83,1008.8,2.8,4.3,179.0,0.8,1689500288.0,1689553536.0,0.0,,,0.97,5.0,0.99,16377.4,3.0,,,,,0.0,1.304,0.0,,,,,,,,,,,,,,,,,""
9465253173,"Jul 16, 2023, 11:11:48 PM",Evening Walk,Walk,,1975,2.46,122.0,5,false,,,activities/10151338625.fit.gz,,,1975.0,1925.0,2464.1,2.505,1.28,10.4,11.4,4.4,9.2,16.3,0.0,,,,,,103.0,,,119.0,,,5.0,,,,,,,,,,,,,0.0,,1.0,,1689548416.0,5.0,25.7,28.6,23.0,0.85,1009.1,2.8,4.8,181.0,0.4,1689500288.0,1689553536.0,0.0,,,0.96,5.0,0.94,18075.2,0.0,,,,,0.0,1.248,0.0,,,,,,,,,,,,,,,,,""
9465253181,"Jul 16, 2023, 8:55:09 PM",Bike to BK,Ride,"",2676,9.37,170.0,17,false,,1996 Cannondale M200 SE,activities/10151338603.fit.gz,,11.793,2676.0,2592.0,9376.9,9.934,3.618,63.8,71.6,4.2,62.6,32.4,-0.1,,,,,,126.0,,,154.0,,,17.0,,,,,,,,,,,0.0,,0.0,,1.0,,1689537536.0,5.0,25.5,28.5,23.0,0.86,1009.0,3.2,5.2,186.0,2.0,1689500288.0,1689553536.0,0.0,11490857.0,,0.95,5.0,0.98,13010.8,4.0,,,,,0.0,3.504,64.8,,,,,,,,,,,,,,,,,""
9465621605,"Jul 17, 2023, 2:00:52 AM",Post-Sam’s concert hi Kan,Ride,"",2638,9.60,177.0,29,false,,1996 Cannondale M200 SE,activities/10151726236.fit.gz,,11.793,2638.0,2579.0,9603.6,10.912,3.724,96.4,88.8,4.6,68.4,46.3,0.1,,,,,,135.0,,,160.0,,,29.0,,,,,,,,,,,0.0,,0.0,,1.0,,1689559168.0,3.0,24.4,26.9,22.3,0.88,1009.8,1.2,2.8,175.0,0.0,1689500288.0,1689553536.0,0.0,11490857.0,,0.97,5.0,0.66,16123.9,0.0,,,,,0.0,3.64,4.5,,,,,,,,,,,,,,,,,media/CF2B41AD-5F60-44E0-81F9-D272F5490A7D.jpg
9471093135,"Jul 17, 2023, 10:40:43 PM",Afternoon Run,Run,,1891,4.91,186.0,69,false,,HOKA Clifton 8,activities/10157491193.fit.gz,,,1891.0,1858.0,4910.5,5.81,2.643,71.0,71.0,19.2,102.8,36.1,-0.6,,,,,,165.0,,,309.0,,,69.0,,,,,,,,,,,,,0.0,,1.0,5030.6,1689631232.0,1.0,18.6,18.5,13.0,0.7,1011.5,5.8,9.6,236.0,0.0,1689598848.0,1689651072.0,0.0,,14035992.0,0.0,1.0,0.1,17866.1,9.0,,,,,0.0,2.597,0.0,,,,,,,,,,,,,,,,,""
9471415993,"Jul 18, 2023, 12:18:53 AM",Bike to LLM meetup ,Ride,"",1100,4.05,168.0,15,false,,1996 Cannondale M200 SE,activities/10157824300.fit.gz,,11.793,1100.0,995.0,4056.6,8.33,4.077,17.4,48.8,3.0,36.6,13.2,-0.8,,,,,,142.0,,,85.0,,,15.0,,,,,,,,,,,0.0,,0.0,,1.0,,1689638400.0,1.0,18.2,17.9,12.1,0.68,1011.1,6.3,10.8,231.0,0.0,1689598848.0,1689651072.0,0.0,11490857.0,,0.0,1.0,0.05,18425.8,4.0,,,,,0.0,3.688,0.0,,,,,,,,,,,,,,,,,""
9472020025,"Jul 18, 2023, 4:29:54 AM",Lizzie and Craig post-LLM meetup ,E-Bike Ride,Didn’t record all the way whomp,785,2.56,169.0,8,false,,1996 Cannondale M200 SE,activities/10158455144.fit.gz,,11.793,785.0,785.0,2568.8,9.58,3.272,90.2,0.0,4.4,94.8,24.4,3.5,,,,,,127.0,,,83.0,,,8.0,,,,,,,,,,,0.0,,0.0,,1.0,,1689652736.0,1.0,14.7,14.4,11.3,0.8,1011.7,4.7,8.9,217.0,0.0,1689598848.0,1689651072.0,0.0,11490857.0,,0.0,1.0,0.09,16750.9,0.0,,,,,0.0,3.272,0.0,,,,,,,,,,,,,,,,,""
9475256390,"Jul 18, 2023, 2:11:15 PM",I’m back morning run ,Run,Alexi pappas said 1/3 of runs shouldn’t feel good and this was 1 of them,5306,13.01,170.0,112,false,,HOKA Clifton 8,activities/10161860838.fit.gz,,,5306.0,5137.0,13016.7,5.676,2.534,60.0,109.4,3.0,93.4,20.4,-0.4,,,,,,149.0,,,751.0,,,112.0,,,,,,,,,,,0.0,,0.0,,1.0,13113.2,1689688832.0,3.0,12.5,12.2,11.6,0.94,1013.4,4.3,7.2,222.0,0.0,1689685376.0,1689737344.0,0.125,,14035992.0,0.0,1.0,0.74,9946.6,0.0,,,,,0.0,2.453,96.7,,,,,,,,,,,,,,,,,""
9478674057,"Jul 19, 2023, 1:44:41 AM",Evening Tennis,Workout,,6033,0,169.0,33,false,,,activities/10165431559.fit.gz,,,6033.0,6033.0,0.0,0.0,0.0,0.0,,,,0.0,0.0,,,,,,122.0,,,641.0,,,33.0,,,,,,,,,,,,,0.0,,1.0,,,,,,,,,,,,,,,,,,,,,,,,,,,0.0,0.0,0.0,,,,,,,,,,,,,,,,,""
9485235571,"Jul 20, 2023, 2:35:37 AM",Evening Tennis,Workout,,5262,0,163.0,35,false,,,activities/10172311396.fit.gz,,,5262.0,5262.0,0.0,0.0,0.0,0.0,,,,0.0,0.0,,,,,,123.0,,,560.0,,,35.0,,,,,,,,,,,,,0.0,,1.0,,,,,,,,,,,,,,,,,,,,,,,,,,,0.0,0.0,0.0,,,,,,,,,,,,,,,,,""
9485235633,"Jul 20, 2023, 2:11:51 AM",Evening Walk,Walk,,1307,1.96,129.0,3,false,,,activities/10172311475.fit.gz,,,1307.0,1307.0,1967.1,3.307,1.505,5.8,111.2,4.2,114.2,20.0,-5.4,,,,,,98.0,,,87.0,,,3.0,,,,,,,,,,,,,0.0,,1.0,,1689818368.0,1.0,15.1,14.9,12.7,0.86,1015.7,4.6,9.1,239.0,0.0,1689771776.0,1689823744.0,0.125,,,0.0,1.0,0.32,19438.1,1.0,,,,,0.0,1.505,0.0,,,,,,,,,,,,,,,,,""
9488798476,"Jul 20, 2023, 4:30:36 PM",Morning Walk,Walk,,1388,1.93,118.0,3,false,,,activities/10176073190.fit.gz,,,1388.0,1388.0,1935.2,2.66,1.394,0.0,88.8,4.4,93.6,4.1,-4.6,,,,,,92.0,,,77.0,,,3.0,,,,,,,,,,,,,0.0,,1.0,,1689868800.0,3.0,13.6,13.4,12.0,0.9,1016.4,1.8,3.6,203.0,0.0,1689858176.0,1689910144.0,0.125,,,0.0,1.0,0.63,12843.3,2.0,,,,,0.0,1.394,65.9,,,,,,,,,,,,,,,,,""
9491174938,"Jul 21, 2023, 12:37:08 AM",Afternoon Ride,Ride,,427,1.59,110.0,1,false,,1996 Cannondale M200 SE,activities/10178575235.fit.gz,,11.793,427.0,427.0,1594.6,6.314,3.734,8.4,2.6,10.6,19.0,3.0,0.4,,,,,,102.0,,,31.0,,,1.0,,,,,,,,,,,,,0.0,,1.0,,1689897600.0,1.0,19.8,19.8,13.7,0.68,1014.9,4.0,8.7,248.0,0.0,1689858176.0,1689910144.0,0.125,11490857.0,,0.0,1.0,0.02,24905.6,4.0,,,,,0.0,3.734,0.0,,,,,,,,,,,,,,,,,""
9495819942,"Jul 21, 2023, 6:39:07 PM",Lunch Walk,Walk,,126,1.03,111.0,0,false,,,activities/10183563711.fit.gz,,,126.0,126.0,1035.3,1.835,8.216,5.8,0.0,59.8,65.6,9.3,4.3,,,,,,101.0,,,57.0,,,0.0,,,,,,,,,,,,,0.0,,1.0,,1689962368.0,1.0,17.3,17.1,12.6,0.74,1014.1,2.3,4.3,239.0,0.0,1689944704.0,1689996416.0,0.125,,,0.0,1.0,0.13,19872.3,7.0,,,,,0.0,8.216,0.0,,,,,,,,,,,,,,,,,""
9497203027,"Jul 22, 2023, 3:27:41 AM",USWNT to Langchain party ty Martin ,E-Bike Ride,"",714,2.99,,,false,,1996 Cannondale M200 SE,activities/10185014745.fit.gz,,11.793,714.0,625.0,2989.2,8.3,4.783,14.6,11.2,5.6,13.0,14.2,0.1,,,,,,,,,54.0,,,,,,,,,,,,,,0.0,,0.0,,1.0,,1689994752.0,1.0,16.3,16.1,12.6,0.79,1011.5,3.4,7.2,229.0,0.0,1689944704.0,1689996416.0,0.125,11490857.0,,0.0,1.0,0.13,29843.3,0.0,,,,,0.0,4.187,0.0,,,,,,,,,,,,,,,,,""
9497528382,"Jul 22, 2023, 5:55:41 AM",Lizzie and Martin rescue our cruise car night walk,Walk,"",1341,1.94,127.0,2,false,,,activities/10185361548.fit.gz,,,1341.0,700.0,1940.7,2.396,2.772,12.6,3.4,2.4,12.2,18.4,-4.4,,,,,,115.0,,,98.0,,,2.0,,,,,,,,,,,0.0,,0.0,,1.0,,1690002048.0,1.0,14.3,14.1,12.0,0.86,1011.9,2.7,6.0,213.0,0.0,1689944704.0,1689996416.0,0.125,,,0.0,1.0,0.12,27316.5,0.0,,,,,0.0,1.447,0.0,,,,,,,,,,,,,,,,,""
9502107796,"Jul 22, 2023, 5:25:12 PM",Morning Walk for yimby walk,Walk,"",6947,5.18,124.0,9,false,,,activities/10190268195.fit.gz,,,6947.0,3834.0,5188.2,7.028,1.353,48.0,97.2,5.0,68.6,49.9,-0.9,,,,,,101.0,,,248.0,,,9.0,,,,,,,,,,,0.0,,0.0,,1.0,,,,,,,,,,,,,,,,,,,,,,,,,,,0.0,0.747,38.8,,,,,,,,,,,,,,,,,media/CF668E8F-EAD5-49BA-962A-516CF3AFFAE1.jpg
9502373074,"Jul 22, 2023, 8:18:05 PM",Run to Sf race expo with Shubha! ,Run,"",1339,3.44,173.0,37,false,,HOKA Clifton 8,activities/10190595776.fit.gz,,,1339.0,1271.0,3441.5,4.186,2.708,19.6,19.6,2.8,78.8,15.0,-2.1,,,,,,157.0,,,200.0,,,37.0,,,,,,,,,,,0.0,,0.0,,1.0,3366.1,,,,,,,,,,,,,,,,14035992.0,,,,,,,,,,0.0,2.57,0.0,,,,,,,,,,,,,,,,,media/6A8BEBF9-454B-48F7-BD03-F1F9E13CF68E.jpg|media/EEF50F2E-E102-4C4B-9813-B1A296011238.jpg
9503221711,"Jul 23, 2023, 12:29:51 AM",Afternoon Ride,Ride,,3089,5.52,177.0,22,false,,1996 Cannondale M200 SE,activities/10191487471.fit.gz,,11.793,3089.0,1586.0,5526.6,8.264,3.485,91.4,107.8,54.4,111.2,18.8,-0.3,,,,,,137.0,,,170.0,,,22.0,,,,,,,,,,,,,0.0,,1.0,,,,,,,,,,,,,,,,11490857.0,,,,,,,,,,,0.0,1.789,0.0,,,,,,,,,,,,,,,,,""
9506536178,"Jul 23, 2023, 1:33:13 PM",Morning Walk,Walk,,760,1.83,102.0,1,false,,,activities/10194993239.fit.gz,,,760.0,713.0,1832.5,3.168,2.57,0.0,5.6,4.4,10.8,5.1,-0.6,,,,,,89.0,,,77.0,,,1.0,,,,,,,,,,,,,0.0,,1.0,,,,,,,,,,,,,,,,,,,,,,,,,,,0.0,2.411,0.0,,,,,,,,,,,,,,,,,""
9507256412,"Jul 23, 2023, 2:01:24 PM",Alexi Pappas Sf 10k race shubhaaa,Run,"",3212,9.84,187.0,202,false,,HOKA Clifton 8,activities/10195751976.fit.gz,,,3212.0,3170.0,9841.3,6.405,3.105,15.4,16.6,4.4,10.6,5.5,0.0,,,,,,177.0,,,567.0,,,202.0,,,,,,,,,,,0.0,,0.0,,1.0,9863.7,,,,,,,,,,,,,,,,14035992.0,,,,,,,,,,0.0,3.064,141.7,,,,,,,,,,,,,,,,,media/0954CCE2-AF23-4AE7-B896-28071C1AD361.jpg
9507308350,"Jul 23, 2023, 3:33:20 PM",Morning Walk,Walk,,627,1.97,160.0,6,false,,,activities/10195806462.fit.gz,,,627.0,610.0,1969.8,2.357,3.229,70.0,1.0,24.6,94.6,35.9,8.9,,,,,,136.0,,,127.0,,,6.0,,,,,,,,,,,,,0.0,,1.0,,,,,,,,,,,,,,,,,,,,,,,,,,,0.0,3.142,0.0,,,,,,,,,,,,,,,,,""
9513767876,"Jul 24, 2023, 5:30:18 PM",Morning Walk,Walk,,1106,2.29,118.0,2,false,,,activities/10202633168.fit.gz,,,1106.0,979.0,2297.5,2.532,2.347,6.0,31.2,4.4,33.2,29.0,-1.9,,,,,,99.0,,,100.0,,,2.0,,,,,,,,,,,,,0.0,,1.0,,,,,,,,,,,,,,,,,,,,,,,,,,,0.0,2.077,0.0,,,,,,,,,,,,,,,,,""
9521992764,"Jul 25, 2023, 11:58:20 PM",Afternoon Ride to replit hack night ,E-Bike Ride,"",567,1.84,126.0,1,false,,1996 Cannondale M200 SE,activities/10211260231.fit.gz,,11.793,567.0,415.0,1848.5,10.86,4.454,3.8,33.6,6.4,40.0,3.6,-1.6,,,,,,113.0,,,43.0,,,1.0,,,,,,,,,,,0.0,,0.0,,1.0,,,,,,,,,,,,,,,,11490857.0,,,,,,,,,,,0.0,3.26,0.0,,,,,,,,,,,,,,,,,""
9522834640,"Jul 26, 2023, 5:14:05 AM",Craig and Lizzie hack night debrief ride,E-Bike Ride,"",954,2.81,171.0,5,false,,1996 Cannondale M200 SE,activities/10212146406.fit.gz,,11.793,954.0,733.0,2813.3,9.26,3.838,95.6,15.8,10.0,95.4,31.1,2.8,,,,,,116.0,,,85.0,,,5.0,,,,,,,,,,,0.0,,0.0,,1.0,,,,,,,,,,,,,,,,11490857.0,,,,,,,,,,,0.0,2.949,0.0,,,,,,,,,,,,,,,,,""
9528759198,"Jul 27, 2023, 1:12:51 AM",Evening Walk,Walk,,1789,2.59,125.0,4,false,,,activities/10218378791.fit.gz,,,1789.0,1772.0,2590.1,3.222,1.462,12.0,12.0,21.0,96.2,14.2,-2.9,,,,,,101.0,,,111.0,,,4.0,,,,,,,,,,,,,0.0,,1.0,,,,,,,,,,,,,,,,,,,,,,,,,,,0.0,1.448,0.0,,,,,,,,,,,,,,,,,""
9529111795,"Jul 27, 2023, 4:29:05 AM",Night Walk,Walk,,920,0.81,120.0,1,false,,,activities/10218751241.fit.gz,,,920.0,666.0,812.8,2.338,1.22,6.8,3.6,21.0,25.4,9.3,0.4,,,,,,93.0,,,38.0,,,1.0,,,,,,,,,,,,,0.0,,1.0,,,,,,,,,,,,,,,,,,,,,,,,,,,0.0,0.884,0.0,,,,,,,,,,,,,,,,,""
9534206401,"Jul 27, 2023, 9:23:44 PM",Afternoon Walk,Walk,,4930,4.60,116.0,13,false,,,activities/10224119876.fit.gz,,,4930.0,4930.0,4604.6,7.1,0.934,0.0,0.0,0.0,0.0,0.0,0.0,,,,,,102.0,,,193.0,,,13.0,,,,,,,,,,,,,0.0,,1.0,,,,,,,,,,,,,,,,,,,,,,,,,,,0.0,0.934,0.0,,,,,,,,,,,,,,,,,""
9534696666,"Jul 28, 2023, 12:50:07 AM",Afternoon Walk,Walk,,1590,1.84,172.0,12,false,,,activities/10224627574.fit.gz,,,1590.0,1468.0,1847.4,2.227,1.258,90.0,1.6,4.6,94.6,27.0,4.8,,,,,,122.0,,,135.0,,,12.0,,,,,,,,,,,,,0.0,,1.0,,,,,,,,,,,,,,,,,,,,,,,,,,,0.0,1.162,98.0,,,,,,,,,,,,,,,,,""
9535006702,"Jul 28, 2023, 2:10:05 AM",Beach Run for work blog gif content ,Run,"",4625,11.05,184.0,201,false,,HOKA Clifton 8,activities/10224951564.fit.gz,,,4625.0,4311.0,11050.1,4.648,2.563,98.4,98.4,1.4,94.0,15.6,-0.2,,,,,,169.0,,,655.0,,,201.0,,,,,,,,,,,0.0,,0.0,,1.0,11216.7,,,,,,,,,,,,,,,,14035992.0,,,,,,,,,,0.0,2.389,2348.3,,,,,,,,,,,,,,,,,""
9539043934,"Jul 28, 2023, 6:48:54 PM",Lunch Walk,Walk,,82,1.26,94.0,0,false,,,activities/10229234246.fit.gz,,,82.0,82.0,1263.3,2.347,15.406,0.0,3.2,22.0,25.2,2.0,-4.8,,,,,,90.0,,,50.0,,,0.0,,,,,,,,,,,,,0.0,,1.0,,,,,,,,,,,,,,,,,,,,,,,,,,,0.0,15.406,0.0,,,,,,,,,,,,,,,,,""
9540689188,"Jul 29, 2023, 3:22:20 AM",Evening Elliptical,Elliptical,,1251,0,169.0,8,false,,,activities/10230957281.fit.gz,,,1251.0,1251.0,0.0,0.0,0.0,0.0,0.0,0.0,0.0,0.0,0.0,,,,,,135.0,,,149.0,,,8.0,,,,,,,,,,,,,0.0,,1.0,,,,,,,,,,,,,,,,,,,,,,,,,,,0.0,0.0,0.0,,,,,,,,,,,,,,,,,""
9540689189,"Jul 29, 2023, 3:43:41 AM",Evening Weight Training,Weight Training,,951,0,172.0,9,false,,,activities/10230957280.fit.gz,,,951.0,951.0,0.0,0.0,0.0,0.0,0.0,0.0,0.0,0.0,0.0,,,,,,134.0,,,103.0,,,9.0,,,,,,,,,,,,,0.0,,1.0,,,,,,,,,,,,,,,,,,,,,,,,,,,0.0,0.0,0.0,,,,,,,,,,,,,,,,,""
9547277017,"Jul 30, 2023, 3:36:21 AM",Taylor concert: watch thought I was walking,Walk,I was dancing and standing lol,10074,8.91,101.0,13,false,,,activities/10237910754.fit.gz,,,10074.0,6954.0,8915.3,4.924,1.282,45.8,44.8,6.4,14.2,48.1,0.0,,,,,,87.0,,,565.0,,,13.0,,,,,,,,,,,0.0,,0.0,,1.0,,,,,,,,,,,,,,,,,,,,,,,,,,,0.0,0.885,0.0,,,,,,,,,,,,,,,,,""
9553540275,"Jul 31, 2023, 2:13:02 AM",Sunset beach run ,Run,Sf showing off,5695,12.94,173.0,158,false,,HOKA Clifton 8,activities/10244544946.fit.gz,,,5695.0,5246.0,12946.3,5.658,2.468,138.2,138.2,3.2,107.0,14.5,0.0,,,,,,158.0,,,787.0,,,158.0,,,,,,,,,,,0.0,,0.0,,1.0,13222.8,,,,,,,,,,,,,,,,14035992.0,,,,,,,,,,0.0,2.273,3559.7,,,,,,,,,,,,,,,,,media/EC627588-E389-4CC5-A0EF-1F5D0859E047.jpg|media/08A2B366-3E6C-4F75-B15C-D04974E39BD5.mp4
9559435864,"Jul 31, 2023, 10:37:54 PM",Late to tennis hit all the reds ride ,Ride,"",1331,5.82,178.0,28,false,,1996 Cannondale M200 SE,activities/10250764601.fit.gz,,11.793,1331.0,1208.0,5828.8,10.562,4.825,77.2,71.2,20.0,80.6,24.7,0.1,,,,,,149.0,,,145.0,,,28.0,,,,,,,,,,,0.0,,0.0,,1.0,,,,,,,,,,,,,,,,11490857.0,,,,,,,,,,,0.0,4.379,0.0,,,,,,,,,,,,,,,,,""
9559691800,"Aug 1, 2023, 4:07:31 AM",Night Ride,Ride,,1563,6.34,168.0,13,false,,1996 Cannondale M200 SE,activities/10251033876.fit.gz,,11.793,1563.0,1520.0,6339.9,12.88,4.171,85.4,85.4,19.6,94.6,17.3,0.3,,,,,,125.0,,,143.0,,,13.0,,,,,,,,,,,,,0.0,,1.0,,,,,,,,,,,,,,,,11490857.0,,,,,,,,,,,0.0,4.056,0.0,,,,,,,,,,,,,,,,,""
9565403467,"Aug 1, 2023, 10:15:41 PM",Afternoon Walk,Walk,,2182,2.28,140.0,5,false,,,activities/10257167621.fit.gz,,,2182.0,1632.0,2286.9,3.66,1.401,74.8,75.8,45.0,108.0,41.4,0.0,,,,,,112.0,,,144.0,,,5.0,,,,,,,,,,,,,0.0,,1.0,,,,,,,,,,,,,,,,,,,,,,,,,,,0.0,1.048,0.0,,,,,,,,,,,,,,,,,""
9565884783,"Aug 2, 2023, 12:15:45 AM",Afternoon Ride,Ride,,1505,5.96,166.0,14,false,,1996 Cannondale M200 SE,activities/10257692113.fit.gz,,11.793,1505.0,1425.0,5964.6,9.5,4.186,81.6,84.0,20.6,80.4,13.8,0.0,,,,,,128.0,,,136.0,,,14.0,,,,,,,,,,,,,0.0,,1.0,,,,,,,,,,,,,,,,11490857.0,,,,,,,,,,,0.0,3.963,0.0,,,,,,,,,,,,,,,,,""
9566476979,"Aug 2, 2023, 4:07:31 AM",Night Ride,Ride,,1511,6.55,167.0,18,false,,1996 Cannondale M200 SE,activities/10258339144.fit.gz,,11.793,1511.0,1511.0,6549.5,13.33,4.335,85.2,85.2,19.2,95.0,15.2,0.3,,,,,,132.0,,,155.0,,,18.0,,,,,,,,,,,,,0.0,,1.0,,,,,,,,,,,,,,,,11490857.0,,,,,,,,,,,0.0,4.335,0.0,,,,,,,,,,,,,,,,,""
9571385052,"Aug 2, 2023, 7:39:02 PM",Lunch Run,Run,,3179,8.67,174.0,112,false,,HOKA Clifton 8,activities/10263505962.fit.gz,,,3179.0,3112.0,8674.7,4.804,2.787,78.4,78.4,3.6,95.4,22.4,-0.3,,,,,,163.0,,,524.0,,,112.0,,,,,,,,,,,,,0.0,,1.0,8783.3,,,,,,,,,,,,,,,,14035992.0,,,,,,,,,,0.0,2.729,0.0,,,,,,,,,,,,,,,,,""
9572761659,"Aug 3, 2023, 1:24:45 AM",Evening Tennis,Workout,,6779,0,168.0,40,false,,,activities/10264946903.fit.gz,,,6779.0,6779.0,0.0,0.0,0.0,0.0,0.0,0.0,0.0,0.0,0.0,,,,,,124.0,,,678.0,,,40.0,,,,,,,,,,,,,0.0,,1.0,,,,,,,,,,,,,,,,,,,,,,,,,,,0.0,0.0,0.0,,,,,,,,,,,,,,,,,""
9576742678,"Aug 3, 2023, 4:35:29 PM",Morning Walk,Walk,,1308,1.94,117.0,3,false,,,activities/10269144453.fit.gz,,,1308.0,1308.0,1948.9,3.004,1.49,0.0,89.2,4.6,94.2,2.7,-4.6,,,,,,103.0,,,82.0,,,3.0,,,,,,,,,,,,,0.0,,1.0,,,,,,,,,,,,,,,,,,,,,,,,,,,0.0,1.49,0.0,,,,,,,,,,,,,,,,,""
9577644244,"Aug 3, 2023, 8:08:34 PM",Afternoon Walk,Walk,,181,1.36,102.0,0,false,,,activities/10270091233.fit.gz,,,181.0,181.0,1361.1,2.241,7.52,0.0,0.8,10.0,11.2,4.4,-0.3,,,,,,96.0,,,65.0,,,0.0,,,,,,,,,,,,,0.0,,1.0,,,,,,,,,,,,,,,,,,,,,,,,,,,0.0,7.52,0.0,,,,,,,,,,,,,,,,,""
9578656674,"Aug 4, 2023, 12:30:02 AM",Afternoon Walk,Walk,,849,1.64,121.0,1,false,,,activities/10271153370.fit.gz,,,849.0,600.0,1646.7,8.388,2.744,54.2,1.4,39.4,93.6,37.1,6.4,,,,,,111.0,,,105.0,,,1.0,,,,,,,,,,,,,0.0,,1.0,,,,,,,,,,,,,,,,,,,,,,,,,,,0.0,1.94,0.0,,,,,,,,,,,,,,,,,""
9578821824,"Aug 4, 2023, 1:21:40 AM",Evening Run,Run,,999,2.55,175.0,33,false,,HOKA Clifton 8,activities/10271325411.fit.gz,,,999.0,952.0,2549.3,5.484,2.678,8.0,9.6,89.0,93.0,8.3,-0.1,,,,,,163.0,,,170.0,,,33.0,,,,,,,,,,,,,0.0,,1.0,2527.6,,,,,,,,,,,,,,,,14035992.0,,,,,,,,,,0.0,2.552,0.0,,,,,,,,,,,,,,,,,""
9583950959,"Aug 4, 2023, 10:18:20 PM",Afternoon Run,Run,,371,0.97,148.0,1,false,,HOKA Clifton 8,activities/10276752109.fit.gz,,,371.0,371.0,973.3,5.374,2.623,4.2,4.2,55.6,99.4,3.9,-4.1,,,,,,104.0,,,58.0,,,1.0,,,,,,,,,,,,,0.0,,1.0,918.6,,,,,,,,,,,,,,,,14035992.0,,,,,,,,,,0.0,2.623,0.0,,,,,,,,,,,,,,,,,""
9584500832,"Aug 4, 2023, 11:58:22 PM",Afternoon Tennis,Workout,,4008,0,166.0,34,false,,,activities/10277324859.fit.gz,,,4008.0,4008.0,0.0,0.0,0.0,0.0,0.0,0.0,0.0,0.0,0.0,,,,,,127.0,,,415.0,,,34.0,,,,,,,,,,,,,0.0,,1.0,,,,,,,,,,,,,,,,,,,,,,,,,,,0.0,0.0,0.0,,,,,,,,,,,,,,,,,""
9584500860,"Aug 4, 2023, 11:24:21 PM",Afternoon Ride,Ride,,1524,5.97,178.0,18,false,,1996 Cannondale M200 SE,activities/10277324860.fit.gz,,11.793,1524.0,1467.0,5977.3,11.342,4.075,68.0,68.8,21.6,80.2,13.8,0.0,,,,,,133.0,,,132.0,,,18.0,,,,,,,,,,,,,0.0,,1.0,,,,,,,,,,,,,,,,11490857.0,,,,,,,,,,,0.0,3.922,0.0,,,,,,,,,,,,,,,,,""
9584530453,"Aug 5, 2023, 1:14:37 AM",Tennis to tennis party ride ,Ride,"",289,1.14,164.0,4,false,,1996 Cannondale M200 SE,activities/10277356060.fit.gz,,11.793,289.0,289.0,1148.8,5.708,3.975,14.8,18.0,77.4,92.4,5.4,-0.3,,,,,,144.0,,,25.0,,,4.0,,,,,,,,,,,0.0,,0.0,,1.0,,,,,,,,,,,,,,,,11490857.0,,,,,,,,,,,0.0,3.975,0.0,,,,,,,,,,,,,,,,,""
9585158964,"Aug 5, 2023, 5:50:02 AM",Night Ride,Ride,,1879,6.53,173.0,16,false,,1996 Cannondale M200 SE,activities/10278025857.fit.gz,,11.793,1879.0,1810.0,6535.4,8.392,3.611,86.4,76.0,27.0,96.6,48.4,0.2,,,,,,129.0,,,150.0,,,16.0,,,,,,,,,,,,,0.0,,1.0,,,,,,,,,,,,,,,,11490857.0,,,,,,,,,,,0.0,3.478,0.0,,,,,,,,,,,,,,,,,""
9589455231,"Aug 5, 2023, 6:18:45 PM",Lunch Ride,E-Bike Ride,"",811,3.31,129.0,1,false,,1996 Cannondale M200 SE,activities/10282581996.fit.gz,,11.793,811.0,670.0,3317.9,12.16,4.952,8.2,42.0,5.6,40.6,11.0,-1.0,,,,,,105.0,,,57.0,,,1.0,,,,,,,,,,,0.0,,0.0,,1.0,,,,,,,,,,,,,,,,11490857.0,,,,,,,,,,,0.0,4.091,0.0,,,,,,,,,,,,,,,,,""
9591215785,"Aug 6, 2023, 4:19:10 AM",Ride from outside LLMs rofl ,E-Bike Ride,"",825,3.35,145.0,2,false,,1996 Cannondale M200 SE,activities/10284452554.fit.gz,,11.793,825.0,801.0,3349.4,9.84,4.182,38.8,5.6,6.0,39.8,45.5,1.0,,,,,,101.0,,,70.0,,,2.0,,,,,,,,,,,0.0,,0.0,,1.0,,,,,,,,,,,,,,,,11490857.0,,,,,,,,,,,0.0,4.06,0.0,,,,,,,,,,,,,,,,,media/F5760390-0933-4CE6-9B1F-A949B95F2333.jpg
9595576719,"Aug 6, 2023, 4:58:13 PM",Morning Ride,Ride,,1491,6.07,179.0,19,false,,1996 Cannondale M200 SE,activities/10289055527.fit.gz,,11.793,1491.0,1425.0,6070.9,12.46,4.26,66.6,79.2,21.8,87.8,13.0,-0.2,,,,,,134.0,,,126.0,,,19.0,,,,,,,,,,,,,0.0,,1.0,,,,,,,,,,,,,,,,11490857.0,,,,,,,,,,,0.0,4.072,0.0,,,,,,,,,,,,,,,,,""
9596657055,"Aug 6, 2023, 5:38:37 PM",Morning Tennis,Workout,,12019,0,187.0,168,false,,,activities/10290199877.fit.gz,,,12019.0,12019.0,0.0,0.0,0.0,0.0,0.0,0.0,0.0,0.0,0.0,,,,,,137.0,,,1168.0,,,168.0,,,,,,,,,,,,,0.0,,1.0,,,,,,,,,,,,,,,,,,,,,,,,,,,0.0,0.0,0.0,,,,,,,,,,,,,,,,,""
9596670839,"Aug 6, 2023, 9:09:42 PM",Afternoon Ride,Ride,,1494,6.56,183.0,49,false,,1996 Cannondale M200 SE,activities/10290214377.fit.gz,,11.793,1494.0,1456.0,6563.7,14.802,4.508,85.6,85.6,19.6,95.0,26.7,0.3,,,,,,159.0,,,172.0,,,49.0,,,,,,,,,,,,,0.0,,1.0,,,,,,,,,,,,,,,,11490857.0,,,,,,,,,,,0.0,4.393,0.0,,,,,,,,,,,,,,,,,""
9597273683,"Aug 7, 2023, 1:24:43 AM",Evening Walk,Walk,,592,1.90,141.0,2,false,,,activities/10290850694.fit.gz,,,592.0,592.0,1903.7,2.643,3.216,45.2,45.2,50.6,95.8,18.5,5.6,,,,,,119.0,,,127.0,,,2.0,,,,,,,,,,,,,0.0,,1.0,,,,,,,,,,,,,,,,,,,,,,,,,,,0.0,3.216,0.0,,,,,,,,,,,,,,,,,""
9597430200,"Aug 7, 2023, 2:59:51 AM",Evening Walk,Walk,,432,1.27,120.0,1,false,,,activities/10291016209.fit.gz,,,432.0,392.0,1276.7,2.282,3.257,2.2,12.8,47.0,59.8,4.7,3.7,,,,,,109.0,,,57.0,,,1.0,,,,,,,,,,,,,0.0,,1.0,,,,,,,,,,,,,,,,,,,,,,,,,,,0.0,2.955,0.0,,,,,,,,,,,,,,,,,""
9602789139,"Aug 7, 2023, 9:19:38 PM",Afternoon Walk,Walk,,547,0.43,115.0,0,false,,,activities/10296686937.fit.gz,,,547.0,380.0,430.6,2.193,1.133,13.6,-3.6,22.8,41.2,12.8,4.1,,,,,,100.0,,,26.0,,,0.0,,,,,,,,,,,,,0.0,,1.0,,,,,,,,,,,,,,,,,,,,,,,,,,,0.0,0.787,0.0,,,,,,,,,,,,,,,,,""
9602789207,"Aug 7, 2023, 9:28:56 PM",Post-flight ride for food and caffeine ,Ride,"",773,2.51,114.0,1,false,,1996 Cannondale M200 SE,activities/10296686965.fit.gz,,11.793,773.0,678.0,2515.0,10.516,3.709,25.2,29.6,15.8,40.4,16.4,-0.2,,,,,,85.0,,,41.0,,,1.0,,,,,,,,,,,0.0,,0.0,,1.0,,,,,,,,,,,,,,,,11490857.0,,,,,,,,,,,0.0,3.254,0.0,,,,,,,,,,,,,,,,,media/8BA44CB1-F102-4354-A524-68B1E3029A7D.jpg
9603027101,"Aug 7, 2023, 11:10:13 PM",Afternoon Walk,Walk,,1404,1.69,130.0,2,false,,,activities/10296932459.fit.gz,,,1404.0,1208.0,1693.0,2.988,1.402,20.4,28.4,14.6,31.2,12.5,-0.5,,,,,,95.0,,,89.0,,,2.0,,,,,,,,,,,,,0.0,,1.0,,,,,,,,,,,,,,,,,,,,,,,,,,,0.0,1.206,0.0,,,,,,,,,,,,,,,,,""
9603610119,"Aug 8, 2023, 2:13:35 AM",Evening Run pickup food ,Run,"",3034,6.05,175.0,56,false,,HOKA Clifton 8,activities/10297538272.fit.gz,,,3034.0,2372.0,6051.7,6.368,2.551,126.6,129.4,8.6,110.2,22.8,0.0,,,,,,151.0,,,377.0,,,56.0,,,,,,,,,,,0.0,,0.0,,1.0,6344.9,,,,,,,,,,,,,,,,14035992.0,,,,,,,,,,0.0,1.995,0.0,,,,,,,,,,,,,,,,,""
9607944365,"Aug 8, 2023, 3:14:18 PM",Morning Ride,Ride,,554,1.77,92.0,0,false,,1996 Cannondale M200 SE,activities/10302106299.fit.gz,,11.793,554.0,409.0,1774.9,10.012,4.34,20.6,22.4,13.0,33.6,16.4,-0.1,,,,,,86.0,,,40.0,,,0.0,,,,,,,,,,,,,0.0,,1.0,,,,,,,,,,,,,,,,11490857.0,,,,,,,,,,,0.0,3.204,0.0,,,,,,,,,,,,,,,,,""
9610116100,"Aug 9, 2023, 12:44:48 AM",Afternoon Walk,Walk,,885,1.81,113.0,2,false,,,activities/10304379223.fit.gz,,,885.0,842.0,1813.1,2.213,2.153,40.4,6.8,57.8,96.0,32.5,24.7,,,,,,103.0,,,107.0,,,2.0,,,,,,,,,,,,,0.0,,1.0,,,,,,,,,,,,,,,,,,,,,,,,,,,0.0,2.049,0.0,,,,,,,,,,,,,,,,,""
9610517881,"Aug 9, 2023, 3:16:58 AM",Evening Ride,Ride,,948,3.65,122.0,2,false,,1996 Cannondale M200 SE,activities/10304801146.fit.gz,,11.793,948.0,920.0,3655.8,8.73,3.974,11.6,77.2,16.2,89.8,12.5,-1.8,,,,,,100.0,,,54.0,,,2.0,,,,,,,,,,,,,0.0,,1.0,,,,,,,,,,,,,,,,11490857.0,,,,,,,,,,,0.0,3.856,0.0,,,,,,,,,,,,,,,,,""
9614717362,"Aug 9, 2023, 5:18:53 PM",Morning Walk,Walk,,797,1.02,116.0,1,false,,,activities/10309257304.fit.gz,,,797.0,762.0,1020.5,2.61,1.339,25.0,3.2,23.2,48.4,12.8,2.2,,,,,,99.0,,,50.0,,,1.0,,,,,,,,,,,,,0.0,,1.0,,,,,,,,,,,,,,,,,,,,,,,,,,,0.0,1.28,0.0,,,,,,,,,,,,,,,,,""
9615190266,"Aug 9, 2023, 6:24:49 PM",Lunch Walk,Walk,,713,0.95,122.0,2,false,,,activities/10309758972.fit.gz,,,713.0,673.0,952.6,2.662,1.415,2.8,22.4,23.6,46.0,14.4,-2.1,,,,,,114.0,,,39.0,,,2.0,,,,,,,,,,,,,0.0,,1.0,,,,,,,,,,,,,,,,,,,,,,,,,,,0.0,1.336,0.0,,,,,,,,,,,,,,,,,""
9617138069,"Aug 10, 2023, 2:18:12 AM",Late to tennis run ,Run,"",744,1.97,164.0,7,false,,HOKA Clifton 8,activities/10311797585.fit.gz,,,744.0,744.0,1975.4,6.164,2.655,5.0,92.2,4.8,94.4,11.3,-4.5,,,,,,136.0,,,106.0,,,7.0,,,,,,,,,,,0.0,,0.0,,1.0,1886.7,,,,,,,,,,,,,,,,14035992.0,,,,,,,,,,0.0,2.655,0.0,,,,,,,,,,,,,,,,,""
9617328947,"Aug 10, 2023, 2:35:32 AM",Evening Tennis,Workout,,5136,0,164.0,38,false,,,activities/10312000141.fit.gz,,,5136.0,5136.0,0.0,0.0,0.0,0.0,0.0,0.0,0.0,0.0,0.0,,,,,,126.0,,,525.0,,,38.0,,,,,,,,,,,,,0.0,,1.0,,,,,,,,,,,,,,,,,,,,,,,,,,,0.0,0.0,0.0,,,,,,,,,,,,,,,,,""
9622109322,"Aug 10, 2023, 7:06:51 PM",Lunch Walk,Walk,,465,0.95,101.0,0,false,,,activities/10317074645.fit.gz,,,465.0,168.0,953.0,2.137,5.672,6.6,2.4,4.6,11.2,26.2,2.6,,,,,,94.0,,,46.0,,,0.0,,,,,,,,,,,,,0.0,,1.0,,,,,,,,,,,,,,,,,,,,,,,,,,,0.0,2.049,0.0,,,,,,,,,,,,,,,,,""
9623944424,"Aug 11, 2023, 3:50:07 AM",Evening Ride,Ride,,498,1.58,133.0,1,false,,1996 Cannondale M200 SE,activities/10318991180.fit.gz,,11.793,498.0,418.0,1580.6,9.224,3.781,43.6,0.4,9.0,52.6,17.6,2.7,,,,,,103.0,,,46.0,,,1.0,,,,,,,,,,,,,0.0,,1.0,,,,,,,,,,,,,,,,11490857.0,,,,,,,,,,,0.0,3.174,0.0,,,,,,,,,,,,,,,,,""
9628109022,"Aug 11, 2023, 4:37:49 PM",Sectionals singles 3 sets ,Workout,"",6049,0,201.0,278,false,,,activities/10323421468.fit.gz,,,6049.0,6049.0,0.0,0.0,0.0,0.0,0.0,0.0,0.0,0.0,0.0,,,,,,170.0,,,998.0,,,278.0,,,,,,,,,,,0.0,,0.0,,1.0,,,,,,,,,,,,,,,,,,,,,,,,,,,0.0,0.0,0.0,,,,,,,,,,,,,,,,,""
9629205822,"Aug 11, 2023, 9:57:27 PM",Sectionals singles afternoon ,Workout,"",4103,0,201.0,207,false,,,activities/10324578761.fit.gz,,,4103.0,4103.0,0.0,0.0,0.0,0.0,0.0,0.0,0.0,0.0,0.0,,,,,,172.0,,,692.0,,,207.0,,,,,,,,,,,0.0,,0.0,,1.0,,,,,,,,,,,,,,,,,,,,,,,,,,,0.0,0.0,0.0,,,,,,,,,,,,,,,,,""
9636339431,"Aug 13, 2023, 1:30:47 AM",Evening Walk,Walk,,130,0.07,165.0,2,false,,,activities/10332093891.fit.gz,,,130.0,95.0,78.2,1.536,0.823,0.0,0.4,105.2,105.6,0.0,-0.6,,,,,,151.0,,,6.0,,,2.0,,,,,,,,,,,,,0.0,,1.0,,,,,,,,,,,,,,,,,,,,,,,,,,,0.0,0.601,0.0,,,,,,,,,,,,,,,,,""
9636339434,"Aug 13, 2023, 1:39:50 AM",Evening Tennis,Workout,,3751,0,184.0,97,false,,,activities/10332093887.fit.gz,,,3751.0,3751.0,0.0,0.0,0.0,0.0,0.0,0.0,0.0,0.0,0.0,,,,,,154.0,,,531.0,,,97.0,,,,,,,,,,,,,0.0,,1.0,,,,,,,,,,,,,,,,,,,,,,,,,,,0.0,0.0,0.0,,,,,,,,,,,,,,,,,""
9641656631,"Aug 13, 2023, 4:42:15 PM",Semis sectionals tennis,Workout,"",7172,0,177.0,111,false,,,activities/10337731775.fit.gz,,,7172.0,7172.0,0.0,0.0,0.0,0.0,0.0,0.0,0.0,0.0,0.0,,,,,,141.0,,,884.0,,,111.0,,,,,,,,,,,0.0,,0.0,,1.0,,,,,,,,,,,,,,,,,,,,,,,,,,,0.0,0.0,0.0,,,,,,,,,,,,,,,,,""
9649400622,"Aug 15, 2023, 12:41:09 AM",Contemplating sectionals long run,Run,"",8023,17.71,182.0,193,false,,HOKA Clifton 8,activities/10345873029.fit.gz,,,8023.0,7645.0,17711.3,5.62,2.317,365.8,365.8,30.4,101.8,48.8,0.0,,,,,,153.0,,,1119.0,,,193.0,,,,,,,,,,,0.0,,0.0,,1.0,18689.7,,,,,,,,,,,,,,,,14035992.0,,,,,,,,,,0.0,2.208,377.9,,,,,,,,,,,,,,,,,media/DBEB856A-DE34-4DBD-8D97-B0856E22B382.jpg
9656086029,"Aug 16, 2023, 12:01:26 AM",Afternoon Run,Run,,255,0.75,,,false,,HOKA Clifton 8,activities/10352886469.fit.gz,,,255.0,255.0,755.1,4.272,2.961,0.0,51.0,49.0,100.0,20.3,-7.1,,,,,,,,,40.0,,,,,,,,,,,,,,,,0.0,,1.0,657.0,,,,,,,,,,,,,,,,14035992.0,,,,,,,,,,0.0,2.961,0.0,,,,,,,,,,,,,,,,,""
9656513916,"Aug 16, 2023, 2:04:10 AM",Evening Run,Run,,365,0.73,,,false,,HOKA Clifton 8,activities/10353330271.fit.gz,,,365.0,365.0,734.2,4.218,2.012,35.8,14.8,60.0,94.0,20.8,3.0,,,,,,,,,54.0,,,,,,,,,,,,,,,,0.0,,1.0,842.5,,,,,,,,,,,,,,,,14035992.0,,,,,,,,,,0.0,2.012,0.0,,,,,,,,,,,,,,,,,""
9661679974,"Aug 16, 2023, 7:02:04 PM",Lunch Ride,Ride,"",1102,4.40,127.0,2,false,,1996 Cannondale M200 SE,activities/10358781126.fit.gz,,11.793,1102.0,1082.0,4408.3,10.624,4.074,9.4,101.0,2.0,96.0,4.4,-2.1,,,,,,100.0,,,55.0,,,2.0,,,,,,,,,,,0.0,,0.0,,1.0,,,,,,,,,,,,,,,,11490857.0,,,,,,,,,,,0.0,4.0,0.0,,,,,,,,,,,,,,,,,media/C1D95276-AD6E-47C3-89BE-CF633D92CF33.jpg
9662730028,"Aug 16, 2023, 10:46:50 PM",Post-giants long ride to avoid hills,Ride,"",2371,8.42,162.0,18,false,,1996 Cannondale M200 SE,activities/10359875793.fit.gz,,11.793,2371.0,2241.0,8427.7,14.176,3.761,114.0,114.0,0.0,95.0,14.3,1.0,,,,,,132.0,,,140.0,,,18.0,,,,,,,,,,,0.0,,0.0,,1.0,,,,,,,,,,,,,,,,11490857.0,,,,,,,,,,,0.0,3.554,233.8,,,,,,,,,,,,,,,,,""
9663645516,"Aug 17, 2023, 3:06:48 AM",Evening Tennis,Workout,,6354,0,160.0,24,false,,,activities/10360834462.fit.gz,,,6354.0,6354.0,0.0,0.0,0.0,0.0,0.0,0.0,0.0,0.0,0.0,,,,,,116.0,,,565.0,,,24.0,,,,,,,,,,,,,0.0,,1.0,,,,,,,,,,,,,,,,,,,,,,,,,,,0.0,0.0,0.0,,,,,,,,,,,,,,,,,""
9667848818,"Aug 17, 2023, 4:44:14 PM",Morning Walk,Walk,,1415,1.87,108.0,3,false,,,activities/10365278260.fit.gz,,,1415.0,1415.0,1876.1,2.891,1.326,25.4,112.6,4.0,110.4,48.7,-4.7,,,,,,95.0,,,79.0,,,3.0,,,,,,,,,,,,,0.0,,1.0,,,,,,,,,,,,,,,,,,,,,,,,,,,0.0,1.326,102.9,,,,,,,,,,,,,,,,,""
9669764480,"Aug 18, 2023, 12:38:16 AM",Craig and Lizzie ride to the Haight mlops meetup,Ride,"",1749,6.16,169.0,5,false,,1996 Cannondale M200 SE,activities/10367278716.fit.gz,,11.793,1749.0,1616.0,6165.4,8.574,3.815,85.4,6.0,4.8,84.2,23.8,1.3,,,,,,105.0,,,149.0,,,5.0,,,,,,,,,,,0.0,,0.0,,1.0,,,,,,,,,,,,,,,,11490857.0,,,,,,,,,,,0.0,3.525,370.8,,,,,,,,,,,,,,,,,""
9670362843,"Aug 18, 2023, 5:43:00 AM",Night HIIT,Workout,,730,0,141.0,3,false,,,activities/10367907053.fit.gz,,,730.0,730.0,0.0,0.0,0.0,0.0,0.0,0.0,0.0,0.0,0.0,,,,,,117.0,,,69.0,,,3.0,,,,,,,,,,,,,0.0,,1.0,,,,,,,,,,,,,,,,,,,,,,,,,,,0.0,0.0,0.0,,,,,,,,,,,,,,,,,""
9675359205,"Aug 18, 2023, 10:09:34 PM",Long run to rush tix,Run,"",6432,16.73,177.0,234,false,,HOKA Clifton 8,activities/10373221457.fit.gz,,,6432.0,6403.0,16729.2,8.502,2.613,150.4,150.4,14.4,95.8,16.8,-0.5,,,,,,163.0,,,1004.0,,,234.0,,,,,,,,,,,0.0,,0.0,,1.0,16828.8,,,,,,,,,,,,,,,,14035992.0,,,,,,,,,,0.0,2.601,0.0,,,,,,,,,,,,,,,,,""
9676351584,"Aug 19, 2023, 5:51:44 AM",Night Walk,Walk,,1275,1.97,99.0,1,false,,,activities/10374270341.fit.gz,,,1275.0,778.0,1973.6,2.962,2.537,4.0,19.0,18.8,36.4,30.8,7.4,,,,,,92.0,,,91.0,,,1.0,,,,,,,,,,,,,0.0,,1.0,,,,,,,,,,,,,,,,,,,,,,,,,,,0.0,1.548,0.0,,,,,,,,,,,,,,,,,""
9680792482,"Aug 19, 2023, 5:31:42 PM",Morning Tennis,Workout,,2515,0,167.0,26,false,,,activities/10378960768.fit.gz,,,2515.0,2515.0,0.0,0.0,0.0,0.0,0.0,0.0,0.0,0.0,0.0,,,,,,132.0,,,286.0,,,26.0,,,,,,,,,,,,,0.0,,1.0,,,,,,,,,,,,,,,,,,,,,,,,,,,0.0,0.0,0.0,,,,,,,,,,,,,,,,,""
9680792562,"Aug 19, 2023, 4:47:44 PM",Late to tennis Alta ride,Ride,I missed the turn,1041,3.15,157.0,7,false,,1996 Cannondale M200 SE,activities/10378960820.fit.gz,,11.793,1041.0,980.0,3157.7,7.242,3.222,60.6,48.8,42.4,90.6,20.1,0.4,,,,,,121.0,,,76.0,,,7.0,,,,,,,,,,,0.0,,0.0,,1.0,,,,,,,,,,,,,,,,11490857.0,,,,,,,,,,,0.0,3.033,0.0,,,,,,,,,,,,,,,,,media/8F2537B9-671C-446C-A91A-B5BC004F2C87.jpg
9680873384,"Aug 19, 2023, 6:22:32 PM",Lunch Ride,Ride,"",758,2.67,149.0,3,false,,1996 Cannondale M200 SE,activities/10379047576.fit.gz,,11.793,758.0,718.0,2676.2,10.568,3.727,50.2,37.2,54.0,94.8,12.6,0.5,,,,,,104.0,,,68.0,,,3.0,,,,,,,,,,,0.0,,0.0,,1.0,,,,,,,,,,,,,,,,11490857.0,,,,,,,,,,,0.0,3.531,0.0,,,,,,,,,,,,,,,,,media/68E94830-FD4A-4264-9ACC-48C10605ADA5.jpg
9681715029,"Aug 19, 2023, 10:09:54 PM",Afternoon Swim,Swim,,940,372,132.0,5,false,,,activities/10379944575.fit.gz,,,940.0,940.0,372.2,2.012,0.396,0.0,0.0,0.0,0.0,0.0,0.0,,,,,,122.0,,,158.0,,,5.0,,,,,,,,,,,,,0.0,,1.0,,,,,,,,,,,,,,,,,,,,,,,,,,,0.0,0.396,0.0,,,,,,,,,,,,,,,,,""
9688045486,"Aug 20, 2023, 7:24:37 PM",Lunch Swim,Swim,,356,141,126.0,1,false,,,activities/10387074870.fit.gz,,,356.0,356.0,140.8,2.012,0.396,0.0,0.0,0.0,0.0,0.0,0.0,,,,,,116.0,,,58.0,,,1.0,,,,,,,,,,,,,0.0,,1.0,,,,,,,,,,,,,,,,,,,,,,,,,,,0.0,0.396,0.0,,,,,,,,,,,,,,,,,""
9688823310,"Aug 20, 2023, 11:12:15 PM",Afternoon Walk,Walk,,1075,1.20,158.0,5,false,,,activities/10387921634.fit.gz,,,1075.0,1015.0,1200.4,2.335,1.183,78.0,78.0,15.8,93.8,27.3,5.5,,,,,,121.0,,,93.0,,,5.0,,,,,,,,,,,,,0.0,,1.0,,,,,,,,,,,,,,,,,,,,,,,,,,,0.0,1.117,0.0,,,,,,,,,,,,,,,,,""
9688913314,"Aug 20, 2023, 5:08:15 PM",Morning Run,Run,,5565,12.94,169.0,131,false,,HOKA Clifton 8,activities/10388016082.fit.gz,,,5565.0,5461.0,12948.1,4.859,2.371,80.6,80.6,3.6,98.8,22.5,-0.3,,,,,,151.0,,,759.0,,,131.0,,,,,,,,,,,,,0.0,,1.0,13040.0,,,,,,,,,,,,,,,,14035992.0,,,,,,,,,,0.0,2.327,2513.6,,,,,,,,,,,,,,,,,""
9694746879,"Aug 21, 2023, 10:23:10 PM",Afternoon Walk,Walk,,1213,1.96,96.0,1,false,,,activities/10394265216.fit.gz,,,1213.0,937.0,1964.7,2.446,2.097,14.2,13.8,4.2,12.2,40.2,0.2,,,,,,84.0,,,84.0,,,1.0,,,,,,,,,,,,,0.0,,1.0,,,,,,,,,,,,,,,,,,,,,,,,,,,0.0,1.62,0.0,,,,,,,,,,,,,,,,,""
9695975451,"Aug 22, 2023, 3:17:34 AM",Evening Ride,Ride,,230,0,91.0,0,false,,1996 Cannondale M200 SE,activities/10395549986.fit.gz,,11.793,230.0,230.0,0.0,0.0,0.0,0.0,0.0,0.0,0.0,0.0,0.0,,,,,,84.0,,,10.0,,,0.0,,,,,,,,,,,,,0.0,,1.0,,,,,,,,,,,,,,,,11490857.0,,,,,,,,,,,0.0,0.0,0.0,,,,,,,,,,,,,,,,,""
9702784415,"Aug 23, 2023, 2:36:10 AM",Evening Tennis,Workout,,4854,0,164.0,21,false,,,activities/10402787589.fit.gz,,,4854.0,4854.0,0.0,0.0,0.0,0.0,0.0,0.0,0.0,0.0,0.0,,,,,,117.0,,,458.0,,,21.0,,,,,,,,,,,,,0.0,,1.0,,,,,,,,,,,,,,,,,,,,,,,,,,,0.0,0.0,0.0,,,,,,,,,,,,,,,,,""
9702784418,"Aug 23, 2023, 2:34:07 AM",Evening Run,Run,,110,0.14,,,false,,HOKA Clifton 8,activities/10402787590.fit.gz,,,110.0,101.0,140.5,2.469,1.391,0.0,2.2,5.2,7.4,4.4,-1.7,,,,,,,,,4.0,,,,,,,,,,,,,,,,0.0,,1.0,128.2,,,,,,,,,,,,,,,,14035992.0,,,,,,,,,,0.0,1.277,0.0,,,,,,,,,,,,,,,,,""
9709099283,"Aug 24, 2023, 1:00:57 AM",Evening Walk,Walk,,837,1.06,120.0,1,false,,,activities/10409466622.fit.gz,,,837.0,662.0,1061.7,2.89,1.604,16.4,30.6,533.0,548.6,23.5,-1.4,,,,,,99.0,,,50.0,,,1.0,,,,,,,,,,,,,0.0,,1.0,,,,,,,,,,,,,,,,,,,,,,,,,,,0.0,1.268,116.4,,,,,,,,,,,,,,,,,""
9709259112,"Aug 24, 2023, 1:54:55 AM",Evening Walk,Walk,,680,0.72,133.0,1,false,,,activities/10409631945.fit.gz,,,680.0,472.0,721.3,5.515,1.528,10.2,4.8,533.4,539.8,41.4,0.8,,,,,,114.0,,,33.0,,,1.0,,,,,,,,,,,,,0.0,,1.0,,,,,,,,,,,,,,,,,,,,,,,,,,,0.0,1.061,142.6,,,,,,,,,,,,,,,,,""
9714487385,"Aug 24, 2023, 8:37:29 PM",Afternoon Walk,Walk,,1146,1.35,117.0,2,false,,,activities/10415183769.fit.gz,,,1146.0,942.0,1358.1,5.557,1.442,25.8,29.0,532.8,542.4,31.5,-0.2,,,,,,99.0,,,58.0,,,2.0,,,,,,,,,,,,,0.0,,1.0,,,,,,,,,,,,,,,,,,,,,,,,,,,0.0,1.185,58.8,,,,,,,,,,,,,,,,,""
9714879709,"Aug 24, 2023, 10:11:22 PM",MX conf break Walk,Walk,"",812,1.03,142.0,2,false,,,activities/10415592023.fit.gz,,,812.0,740.0,1036.6,2.998,1.401,18.8,35.2,532.8,555.6,18.1,-1.6,,,,,,110.0,,,57.0,,,2.0,,,,,,,,,,,0.0,,0.0,,1.0,,,,,,,,,,,,,,,,,,,,,,,,,,,0.0,1.277,200.6,,,,,,,,,,,,,,,,,media/87C8732A-272E-4261-AD56-25ABD065E265.jpg
9721047392,"Aug 26, 2023, 12:21:02 AM",Evening Walk,Walk,,2576,2.83,128.0,4,false,,,activities/10422108681.fit.gz,,,2576.0,1985.0,2831.6,5.986,1.427,58.8,66.0,533.0,550.8,47.9,-0.3,,,,,,93.0,,,129.0,,,4.0,,,,,,,,,,,,,0.0,,1.0,,,,,,,,,,,,,,,,,,,,,,,,,,,0.0,1.099,207.7,,,,,,,,,,,,,,,,,""
9726544475,"Aug 26, 2023, 6:54:55 PM",Lunch Walk,Walk,"",3009,3.78,142.0,9,false,,,activities/10427920038.fit.gz,,,3009.0,2984.0,3787.9,2.636,1.269,69.2,65.6,520.0,539.6,47.6,0.1,,,,,,110.0,,,196.0,,,9.0,,,,,,,,,,,0.0,,0.0,,1.0,,,,,,,,,,,,,,,,,,,,,,,,,,,0.0,1.259,1126.6,,,,,,,,,,,,,,,,,media/1E74A910-E5B9-472E-AFA4-16F491CB39B6.jpg
9728036517,"Aug 27, 2023, 2:16:22 AM",Evening HIIT,Workout,,1366,0,154.0,6,false,,,activities/10429520176.fit.gz,,,1366.0,1366.0,0.0,0.0,0.0,0.0,0.0,0.0,0.0,0.0,0.0,,,,,,112.0,,,112.0,,,6.0,,,,,,,,,,,,,0.0,,1.0,,,,,,,,,,,,,,,,,,,,,,,,,,,0.0,0.0,0.0,,,,,,,,,,,,,,,,,""
9734205339,"Aug 28, 2023, 2:15:40 AM","Post-flight, pre-Luke",Run,Reunited pair of running shoes after packing mismatched pair rip,1047,3.23,176.0,53,false,,HOKA Clifton 8,activities/10436077217.fit.gz,,,1047.0,1036.0,3233.9,4.33,3.121,9.2,24.8,89.0,105.8,4.5,-0.5,,,,,,171.0,,,185.0,,,53.0,,,,,,,,,,,0.0,,0.0,,1.0,3216.8,,,,,,,,,,,,,,,,14035992.0,,,,,,,,,,0.0,3.089,0.0,,,,,,,,,,,,,,,,,""
9734220648,"Aug 28, 2023, 2:36:45 AM",Stairs,Run,"",292,0.51,171.0,11,false,,HOKA Clifton 8,activities/10436093304.fit.gz,,,292.0,262.0,512.2,3.4,1.955,6.6,3.8,88.0,94.6,20.5,0.5,,,,,,167.0,,,51.0,,,11.0,,,,,,,,,,,0.0,,0.0,,1.0,537.4,,,,,,,,,,,,,,,,14035992.0,,,,,,,,,,0.0,1.754,0.0,,,,,,,,,,,,,,,,,""
9734640354,"Aug 28, 2023, 5:06:57 AM",Show Luke Sf night walk,Walk,"",4463,4.57,122.0,10,false,,,activities/10436541254.fit.gz,,,4463.0,3784.0,4577.8,3.042,1.21,124.4,63.6,3.2,94.2,47.0,1.3,,,,,,103.0,,,243.0,,,10.0,,,,,,,,,,,0.0,,0.0,,1.0,,,,,,,,,,,,,,,,,,,,,,,,,,,0.0,1.026,0.0,,,,,,,,,,,,,,,,,media/E7CE71A4-D81D-41CB-9815-685ABDE32BC8.jpg|media/BA00A7C3-A295-4657-B5F0-288A29692B93.jpg
9737667925,"Aug 28, 2023, 4:31:33 PM",Morning Walk,Walk,,1359,1.77,129.0,3,false,,,activities/10439740252.fit.gz,,,1359.0,1333.0,1769.7,2.266,1.328,10.0,106.0,4.4,103.4,48.5,-5.5,,,,,,96.0,,,73.0,,,3.0,,,,,,,,,,,,,0.0,,1.0,,,,,,,,,,,,,,,,,,,,,,,,,,,0.0,1.302,93.6,,,,,,,,,,,,,,,,,""
9739089389,"Aug 28, 2023, 8:40:38 PM",Afternoon Walk,Walk,,2451,2.78,126.0,6,false,,,activities/10441230799.fit.gz,,,2451.0,2251.0,2787.6,2.41,1.238,93.8,5.2,4.6,93.6,26.3,3.2,,,,,,105.0,,,155.0,,,6.0,,,,,,,,,,,,,0.0,,1.0,,,,,,,,,,,,,,,,,,,,,,,,,,,0.0,1.137,0.0,,,,,,,,,,,,,,,,,""
9739318996,"Aug 28, 2023, 9:46:47 PM",Afternoon Walk,Walk,,24,1.14,118.0,0,false,,,activities/10441468490.fit.gz,,,24.0,24.0,1148.2,1.752,47.841,0.0,-0.2,64.8,65.0,3.3,0.8,,,,,,118.0,,,55.0,,,0.0,,,,,,,,,,,,,0.0,,1.0,,,,,,,,,,,,,,,,,,,,,,,,,,,0.0,47.841,0.0,,,,,,,,,,,,,,,,,""
9740283655,"Aug 29, 2023, 1:18:46 AM",Evening Run,Run,,6636,16.16,167.0,150,false,,HOKA Clifton 8,activities/10442461597.fit.gz,,,6636.0,6531.0,16161.2,5.124,2.475,263.4,263.4,39.4,108.6,16.5,0.1,,,,,,151.0,,,1010.0,,,150.0,,,,,,,,,,,,,0.0,,1.0,16791.8,,,,,,,,,,,,,,,,14035992.0,,,,,,,,,,0.0,2.435,387.5,,,,,,,,,,,,,,,,,""
9746577611,"Aug 30, 2023, 12:03:20 AM",Night 1 nyc,Run,"I have not seen any tennis players out, they can’t all be at flushing meadows 🥲",3715,8.31,163.0,79,false,,HOKA Clifton 8,activities/10449090019.fit.gz,,,3715.0,3389.0,8314.5,7.092,2.453,34.4,65.8,2.8,35.6,8.9,-0.3,,,,,,151.0,,,466.0,,,79.0,,,,,,,,,,,0.0,,0.0,,1.0,9049.4,,,,,,,,,,,,,,,,14035992.0,,,,,,,,,,2.0,2.238,0.0,,,,,,,,,,,,,,,,,media/83F66B8F-7F3F-4D54-B981-D226621DDE46.mp4
9746635443,"Aug 30, 2023, 1:06:04 AM",Paused watch too soon lah,Run,"",1043,2.14,171.0,21,false,,HOKA Clifton 8,activities/10449149629.fit.gz,,,1043.0,1043.0,2145.4,5.3,2.057,20.6,18.8,5.0,16.6,38.6,0.1,,,,,,151.0,,,131.0,,,21.0,,,,,,,,,,,0.0,,0.0,,1.0,2186.1,,,,,,,,,,,,,,,,14035992.0,,,,,,,,,,0.0,2.057,0.0,,,,,,,,,,,,,,,,,""
9753257332,"Aug 31, 2023, 2:11:21 AM",Night Walk,Walk,,903,1.05,133.0,2,false,,,activities/10456260405.fit.gz,,,903.0,677.0,1049.9,3.362,1.551,8.6,11.6,4.2,10.8,21.3,-0.3,,,,,,115.0,,,50.0,,,2.0,,,,,,,,,,,,,0.0,,1.0,,,,,,,,,,,,,,,,,,,,,,,,,,,0.0,1.163,301.9,,,,,,,,,,,,,,,,,""
9759369343,"Sep 1, 2023, 1:04:19 AM",Night Walk,Walk,,719,0.71,122.0,1,false,,,activities/10462738616.fit.gz,,,719.0,440.0,717.0,5.341,1.63,9.8,10.4,3.2,11.8,20.4,-0.1,,,,,,117.0,,,41.0,,,1.0,,,,,,,,,,,,,0.0,,1.0,,,,,,,,,,,,,,,,,,,,,,,,,,,0.0,0.997,301.4,,,,,,,,,,,,,,,,,""
9761975137,"Sep 1, 2023, 1:17:37 PM",Run for rush tix,Run,"",1657,4.57,169.0,55,false,,HOKA Clifton 8,activities/10465497500.fit.gz,,,1657.0,1657.0,4569.1,5.388,2.757,14.6,13.2,12.6,22.6,11.3,0.0,,,,,,163.0,,,263.0,,,55.0,,,,,,,,,,,0.0,,0.0,,1.0,4561.1,,,,,,,,,,,,,,,,14035992.0,,,,,,,,,,0.0,2.757,16.7,,,,,,,,,,,,,,,,,""
9762417287,"Sep 1, 2023, 2:29:13 PM",Run post-tix,Run,Too many people omg,2067,5.14,171.0,56,false,,HOKA Clifton 8,activities/10465962006.fit.gz,,,2067.0,2067.0,5147.5,5.536,2.49,7.8,14.8,9.8,21.2,6.1,-0.1,,,,,,157.0,,,299.0,,,56.0,,,,,,,,,,,0.0,,0.0,,1.0,5130.5,,,,,,,,,,,,,,,,14035992.0,,,,,,,,,,0.0,2.49,0.0,,,,,,,,,,,,,,,,,""
9764024953,"Sep 1, 2023, 7:49:10 PM",Afternoon Walk,Walk,,615,1.43,160.0,0,false,,,activities/10467652673.fit.gz,,,615.0,316.0,1429.2,3.272,4.523,4.8,4.2,10.8,15.8,14.6,0.1,,,,,,98.0,,,72.0,,,0.0,,,,,,,,,,,,,0.0,,1.0,,,,,,,,,,,,,,,,,,,,,,,,,,,0.0,2.324,0.0,,,,,,,,,,,,,,,,,""
9765481235,"Sep 1, 2023, 9:04:05 PM",Afternoon Walk,Walk,,3528,5.13,116.0,9,false,,,activities/10469222611.fit.gz,,,3528.0,3463.0,5137.2,2.976,1.483,33.2,23.6,5.0,23.6,28.8,0.2,,,,,,101.0,,,217.0,,,9.0,,,,,,,,,,,,,0.0,,1.0,,,,,,,,,,,,,,,,,,,,,,,,,,,0.0,1.456,0.0,,,,,,,,,,,,,,,,,""
9765636545,"Sep 2, 2023, 3:28:31 AM",Night Walk,Walk,,3686,5.23,130.0,7,false,,,activities/10469389497.fit.gz,,,3686.0,3548.0,5232.9,3.624,1.475,15.0,36.0,12.0,34.4,10.7,-0.4,,,,,,94.0,,,228.0,,,7.0,,,,,,,,,,,,,0.0,,1.0,,,,,,,,,,,,,,,,,,,,,,,,,,,0.0,1.42,0.0,,,,,,,,,,,,,,,,,""
9769717657,"Sep 2, 2023, 3:27:35 PM",Lunch Walk,Walk,,137,1.01,100.0,0,false,,,activities/10473721710.fit.gz,,,137.0,137.0,1018.8,2.758,7.436,0.0,-0.8,4.4,5.8,6.5,-0.1,,,,,,96.0,,,45.0,,,0.0,,,,,,,,,,,,,0.0,,1.0,,,,,,,,,,,,,,,,,,,,,,,,,,,0.0,7.436,0.0,,,,,,,,,,,,,,,,,""
9772177866,"Sep 3, 2023, 2:12:11 AM",Night Walk,Walk,,3921,5.54,115.0,8,false,,,activities/10476323590.fit.gz,,,3921.0,3552.0,5547.7,4.29,1.562,13.0,16.0,6.4,20.6,7.6,-0.1,,,,,,99.0,,,269.0,,,8.0,,,,,,,,,,,,,0.0,,1.0,,,,,,,,,,,,,,,,,,,,,,,,,,,0.0,1.415,0.0,,,,,,,,,,,,,,,,,""
9772219662,"Sep 3, 2023, 3:34:14 AM","Fast walk to bar bc Calvin, Kan, arnaud",Walk,"",901,1.43,122.0,2,false,,,activities/10476368575.fit.gz,,,901.0,882.0,1430.8,4.8,1.622,0.0,5.4,8.6,14.4,2.5,-0.4,,,,,,111.0,,,75.0,,,2.0,,,,,,,,,,,0.0,,0.0,,1.0,,,,,,,,,,,,,,,,,,,,,,,,,,,0.0,1.588,0.0,,,,,,,,,,,,,,,,,""
9777032411,"Sep 3, 2023, 2:39:47 PM",I am never running to Coney Island again jog,Run,Google maps made it look nice but ocean Ave is not fun to run on too many stoplights feat Calvin,8405,18.51,169.0,180,false,,HOKA Clifton 8,activities/10481496523.fit.gz,,,8405.0,8354.0,18509.9,6.17,2.216,95.8,106.0,1.4,53.8,16.1,-0.1,,,,,,151.0,,,1145.0,,,180.0,,,,,,,,,,,0.0,,0.0,,1.0,18605.8,,,,,,,,,,,,,,,,14035992.0,,,,,,,,,,0.0,2.202,0.0,,,,,,,,,,,,,,,,,media/E163A967-EB34-4540-9BB7-CF667747D828.jpg|media/404A9399-D87C-4CBE-85F0-D529B2B25DE1.jpg|media/D64DB264-0934-499C-AD8D-693B5D7C21F4.jpg
9777832043,"Sep 3, 2023, 7:00:49 PM",Afternoon Walk,Walk,,862,1.69,122.0,0,false,,,activities/10482346572.fit.gz,,,862.0,369.0,1693.2,2.119,4.589,0.0,-0.6,2.2,3.6,15.3,-0.1,,,,,,101.0,,,86.0,,,0.0,,,,,,,,,,,,,0.0,,1.0,,,,,,,,,,,,,,,,,,,,,,,,,,,0.0,1.964,0.0,,,,,,,,,,,,,,,,,""
9778834806,"Sep 3, 2023, 11:08:01 PM",Evening Walk,Walk,,439,1.13,95.0,0,false,,,activities/10483406429.fit.gz,,,439.0,120.0,1131.6,1.462,9.43,0.0,-1.2,11.4,12.8,38.5,-0.1,,,,,,87.0,,,51.0,,,0.0,,,,,,,,,,,,,0.0,,1.0,,,,,,,,,,,,,,,,,,,,,,,,,,,0.0,2.578,0.0,,,,,,,,,,,,,,,,,""
9790871916,"Sep 5, 2023, 7:42:59 PM",Ricky’s to the ripped bodice ride,Ride,"",923,3.34,169.0,10,false,,1996 Cannondale M200 SE,activities/10496094420.fit.gz,,11.793,923.0,876.0,3339.7,12.376,3.812,33.0,31.8,4.2,24.0,22.6,0.0,,,,,,138.0,,,59.0,,,10.0,,,,,,,,,,,0.0,,0.0,,1.0,,,,,,,,,,,,,,,,11490857.0,,,,,,,,,,,0.0,3.618,12.3,,,,,,,,,,,,,,,,,""
9791651249,"Sep 5, 2023, 3:51:51 PM",New hotel to ricky’s hack n hang ride,Ride,"",2210,8.14,174.0,25,false,,1996 Cannondale M200 SE,activities/10496901186.fit.gz,,11.793,2210.0,2059.0,8139.4,12.294,3.953,37.2,27.8,2.8,27.0,19.0,0.1,,,,,,138.0,,,148.0,,,25.0,,,,,,,,,,,0.0,,0.0,,1.0,,,,,,,,,,,,,,,,11490857.0,,,,,,,,,,,0.0,3.683,0.0,,,,,,,,,,,,,,,,,""
9791993421,"Sep 5, 2023, 10:47:57 PM",Evening Walk,Walk,,1088,1.57,114.0,2,false,,,activities/10497253765.fit.gz,,,1088.0,1088.0,1578.0,2.578,1.45,0.0,6.0,8.2,15.2,6.0,-0.4,,,,,,102.0,,,71.0,,,2.0,,,,,,,,,,,,,0.0,,1.0,,,,,,,,,,,,,,,,,,,,,,,,,,,0.0,1.45,0.0,,,,,,,,,,,,,,,,,""
9794731903,"Sep 6, 2023, 11:48:33 AM",Morning Walk,Walk,,1291,1.33,105.0,1,false,,,activities/10500144020.fit.gz,,,1291.0,891.0,1336.8,3.926,1.5,0.0,3.2,11.2,15.8,8.9,-0.3,,,,,,93.0,,,65.0,,,1.0,,,,,,,,,,,,,0.0,,1.0,,,,,,,,,,,,,,,,,,,,,,,,,,,0.0,1.035,0.0,,,,,,,,,,,,,,,,,""
9801629962,"Sep 7, 2023, 12:34:37 PM",Morning Walk,Walk,,1318,1.50,116.0,2,false,,,activities/10507403769.fit.gz,,,1318.0,1065.0,1502.6,2.551,1.411,7.6,9.8,13.8,22.4,46.8,-0.1,,,,,,99.0,,,81.0,,,2.0,,,,,,,,,,,,,0.0,,1.0,,,,,,,,,,,,,,,,,,,,,,,,,,,0.0,1.14,0.0,,,,,,,,,,,,,,,,,""
9805765170,"Sep 8, 2023, 1:57:35 AM",Night HIIT,Workout,,2496,0,134.0,5,false,,,activities/10511725004.fit.gz,,,2496.0,2496.0,0.0,0.0,0.0,0.0,0.0,0.0,0.0,0.0,0.0,,,,,,89.0,,,165.0,,,5.0,,,,,,,,,,,,,0.0,,1.0,,,,,,,,,,,,,,,,,,,,,,,,,,,0.0,0.0,0.0,,,,,,,,,,,,,,,,,""
9808580887,"Sep 8, 2023, 1:59:37 PM",Morning Walk,Walk,,2368,3.22,137.0,6,false,,,activities/10514718824.fit.gz,,,2368.0,2291.0,3220.2,3.006,1.406,38.6,40.0,113.6,133.2,20.9,0.0,,,,,,106.0,,,161.0,,,6.0,,,,,,,,,,,,,0.0,,1.0,,,,,,,,,,,,,,,,,,,,,,,,,,,0.0,1.36,0.0,,,,,,,,,,,,,,,,,""
9811443819,"Sep 8, 2023, 7:56:40 PM",Afternoon Walk,Walk,,865,1.23,154.0,3,false,,,activities/10517717973.fit.gz,,,865.0,865.0,1237.8,3.318,1.431,33.2,19.6,104.6,127.0,31.8,1.1,,,,,,118.0,,,71.0,,,3.0,,,,,,,,,,,,,0.0,,1.0,,,,,,,,,,,,,,,,,,,,,,,,,,,0.0,1.431,0.0,,,,,,,,,,,,,,,,,""
9815192425,"Sep 9, 2023, 2:20:21 PM",Pennapps people be slacking us at 1am morning ride,Ride,"",1336,4.15,170.0,13,false,,1996 Cannondale M200 SE,activities/10521675968.fit.gz,,11.793,1336.0,1304.0,4151.5,6.738,3.184,15.6,11.0,11.4,17.4,4.4,0.1,,,,,,135.0,,,74.0,,,13.0,,,,,,,,,,,0.0,,0.0,,1.0,,,,,,,,,,,,,,,,11490857.0,,,,,,,,,,,0.0,3.107,0.0,,,,,,,,,,,,,,,,,""
9816218232,"Sep 9, 2023, 4:51:43 PM",Lunch pennapps break ride for acai,Ride,"",676,2.72,159.0,4,false,,1996 Cannondale M200 SE,activities/10522749447.fit.gz,,11.793,676.0,661.0,2722.5,12.002,4.119,14.0,13.2,8.4,16.2,8.1,0.0,,,,,,128.0,,,50.0,,,4.0,,,,,,,,,,,0.0,,0.0,,1.0,,,,,,,,,,,,,,,,11490857.0,,,,,,,,,,,0.0,4.027,0.0,,,,,,,,,,,,,,,,,""
9816420297,"Sep 9, 2023, 5:15:53 PM",Ride with acai and juice back to pennapps,Ride,"",914,3.02,146.0,2,false,,1996 Cannondale M200 SE,activities/10522961680.fit.gz,,11.793,914.0,879.0,3021.8,7.536,3.438,9.8,7.4,10.6,17.6,18.2,0.1,,,,,,105.0,,,48.0,,,2.0,,,,,,,,,,,0.0,,0.0,,1.0,,,,,,,,,,,,,,,,11490857.0,,,,,,,,,,,0.0,3.306,0.0,,,,,,,,,,,,,,,,,media/A02D1207-E766-43CA-B8C0-469F731D13BB.jpg
9818216511,"Sep 10, 2023, 1:20:01 AM",Night Ride,Ride,,1156,4.61,158.0,12,false,,1996 Cannondale M200 SE,activities/10524852009.fit.gz,,11.793,1156.0,1111.0,4615.5,12.796,4.154,14.8,14.2,9.2,16.6,7.4,0.0,,,,,,136.0,,,69.0,,,12.0,,,,,,,,,,,,,0.0,,1.0,,,,,,,,,,,,,,,,11490857.0,,,,,,,,,,,0.0,3.993,0.0,,,,,,,,,,,,,,,,,""
9818461166,"Sep 10, 2023, 3:09:35 AM",Night Weight Training,Weight Training,,608,0,154.0,3,false,,,activities/10525109780.fit.gz,,,608.0,608.0,0.0,0.0,0.0,0.0,0.0,0.0,0.0,0.0,0.0,,,,,,123.0,,,58.0,,,3.0,,,,,,,,,,,,,0.0,,1.0,,,,,,,,,,,,,,,,,,,,,,,,,,,0.0,0.0,0.0,,,,,,,,,,,,,,,,,""
9818461168,"Sep 10, 2023, 2:49:05 AM",Night Elliptical,Elliptical,,1142,0,158.0,5,false,,,activities/10525109777.fit.gz,,,1142.0,1142.0,0.0,0.0,0.0,0.0,0.0,0.0,0.0,0.0,0.0,,,,,,130.0,,,137.0,,,5.0,,,,,,,,,,,,,0.0,,1.0,,,,,,,,,,,,,,,,,,,,,,,,,,,0.0,0.0,0.0,,,,,,,,,,,,,,,,,""
9822280983,"Sep 10, 2023, 2:17:23 PM",Morning Ride,Ride,,1164,3.64,152.0,4,false,,1996 Cannondale M200 SE,activities/10529157690.fit.gz,,11.793,1164.0,1097.0,3645.9,7.136,3.324,9.0,6.4,11.8,17.8,6.4,0.1,,,,,,118.0,,,51.0,,,4.0,,,,,,,,,,,,,0.0,,1.0,,,,,,,,,,,,,,,,11490857.0,,,,,,,,,,,0.0,3.132,0.0,,,,,,,,,,,,,,,,,""
9824100803,"Sep 10, 2023, 6:38:57 PM",Afternoon Ride,Ride,,1471,5.62,131.0,3,false,,1996 Cannondale M200 SE,activities/10531082238.fit.gz,,11.793,1471.0,1430.0,5622.9,13.356,3.932,14.8,25.2,9.6,23.4,10.9,-0.2,,,,,,103.0,,,64.0,,,3.0,,,,,,,,,,,,,0.0,,1.0,,,,,,,,,,,,,,,,11490857.0,,,,,,,,,,,0.0,3.823,0.0,,,,,,,,,,,,,,,,,""
9825085711,"Sep 10, 2023, 10:54:05 PM",Run in rain rocky steps,Run,"",2486,5.54,173.0,63,false,,HOKA Clifton 8,activities/10532128316.fit.gz,,,2486.0,2412.0,5548.7,3.878,2.3,26.6,29.0,9.0,31.2,22.3,0.0,,,,,,155.0,,,332.0,,,63.0,,,,,,,,,,,0.0,,0.0,,1.0,5649.1,,,,,,,,,,,,,,,,14035992.0,,,,,,,,,,0.0,2.232,23.6,,,,,,,,,,,,,,,,,media/1ADDEC30-ED46-4F2D-B82A-50D07BCEE7B8.jpg
9831897666,"Sep 12, 2023, 2:57:55 AM",Post-flight I’m back run,Run,Idk where map is,3693,9.70,184.0,144,false,,HOKA Clifton 8,activities/10539302207.fit.gz,,,3693.0,3632.0,9700.6,4.772,2.671,0.0,0.0,0.0,0.0,0.0,0.0,,,,,,164.0,,,599.0,,,144.0,,,,,,,,,,,0.0,,0.0,,1.0,9708.2,,,,,,,,,,,,,,,,14035992.0,,,,,,,,,,0.0,2.627,0.0,,,,,,,,,,,,,,,,,""
9835651785,"Sep 12, 2023, 3:48:24 PM",Jet lag ish run,Run,RULE OF THIRDS,4007,9.70,170.0,107,false,,HOKA Clifton 8,activities/10543268684.fit.gz,,,4007.0,3983.0,9708.5,4.558,2.437,116.8,116.8,3.4,100.4,29.0,0.1,,,,,,155.0,,,597.0,,,107.0,,,,,,,,,,,0.0,,0.0,,1.0,9965.5,,,,,,,,,,,,,,,,14035992.0,,,,,,,,,,0.0,2.423,939.3,,,,,,,,,,,,,,,,,""
9845126818,"Sep 14, 2023, 1:53:50 AM",Evening Weight Training,Weight Training,,1523,0,156.0,9,false,,,activities/10553161378.fit.gz,,,1523.0,1523.0,0.0,0.0,0.0,0.0,0.0,0.0,0.0,0.0,0.0,,,,,,125.0,,,153.0,,,9.0,,,,,,,,,,,,,0.0,,1.0,,,,,,,,,,,,,,,,,,,,,,,,,,,0.0,0.0,0.0,,,,,,,,,,,,,,,,,""
9845437954,"Sep 14, 2023, 3:06:32 AM",Evening Tennis,Workout,,6323,0,161.0,30,false,,,activities/10553494735.fit.gz,,,6323.0,6323.0,0.0,0.0,0.0,0.0,0.0,0.0,0.0,0.0,0.0,,,,,,117.0,,,611.0,,,30.0,,,,,,,,,,,,,0.0,,1.0,,,,,,,,,,,,,,,,,,,,,,,,,,,0.0,0.0,0.0,,,,,,,,,,,,,,,,,""
9849312257,"Sep 14, 2023, 5:10:50 PM",Morning Run,Run,,2502,5.61,175.0,56,false,,HOKA Clifton 8,activities/10557562216.fit.gz,,,2502.0,2502.0,5609.2,4.389,2.242,115.4,115.4,6.4,106.4,28.0,-0.1,,,,,,152.0,,,364.0,,,56.0,,,,,,,,,,,,,0.0,,1.0,5864.6,,,,,,,,,,,,,,,,14035992.0,,,,,,,,,,0.0,2.242,0.0,,,,,,,,,,,,,,,,,""
9849759698,"Sep 14, 2023, 6:17:25 PM",Lunch Walk,Walk,,1975,2.13,125.0,5,false,,,activities/10558022927.fit.gz,,,1975.0,1771.0,2130.2,2.762,1.203,0.0,90.6,4.6,95.4,7.4,-4.4,,,,,,108.0,,,95.0,,,5.0,,,,,,,,,,,,,0.0,,1.0,,,,,,,,,,,,,,,,,,,,,,,,,,,0.0,1.079,0.0,,,,,,,,,,,,,,,,,""
9851636600,"Sep 15, 2023, 1:40:48 AM",Evening Tennis,Workout,,4467,0,178.0,65,false,,,activities/10559970205.fit.gz,,,4467.0,4467.0,0.0,0.0,0.0,0.0,0.0,0.0,0.0,0.0,0.0,,,,,,143.0,,,585.0,,,65.0,,,,,,,,,,,,,0.0,,1.0,,,,,,,,,,,,,,,,,,,,,,,,,,,0.0,0.0,0.0,,,,,,,,,,,,,,,,,""
9856015095,"Sep 15, 2023, 6:24:13 PM",Lunch Swim,Swim,,616,282,126.0,2,false,,,activities/10564576667.fit.gz,,,616.0,616.0,281.6,1.117,0.457,0.0,0.0,0.0,0.0,0.0,0.0,,,,,,119.0,,,82.0,,,2.0,,,,,,,,,,,,,0.0,,1.0,,,,,,,,,,,,,,,,,,,,,,,,,,,0.0,0.457,0.0,,,,,,,,,,,,,,,,,""
9856100930,"Sep 15, 2023, 8:21:27 PM",Afternoon Walk,Walk,,46,0.70,131.0,0,false,,,activities/10564666824.fit.gz,,,46.0,46.0,703.8,1.645,15.299,0.0,2.0,94.2,96.2,-1.6,-3.8,,,,,,126.0,,,75.0,,,0.0,,,,,,,,,,,,,0.0,,1.0,,,,,,,,,,,,,,,,,,,,,,,,,,,0.0,15.299,0.0,,,,,,,,,,,,,,,,,""
9862175652,"Sep 16, 2023, 4:35:29 PM",Marina jog pre-Agi house,Run,"This week’s leg day took me out, rule of thirds gdi",3323,7.73,180.0,88,false,,HOKA Clifton 8,activities/10571042079.fit.gz,,,3323.0,3323.0,7729.2,3.978,2.326,118.8,118.8,5.0,101.2,25.3,0.1,,,,,,155.0,,,487.0,,,88.0,,,,,,,,,,,0.0,,0.0,,1.0,7979.1,,,,,,,,,,,,,,,,14035992.0,,,,,,,,,,0.0,2.326,0.0,,,,,,,,,,,,,,,,,""
9862603308,"Sep 16, 2023, 6:27:36 PM",Ride to agi house hills too op for Lyft bike,E-Bike Ride,"",1650,5.12,183.0,30,false,,1996 Cannondale M200 SE,activities/10571490690.fit.gz,,11.793,1650.0,1580.0,5124.3,8.38,3.243,153.4,38.6,16.6,155.2,50.0,2.2,,,,,,146.0,,,168.0,,,30.0,,,,,,,,,,,0.0,,0.0,,1.0,,,,,,,,,,,,,,,,11490857.0,,,,,,,,,,,0.0,3.106,142.0,,,,,,,,,,,,,,,,,""
9868915555,"Sep 17, 2023, 4:19:39 PM",Ride to replicate crafts ai hackathon,E-Bike Ride,"",909,4.50,124.0,2,false,,1996 Cannondale M200 SE,activities/10578133815.fit.gz,,11.793,909.0,847.0,4507.8,9.32,5.322,12.2,50.4,6.2,49.2,5.8,-0.8,,,,,,106.0,,,80.0,,,2.0,,,,,,,,,,,0.0,,0.0,,1.0,,,,,,,,,,,,,,,,11490857.0,,,,,,,,,,,0.0,4.959,0.0,,,,,,,,,,,,,,,,,""
9874553085,"Sep 18, 2023, 4:10:20 PM",Pre-Ray summit run,Run,"",3565,8.98,183.0,137,false,,HOKA Clifton 8,activities/10584079409.fit.gz,,,3565.0,3540.0,8984.9,4.866,2.538,96.8,96.8,4.4,100.6,23.7,-0.2,,,,,,165.0,,,542.0,,,137.0,,,,,,,,,,,0.0,,0.0,,1.0,9140.0,,,,,,,,,,,,,,,,14035992.0,,,,,,,,,,0.0,2.52,0.0,,,,,,,,,,,,,,,,,""
9876336020,"Sep 18, 2023, 10:28:04 PM",Afternoon Walk,Walk,,574,1.43,149.0,2,false,,,activities/10585918133.fit.gz,,,574.0,574.0,1434.7,3.975,2.5,60.6,2.2,34.0,94.6,37.4,8.4,,,,,,122.0,,,114.0,,,2.0,,,,,,,,,,,,,0.0,,1.0,,,,,,,,,,,,,,,,,,,,,,,,,,,0.0,2.5,0.0,,,,,,,,,,,,,,,,,""
9877172013,"Sep 19, 2023, 1:36:16 AM",Evening Tennis,Workout,,5516,0,170.0,46,false,,,activities/10586796222.fit.gz,,,5516.0,5516.0,0.0,0.0,0.0,0.0,0.0,0.0,0.0,0.0,0.0,,,,,,128.0,,,599.0,,,46.0,,,,,,,,,,,,,0.0,,1.0,,,,,,,,,,,,,,,,,,,,,,,,,,,0.0,0.0,0.0,,,,,,,,,,,,,,,,,""
9880915569,"Sep 19, 2023, 4:44:47 PM",Morning Walk,Walk,,1224,1.72,122.0,3,false,,,activities/10590730073.fit.gz,,,1224.0,1169.0,1727.5,3.287,1.478,0.0,85.4,4.4,91.0,12.2,-5.0,,,,,,107.0,,,79.0,,,3.0,,,,,,,,,,,,,0.0,,1.0,,,,,,,,,,,,,,,,,,,,,,,,,,,0.0,1.411,52.0,,,,,,,,,,,,,,,,,""
9887985036,"Sep 20, 2023, 5:50:03 PM",Jog with laptop to coffee,Run,"Florence backpack doesn’t bounce on back very much, nice",820,2.34,163.0,25,false,,HOKA Clifton 8,activities/10598113128.fit.gz,,,820.0,820.0,2339.5,5.132,2.853,0.0,0.0,17.6,95.4,1.8,-3.4,,,,,,159.0,,,135.0,,,25.0,,,,,,,,,,,0.0,,0.0,,1.0,2185.8,,,,,,,,,,,,,,,,14035992.0,,,,,,,,,,0.0,2.853,0.0,,,,,,,,,,,,,,,,,""
9889761045,"Sep 20, 2023, 11:17:14 PM",Treadmill,Run,"Would like to point out it was 6mi on treadmill, watch not calibrated lol",3368,8.07,177.0,122,false,,HOKA Clifton 8,activities/10599944052.fit.gz,,,3368.0,3368.0,8073.3,3.148,2.397,0.0,0.0,0.0,0.0,0.0,0.0,,,,,,160.0,,,533.0,,,122.0,,,,,,,,,,,0.0,,0.0,,1.0,8073.3,,,,,,,,,,,,,,,,14035992.0,,,,,,,,,,0.0,2.397,0.0,,,,,,,,,,,,,,,,,""
9894927691,"Sep 21, 2023, 6:33:00 PM",Lunch Walk,Walk,,1237,1.87,120.0,3,false,,,activities/10605356240.fit.gz,,,1237.0,1237.0,1875.0,2.898,1.516,0.0,103.6,4.6,110.0,33.9,-5.6,,,,,,111.0,,,80.0,,,3.0,,,,,,,,,,,,,0.0,,1.0,,,,,,,,,,,,,,,,,,,,,,,,,,,0.0,1.516,0.0,,,,,,,,,,,,,,,,,""
9896263303,"Sep 22, 2023, 1:53:12 AM",Post-3 martinis @ office erg happy hr walk,Walk,"",1524,1.85,159.0,9,false,,,activities/10606743333.fit.gz,,,1524.0,1502.0,1857.9,2.485,1.237,89.4,7.8,4.4,93.8,27.7,4.4,,,,,,121.0,,,128.0,,,9.0,,,,,,,,,,,0.0,,0.0,,1.0,,,,,,,,,,,,,,,,,,,,,,,,,,,0.0,1.219,89.3,,,,,,,,,,,,,,,,,""
9896482296,"Sep 22, 2023, 3:08:20 AM",Post-3 martinis beach ish run,Run,"Aqi was moderate at first then unhealthy for sensitive groups rip, bless water/wind",4153,10.10,178.0,160,false,,HOKA Clifton 8,activities/10606980232.fit.gz,,,4153.0,3832.0,10103.5,4.322,2.637,82.6,80.6,2.4,96.8,20.0,-0.3,,,,,,166.0,,,611.0,,,160.0,,,,,,,,,,,0.0,,0.0,,1.0,10233.1,,,,,,,,,,,,,,,,14035992.0,,,,,,,,,,0.0,2.433,0.0,,,,,,,,,,,,,,,,,media/26D0C1AB-309A-499C-BBFB-D1CEF071821C.jpg
9901255634,"Sep 22, 2023, 10:39:59 PM",Afternoon Run,Run,,2892,6.94,175.0,75,false,,HOKA Clifton 8,activities/10611981798.fit.gz,,,2892.0,2892.0,6943.4,3.046,2.401,0.0,0.0,0.0,0.0,0.0,0.0,,,,,,149.0,,,422.0,,,75.0,,,,,,,,,,,,,0.0,,1.0,6943.3,,,,,,,,,,,,,,,,14035992.0,,,,,,,,,,0.0,2.401,0.0,,,,,,,,,,,,,,,,,""
9901312217,"Sep 22, 2023, 11:31:23 PM",Afternoon Weight Training,Weight Training,,743,0,160.0,8,false,,,activities/10612040150.fit.gz,,,743.0,743.0,0.0,0.0,0.0,0.0,0.0,0.0,0.0,0.0,0.0,,,,,,134.0,,,81.0,,,8.0,,,,,,,,,,,,,0.0,,1.0,,,,,,,,,,,,,,,,,,,,,,,,,,,0.0,0.0,0.0,,,,,,,,,,,,,,,,,""
9907080880,"Sep 23, 2023, 7:26:06 PM",Lunch Run to library,Run,"",1955,1.49,145.0,1,false,,HOKA Clifton 8,activities/10618111301.fit.gz,,,1955.0,680.0,1497.1,6.921,2.202,44.0,14.2,46.8,91.0,19.6,6.3,,,,,,112.0,,,102.0,,,1.0,,,,,,,,,,,0.0,,0.0,,1.0,683.2,,,,,,,,,,,,,,,,14035992.0,,,,,,,,,,0.0,0.766,0.0,,,,,,,,,,,,,,,,,""
9907845892,"Sep 23, 2023, 9:02:02 PM",Long run day ocean beach,Run,"Didn’t go all the way bc started too late, GGP popping",11085,26.40,174.0,309,false,,HOKA Clifton 8,activities/10618917777.fit.gz,,,11085.0,10832.0,26399.4,4.678,2.437,283.2,283.2,4.4,93.6,39.2,0.0,,,,,,156.0,,,1610.0,,,309.0,,,,,,,,,,,0.0,,0.0,,1.0,26953.5,,,,,,,,,,,,,,,,14035992.0,,,,,,,,,,0.0,2.382,5032.6,,,,,,,,,,,,,,,,,media/37435E01-88B8-4160-AE3A-33A6F6A0F21E.jpg
9914612785,"Sep 24, 2023, 9:00:55 PM",Afternoon Elliptical,Elliptical,,4305,0,157.0,29,false,,,activities/10626040597.fit.gz,,,4305.0,4305.0,0.0,0.0,0.0,0.0,0.0,0.0,0.0,0.0,0.0,,,,,,136.0,,,512.0,,,29.0,,,,,,,,,,,,,0.0,,1.0,,,,,,,,,,,,,,,,,,,,,,,,,,,0.0,0.0,0.0,,,,,,,,,,,,,,,,,""
9914612837,"Sep 24, 2023, 10:14:16 PM",Afternoon Weight Training,Weight Training,,987,0,153.0,6,false,,,activities/10626040601.fit.gz,,,987.0,987.0,0.0,0.0,0.0,0.0,0.0,0.0,0.0,0.0,0.0,,,,,,125.0,,,97.0,,,6.0,,,,,,,,,,,,,0.0,,1.0,,,,,,,,,,,,,,,,,,,,,,,,,,,0.0,0.0,0.0,,,,,,,,,,,,,,,,,""
9920201239,"Sep 25, 2023, 7:52:43 PM",Slow beach ish run,Run,"",5770,13.31,180.0,140,false,,HOKA Clifton 8,activities/10631922844.fit.gz,,,5770.0,5472.0,13309.4,4.326,2.432,134.2,134.2,-0.6,96.6,36.4,0.0,,,,,,153.0,,,796.0,,,140.0,,,,,,,,,,,0.0,,0.0,,1.0,13594.4,,,,,,,,,,,,,,,,14035992.0,,,,,,,,,,0.0,2.307,4490.8,,,,,,,,,,,,,,,,,""
9928211616,"Sep 27, 2023, 2:39:10 AM",Evening Tennis,Workout,,4914,0,155.0,17,false,,,activities/10640321610.fit.gz,,,4914.0,4914.0,0.0,0.0,0.0,0.0,0.0,0.0,0.0,0.0,0.0,,,,,,113.0,,,472.0,,,17.0,,,,,,,,,,,,,0.0,,1.0,,,,,,,,,,,,,,,,,,,,,,,,,,,0.0,0.0,0.0,,,,,,,,,,,,,,,,,""
9931149552,"Sep 27, 2023, 2:58:32 PM",Ride to Izu’s for breakfast,Ride,"",925,3.36,165.0,5,false,,1996 Cannondale M200 SE,activities/10643433075.fit.gz,,11.793,925.0,854.0,3361.0,7.798,3.936,39.6,47.2,21.4,68.0,14.6,-0.2,,,,,,118.0,,,64.0,,,5.0,,,,,,,,,,,0.0,,0.0,,1.0,,,,,,,,,,,,,,,,11490857.0,,,,,,,,,,,0.0,3.634,0.0,,,,,,,,,,,,,,,,,""
9932032911,"Sep 27, 2023, 5:09:50 PM",Surprise last-min ride Izu’s to replicate co-work,Ride,"",791,3.63,155.0,4,false,,1996 Cannondale M200 SE,activities/10644349551.fit.gz,,11.793,791.0,762.0,3634.3,8.8,4.769,14.2,59.4,14.6,60.6,2.9,-1.2,,,,,,118.0,,,70.0,,,4.0,,,,,,,,,,,0.0,,0.0,,1.0,,,,,,,,,,,,,,,,11490857.0,,,,,,,,,,,0.0,4.595,53.4,,,,,,,,,,,,,,,,,""
9933930572,"Sep 27, 2023, 11:17:56 PM",Ride back from replicate,Ride,"",1527,5.04,164.0,16,false,,1996 Cannondale M200 SE,activities/10646314521.fit.gz,,11.793,1527.0,1459.0,5044.3,8.216,3.457,89.2,89.2,6.2,95.4,18.3,1.5,,,,,,136.0,,,125.0,,,16.0,,,,,,,,,,,0.0,,0.0,,1.0,,,,,,,,,,,,,,,,11490857.0,,,,,,,,,,,0.0,3.303,0.0,,,,,,,,,,,,,,,,,""
9938434437,"Sep 28, 2023, 4:45:51 PM",Morning Walk,Walk,,353,1.21,105.0,0,false,,,activities/10651018960.fit.gz,,,353.0,168.0,1212.2,3.131,7.215,15.0,15.6,4.4,20.4,3.0,-0.2,,,,,,96.0,,,49.0,,,0.0,,,,,,,,,,,,,0.0,,1.0,,,,,,,,,,,,,,,,,,,,,,,,,,,0.0,3.434,0.0,,,,,,,,,,,,,,,,,""
9940684198,"Sep 29, 2023, 12:43:08 AM",Run off after bailing moe bc this week was the worst,Run,"",5459,13.41,172.0,168,false,,HOKA Clifton 8,activities/10653347873.fit.gz,,,5459.0,4948.0,13412.3,5.757,2.711,107.8,107.8,3.0,96.0,28.8,-0.2,,,,,,161.0,,,799.0,,,168.0,,,,,,,,,,,0.0,,0.0,,1.0,13713.9,,,,,,,,,,,,,,,,14035992.0,,,,,,,,,,0.0,2.457,4504.2,,,,,,,,,,,,,,,,,media/0C8CB655-50D7-46A1-99B7-A3E862A1D340.mp4
9945650741,"Sep 29, 2023, 10:57:34 PM",Stairs run,Run,"",433,0.81,168.0,13,false,,HOKA Clifton 8,activities/10658532429.fit.gz,,,433.0,421.0,809.1,4.472,1.922,0.0,1.4,90.2,91.8,4.8,-0.2,,,,,,158.0,,,71.0,,,13.0,,,,,,,,,,,0.0,,0.0,,1.0,808.3,,,,,,,,,,,,,,,,14035992.0,,,,,,,,,,0.0,1.869,0.0,,,,,,,,,,,,,,,,,""
9945651501,"Sep 29, 2023, 10:30:28 PM",Afternoon Run,Run,,1594,4.84,175.0,65,false,,HOKA Clifton 8,activities/10658533167.fit.gz,,,1594.0,1594.0,4844.7,4.61,3.039,2.0,8.8,89.0,97.6,5.4,-0.1,,,,,,165.0,,,280.0,,,65.0,,,,,,,,,,,,,0.0,,1.0,4850.9,,,,,,,,,,,,,,,,14035992.0,,,,,,,,,,0.0,3.039,0.0,,,,,,,,,,,,,,,,,""
9945953760,"Sep 30, 2023, 12:03:25 AM",Exploratorium walk,Walk,"",1592,2.25,138.0,4,false,,,activities/10658848385.fit.gz,,,1592.0,1592.0,2252.4,2.629,1.415,4.2,91.6,3.2,90.8,11.0,-3.9,,,,,,108.0,,,99.0,,,4.0,,,,,,,,,,,0.0,,0.0,,1.0,,,,,,,,,,,,,,,,,,,,,,,,,,,0.0,1.415,0.0,,,,,,,,,,,,,,,,,""
9951392058,"Sep 30, 2023, 5:53:58 PM",Didn’t wake up in time for long run,Run,"",3742,9.08,172.0,79,false,,HOKA Clifton 8,activities/10664529618.fit.gz,,,3742.0,3642.0,9079.2,4.482,2.493,109.4,109.4,3.2,95.8,23.1,-0.1,,,,,,148.0,,,561.0,,,79.0,,,,,,,,,,,0.0,,0.0,,1.0,9246.4,,,,,,,,,,,,,,,,14035992.0,,,,,,,,,,0.0,2.426,188.2,,,,,,,,,,,,,,,,,""
9951736255,"Sep 30, 2023, 8:42:59 PM",Afternoon Walk,Walk,,307,1.43,109.0,0,false,,,activities/10664891575.fit.gz,,,307.0,307.0,1433.9,2.264,4.671,0.0,11.4,41.6,53.0,5.1,1.8,,,,,,103.0,,,83.0,,,0.0,,,,,,,,,,,,,0.0,,1.0,,,,,,,,,,,,,,,,,,,,,,,,,,,0.0,4.671,255.3,,,,,,,,,,,,,,,,,""
9953141268,"Oct 1, 2023, 2:09:42 AM",Evening Walk,Walk,,1890,2.61,131.0,3,false,,,activities/10666373872.fit.gz,,,1890.0,1401.0,2609.1,2.452,1.862,42.4,14.6,32.4,60.8,13.8,4.4,,,,,,104.0,,,124.0,,,3.0,,,,,,,,,,,,,0.0,,1.0,,,,,,,,,,,,,,,,,,,,,,,,,,,0.0,1.38,0.0,,,,,,,,,,,,,,,,,""
9957718439,"Oct 1, 2023, 6:46:20 PM",Ride to Ray bday picnic,Ride,"",1238,4.74,176.0,14,false,,1996 Cannondale M200 SE,activities/10671180029.fit.gz,,11.793,1238.0,1175.0,4739.1,11.262,4.033,62.8,57.2,21.6,75.4,14.9,0.1,,,,,,133.0,,,100.0,,,14.0,,,,,,,,,,,0.0,,0.0,,1.0,,,,,,,,,,,,,,,,11490857.0,,,,,,,,,,,0.0,3.828,0.0,,,,,,,,,,,,,,,,,""
9957859375,"Oct 1, 2023, 8:20:22 PM",Ride to izu and Evan hayes,Ride,"",477,2.69,131.0,1,false,,1996 Cannondale M200 SE,activities/10671329554.fit.gz,,11.793,477.0,477.0,2695.2,10.114,5.65,5.2,57.4,25.0,77.8,13.2,-1.9,,,,,,112.0,,,42.0,,,1.0,,,,,,,,,,,0.0,,0.0,,1.0,,,,,,,,,,,,,,,,11490857.0,,,,,,,,,,,0.0,5.65,0.0,,,,,,,,,,,,,,,,,""
9959141663,"Oct 1, 2023, 11:04:33 PM",Afternoon Tennis,Workout,,5379,0,174.0,70,false,,,activities/10672741954.fit.gz,,,5379.0,5379.0,0.0,0.0,0.0,0.0,0.0,0.0,0.0,0.0,0.0,,,,,,138.0,,,680.0,,,70.0,,,,,,,,,,,,,0.0,,1.0,,,,,,,,,,,,,,,,,,,,,,,,,,,0.0,0.0,0.0,,,,,,,,,,,,,,,,,""
9959141705,"Oct 1, 2023, 10:01:58 PM",Ride to match and pick up snacks,Ride,"",1448,4.11,159.0,6,false,,1996 Cannondale M200 SE,activities/10672741992.fit.gz,,11.793,1448.0,1103.0,4111.0,8.158,3.727,64.0,16.8,25.2,78.8,14.4,1.1,,,,,,124.0,,,91.0,,,6.0,,,,,,,,,,,0.0,,0.0,,1.0,,,,,,,,,,,,,,,,11490857.0,,,,,,,,,,,0.0,2.839,0.0,,,,,,,,,,,,,,,,,""
9959233936,"Oct 2, 2023, 12:58:34 AM",Afternoon Ride,Ride,,1679,6.59,147.0,7,false,,1996 Cannondale M200 SE,activities/10672843017.fit.gz,,11.793,1679.0,1622.0,6596.7,14.067,4.067,87.4,87.4,19.0,95.8,17.8,0.2,,,,,,120.0,,,142.0,,,7.0,,,,,,,,,,,,,0.0,,1.0,,,,,,,,,,,,,,,,11490857.0,,,,,,,,,,,0.0,3.929,0.0,,,,,,,,,,,,,,,,,""
9963344421,"Oct 2, 2023, 4:48:21 PM",Ride to replicate x mindsDB x coffee,Ride,"",2047,7.39,157.0,6,false,,1996 Cannondale M200 SE,activities/10677176797.fit.gz,,11.793,2047.0,1717.0,7389.5,8.364,4.304,21.6,85.8,6.6,73.2,11.2,-0.9,,,,,,109.0,,,111.0,,,6.0,,,,,,,,,,,0.0,,0.0,,1.0,,,,,,,,,,,,,,,,11490857.0,,,,,,,,,,,0.0,3.61,0.0,,,,,,,,,,,,,,,,,""
9964055242,"Oct 2, 2023, 6:47:07 PM",Ride to lunch w/ wombmate,Ride,"",994,3.65,146.0,6,false,,1996 Cannondale M200 SE,activities/10677913210.fit.gz,,11.793,994.0,958.0,3649.3,6.97,3.809,33.4,24.8,7.0,35.0,11.0,0.2,,,,,,128.0,,,76.0,,,6.0,,,,,,,,,,,0.0,,0.0,,1.0,,,,,,,,,,,,,,,,11490857.0,,,,,,,,,,,0.0,3.671,0.0,,,,,,,,,,,,,,,,,""
9964570487,"Oct 2, 2023, 8:29:28 PM",Zoom zoom ride to daizen + Corey,Ride,"",671,2.76,130.0,2,false,,1996 Cannondale M200 SE,activities/10678451150.fit.gz,,11.793,671.0,671.0,2763.1,15.42,4.118,0.0,36.2,4.6,41.0,4.3,-1.3,,,,,,115.0,,,41.0,,,2.0,,,,,,,,,,,0.0,,0.0,,1.0,,,,,,,,,,,,,,,,11490857.0,,,,,,,,,,,0.0,4.118,0.0,,,,,,,,,,,,,,,,,""
9969215399,"Oct 3, 2023, 3:24:04 PM",Morning Walk,Walk,,1174,1.54,119.0,2,false,,,activities/10683314477.fit.gz,,,1174.0,1069.0,1542.1,2.858,1.443,0.0,26.6,4.4,31.2,2.5,-1.7,,,,,,93.0,,,68.0,,,2.0,,,,,,,,,,,,,0.0,,1.0,,,,,,,,,,,,,,,,,,,,,,,,,,,0.0,1.314,0.0,,,,,,,,,,,,,,,,,""
9972295491,"Oct 4, 2023, 12:11:39 AM",Afternoon Walk,Walk,,638,1.83,109.0,1,false,,,activities/10686499362.fit.gz,,,638.0,614.0,1837.7,3.016,2.993,20.6,-0.2,11.4,32.2,11.0,2.7,,,,,,97.0,,,75.0,,,1.0,,,,,,,,,,,,,0.0,,1.0,,,,,,,,,,,,,,,,,,,,,,,,,,,0.0,2.88,0.0,,,,,,,,,,,,,,,,,""
9978415687,"Oct 4, 2023, 11:32:35 PM",Afternoon Walk,Walk,,491,1.68,120.0,1,false,,,activities/10692877226.fit.gz,,,491.0,491.0,1679.3,2.129,3.42,20.2,0.0,11.6,31.8,12.0,3.5,,,,,,105.0,,,81.0,,,1.0,,,,,,,,,,,,,0.0,,1.0,,,,,,,,,,,,,,,,,,,,,,,,,,,0.0,3.42,0.0,,,,,,,,,,,,,,,,,""
9978415707,"Oct 4, 2023, 4:46:49 PM",Morning Walk,Walk,,1439,1.51,122.0,2,false,,,activities/10692877212.fit.gz,,,1439.0,1080.0,1509.1,3.646,1.397,0.0,31.8,4.2,36.6,7.6,-2.1,,,,,,96.0,,,72.0,,,2.0,,,,,,,,,,,,,0.0,,1.0,,,,,,,,,,,,,,,,,,,,,,,,,,,0.0,1.049,0.0,,,,,,,,,,,,,,,,,""
9978761027,"Oct 5, 2023, 1:02:04 AM",Evening Weight Training,Weight Training,,1058,0,166.0,12,false,,,activities/10693233781.fit.gz,,,1058.0,1058.0,0.0,0.0,0.0,0.0,0.0,0.0,0.0,0.0,0.0,,,,,,134.0,,,121.0,,,12.0,,,,,,,,,,,,,0.0,,1.0,,,,,,,,,,,,,,,,,,,,,,,,,,,0.0,0.0,0.0,,,,,,,,,,,,,,,,,""
9978761085,"Oct 5, 2023, 12:34:10 AM",Afternoon Elliptical,Elliptical,,1635,0,145.0,5,false,,,activities/10693233789.fit.gz,,,1635.0,1635.0,0.0,0.0,0.0,0.0,0.0,0.0,0.0,0.0,0.0,,,,,,115.0,,,153.0,,,5.0,,,,,,,,,,,,,0.0,,1.0,,,,,,,,,,,,,,,,,,,,,,,,,,,0.0,0.0,0.0,,,,,,,,,,,,,,,,,""
9983059990,"Oct 5, 2023, 5:31:13 PM",Morning Walk,Walk,,1345,1.69,116.0,2,false,,,activities/10697726453.fit.gz,,,1345.0,1256.0,1696.6,2.818,1.351,0.0,32.4,4.6,38.2,25.5,-1.9,,,,,,93.0,,,73.0,,,2.0,,,,,,,,,,,,,0.0,,1.0,,,,,,,,,,,,,,,,,,,,,,,,,,,0.0,1.261,0.0,,,,,,,,,,,,,,,,,""
9984885996,"Oct 5, 2023, 11:16:45 PM",Post-leg day x post-summit run rip,Run,"Rule of 3rds, blue angels nice",5483,11.27,177.0,118,false,,HOKA Clifton 8,activities/10699610956.fit.gz,,,5483.0,4669.0,11274.3,4.409,2.415,95.4,97.4,3.0,95.4,42.2,-0.1,,,,,,154.0,,,676.0,,,118.0,,,,,,,,,,,0.0,,0.0,,1.0,11473.1,,,,,,,,,,,,,,,,14035992.0,,,,,,,,,,0.0,2.056,2502.6,,,,,,,,,,,,,,,,,""
9988316575,"Oct 6, 2023, 3:49:44 PM",Morning Ride,Ride,,985,3.85,124.0,2,false,,1996 Cannondale M200 SE,activities/10703201986.fit.gz,,11.793,985.0,905.0,3855.5,9.654,4.26,17.4,20.4,6.8,23.6,7.1,-0.1,,,,,,107.0,,,78.0,,,2.0,,,,,,,,,,,,,0.0,,1.0,,,,,,,,,,,,,,,,11490857.0,,,,,,,,,,,0.0,3.914,0.0,,,,,,,,,,,,,,,,,""
9990831783,"Oct 7, 2023, 1:28:54 AM",Post-mindsDB run,Run,"Again, rule of thirds",6802,13.19,177.0,137,false,,HOKA Clifton 8,activities/10705821953.fit.gz,,,6802.0,5426.0,13197.2,4.975,2.432,200.4,200.4,38.6,91.0,41.3,-0.2,,,,,,150.0,,,824.0,,,137.0,,,,,,,,,,,0.0,,0.0,,1.0,14982.0,,,,,,,,,,,,,,,,14035992.0,,,,,,,,,,0.0,1.94,175.4,,,,,,,,,,,,,,,,,""
9995969243,"Oct 7, 2023, 7:40:39 PM",Lunch Walk,Walk,,811,0.72,127.0,1,false,,,activities/10711183692.fit.gz,,,811.0,494.0,724.5,2.271,1.467,4.0,4.0,55.2,96.2,10.7,-5.1,,,,,,106.0,,,44.0,,,1.0,,,,,,,,,,,,,0.0,,1.0,,,,,,,,,,,,,,,,,,,,,,,,,,,0.0,0.893,0.0,,,,,,,,,,,,,,,,,""
9996478830,"Oct 7, 2023, 10:15:24 PM",Late to tennis ride,Ride,"",1425,5.56,180.0,26,false,,1996 Cannondale M200 SE,activities/10711718505.fit.gz,,11.793,1425.0,1386.0,5565.1,9.266,4.015,68.4,63.4,22.0,79.2,18.0,0.1,,,,,,143.0,,,130.0,,,26.0,,,,,,,,,,,0.0,,0.0,,1.0,,,,,,,,,,,,,,,,11490857.0,,,,,,,,,,,0.0,3.905,0.0,,,,,,,,,,,,,,,,,""
9996864806,"Oct 7, 2023, 11:21:15 PM",Afternoon Tennis,Workout,,4832,0,182.0,90,false,,,activities/10712121748.fit.gz,,,4832.0,4832.0,0.0,0.0,0.0,0.0,0.0,0.0,0.0,0.0,0.0,,,,,,147.0,,,660.0,,,90.0,,,,,,,,,,,,,0.0,,1.0,,,,,,,,,,,,,,,,,,,,,,,,,,,0.0,0.0,0.0,,,,,,,,,,,,,,,,,""
9997058011,"Oct 8, 2023, 1:26:22 AM",Evening Ride,Ride,,1796,6.30,175.0,19,false,,1996 Cannondale M200 SE,activities/10712324864.fit.gz,,11.793,1796.0,1648.0,6299.8,9.74,3.823,86.2,86.2,19.8,95.8,17.8,0.3,,,,,,135.0,,,161.0,,,19.0,,,,,,,,,,,,,0.0,,1.0,,,,,,,,,,,,,,,,11490857.0,,,,,,,,,,,0.0,3.508,0.0,,,,,,,,,,,,,,,,,""
10003285527,"Oct 8, 2023, 9:04:21 PM",Giant game of zombie tag,Run,Lfg,2290,2.49,182.0,7,false,,HOKA Clifton 8,activities/10718853131.fit.gz,,,2290.0,2290.0,2493.6,4.73,1.089,18.0,18.0,74.0,80.4,16.8,0.0,,,,,,126.0,,,141.0,,,7.0,,,,,,,,,,,0.0,,0.0,,1.0,2027.4,,,,,,,,,,,,,,,,14035992.0,,,,,,,,,,0.0,1.089,0.0,,,,,,,,,,,,,,,,,media/3197D036-D2C0-4F79-B71E-400F89A553E6.jpg
10003406743,"Oct 8, 2023, 10:17:54 PM",End of zombie tag,Run,"",804,1.51,152.0,13,false,,HOKA Clifton 8,activities/10718979912.fit.gz,,,804.0,804.0,1518.3,4.736,1.888,14.6,50.4,40.0,82.6,16.0,-2.4,,,,,,144.0,,,76.0,,,13.0,,,,,,,,,,,0.0,,0.0,,1.0,1495.4,,,,,,,,,,,,,,,,14035992.0,,,,,,,,,,0.0,1.888,822.1,,,,,,,,,,,,,,,,,media/16277F51-B6C4-4357-A44B-F4A9D3CF7FA0.mp4
10007865201,"Oct 9, 2023, 5:50:09 PM",Morning Walk,Walk,,1314,1.61,143.0,2,false,,,activities/10723638448.fit.gz,,,1314.0,487.0,1615.7,9.926,3.318,43.4,2.2,51.0,94.4,26.0,5.2,,,,,,119.0,,,99.0,,,2.0,,,,,,,,,,,,,0.0,,1.0,,,,,,,,,,,,,,,,,,,,,,,,,,,0.0,1.23,0.0,,,,,,,,,,,,,,,,,""
10009849341,"Oct 10, 2023, 1:07:59 AM",9.5 1st set before it rained,Workout,"",2752,0,157.0,15,false,,,activities/10725686546.fit.gz,,,2752.0,2752.0,0.0,0.0,0.0,0.0,0.0,0.0,0.0,0.0,0.0,,,,,,126.0,,,296.0,,,15.0,,,,,,,,,,,0.0,,0.0,,1.0,,,,,,,,,,,,,,,,,,,,,,,,,,,0.0,0.0,0.0,,,,,,,,,,,,,,,,,""
10013256073,"Oct 10, 2023, 3:27:16 PM",Morning Walk,Walk,,744,1.54,111.0,0,false,,,activities/10729232924.fit.gz,,,744.0,316.0,1546.4,3.861,4.894,4.4,2.8,17.8,22.2,6.8,0.4,,,,,,98.0,,,69.0,,,0.0,,,,,,,,,,,,,0.0,,1.0,,,,,,,,,,,,,,,,,,,,,,,,,,,0.0,2.078,0.0,,,,,,,,,,,,,,,,,""
10022873009,"Oct 11, 2023, 9:45:46 PM",Afternoon Run,Run,,2441,5.98,172.0,70,false,,HOKA Clifton 8,activities/10739168705.fit.gz,,,2441.0,2432.0,5985.3,6.808,2.461,59.4,59.4,44.2,98.6,11.6,-0.4,,,,,,158.0,,,363.0,,,70.0,,,,,,,,,,,,,0.0,,1.0,6023.7,,,,,,,,,,,,,,,,14035992.0,,,,,,,,,,0.0,2.452,0.0,,,,,,,,,,,,,,,,,""
10022873036,"Oct 12, 2023, 1:15:23 AM",Evening Run,Run,,2418,5.85,174.0,71,false,,HOKA Clifton 8,activities/10739168734.fit.gz,,,2418.0,2386.0,5855.4,5.368,2.454,93.2,93.2,22.6,94.6,19.1,0.3,,,,,,158.0,,,365.0,,,71.0,,,,,,,,,,,,,0.0,,1.0,6066.5,,,,,,,,,,,,,,,,14035992.0,,,,,,,,,,0.0,2.422,0.0,,,,,,,,,,,,,,,,,""
10033630875,"Oct 13, 2023, 12:41:35 AM",Afternoon Walk,Walk,,1188,1.48,114.0,3,false,,,activities/10750349484.fit.gz,,,1188.0,1188.0,1480.5,2.185,1.246,25.8,11.8,73.8,88.2,27.5,1.0,,,,,,100.0,,,69.0,,,3.0,,,,,,,,,,,,,0.0,,1.0,,,,,,,,,,,,,,,,,,,,,,,,,,,0.0,1.246,129.4,,,,,,,,,,,,,,,,,""
10033632453,"Oct 13, 2023, 8:54:56 PM",Great highway run,Run,Modified. Hard in middle,10410,25.75,177.0,292,false,,HOKA Clifton 8,activities/10750350943.fit.gz,,,10410.0,10186.0,25756.3,8.466,2.529,229.4,229.4,7.6,95.6,22.5,-0.2,,,,,,156.0,,,1547.0,,,292.0,,,,,,,,,,,0.0,,0.0,,1.0,26113.0,,,,,,,,,,,,,,,,14035992.0,,,,,,,,,,0.0,2.474,1413.4,,,,,,,,,,,,,,,,,media/1A17070F-3B90-4746-89F5-C02D5D5CB3AD.mp4
10038832162,"Oct 14, 2023, 6:06:40 PM",Lunch Walk,Walk,,1965,2.32,151.0,5,false,,,activities/10755768055.fit.gz,,,1965.0,1905.0,2327.9,2.619,1.222,12.0,97.0,4.0,91.6,44.4,-3.7,,,,,,107.0,,,98.0,,,5.0,,,,,,,,,,,,,0.0,,1.0,,,,,,,,,,,,,,,,,,,,,,,,,,,0.0,1.185,0.0,,,,,,,,,,,,,,,,,""
10040206808,"Oct 15, 2023, 12:51:32 AM",Run to decorated house pre-bar,Run,"",4865,10.72,171.0,81,false,,HOKA Clifton 8,activities/10757211010.fit.gz,,,4865.0,4557.0,10725.2,4.154,2.354,206.8,206.8,23.6,146.0,23.6,-0.4,,,,,,147.0,,,687.0,,,81.0,,,,,,,,,,,0.0,,0.0,,1.0,11200.9,,,,,,,,,,,,,,,,14035992.0,,,,,,,,,,0.0,2.205,0.0,,,,,,,,,,,,,,,,,media/4F39E717-26B7-4966-8619-1DECB0E0C017.mp4
10045708611,"Oct 15, 2023, 7:25:08 PM",Lunch Walk,Walk,,1078,1.45,122.0,2,false,,,activities/10762954134.fit.gz,,,1078.0,1010.0,1456.0,2.49,1.442,0.0,66.6,28.4,95.0,7.5,-4.6,,,,,,102.0,,,58.0,,,2.0,,,,,,,,,,,,,0.0,,1.0,,,,,,,,,,,,,,,,,,,,,,,,,,,0.0,1.351,0.0,,,,,,,,,,,,,,,,,""
10046430542,"Oct 15, 2023, 9:36:10 PM",Afternoon Tennis,Workout,,6701,0,171.0,53,false,,,activities/10763707867.fit.gz,,,6701.0,6701.0,0.0,0.0,0.0,0.0,0.0,0.0,0.0,0.0,0.0,,,,,,130.0,,,732.0,,,53.0,,,,,,,,,,,,,0.0,,1.0,,,,,,,,,,,,,,,,,,,,,,,,,,,0.0,0.0,0.0,,,,,,,,,,,,,,,,,""
10046533926,"Oct 15, 2023, 11:49:37 PM",Afternoon Walk,Walk,,1449,1.96,149.0,5,false,,,activities/10763816054.fit.gz,,,1449.0,1434.0,1964.5,2.592,1.37,89.4,5.6,4.2,93.6,25.4,4.3,,,,,,118.0,,,133.0,,,5.0,,,,,,,,,,,,,0.0,,1.0,,,,,,,,,,,,,,,,,,,,,,,,,,,0.0,1.356,0.0,,,,,,,,,,,,,,,,,""
10052221187,"Oct 17, 2023, 12:45:30 AM",Run to tennis practice,Run,"",661,1.85,166.0,15,false,,HOKA Clifton 8,activities/10769729505.fit.gz,,,661.0,661.0,1855.3,4.5,2.807,0.0,101.6,5.4,108.4,26.7,-5.5,,,,,,152.0,,,106.0,,,15.0,,,,,,,,,,,0.0,,0.0,,1.0,1749.9,,,,,,,,,,,,,,,,14035992.0,,,,,,,,,,0.0,2.807,0.0,,,,,,,,,,,,,,,,,""
10052552414,"Oct 17, 2023, 1:07:13 AM",Evening Tennis,Workout,,5769,0,164.0,32,false,,,activities/10770075854.fit.gz,,,5769.0,5769.0,0.0,0.0,0.0,0.0,0.0,0.0,0.0,0.0,0.0,,,,,,120.0,,,582.0,,,32.0,,,,,,,,,,,,,0.0,,1.0,,,,,,,,,,,,,,,,,,,,,,,,,,,0.0,0.0,0.0,,,,,,,,,,,,,,,,,""
10052552458,"Oct 17, 2023, 3:02:53 AM",Lost tiebreaker so run home,Run,Hill nooo,974,1.97,170.0,24,false,,HOKA Clifton 8,activities/10770075868.fit.gz,,,974.0,974.0,1974.3,6.388,2.027,92.8,9.0,4.6,93.4,42.2,4.3,,,,,,151.0,,,139.0,,,24.0,,,,,,,,,,,0.0,,0.0,,1.0,2416.6,,,,,,,,,,,,,,,,14035992.0,,,,,,,,,,0.0,2.027,0.0,,,,,,,,,,,,,,,,,""
10063400880,"Oct 18, 2023, 7:43:55 PM",Ride to mindsDB I’m not bailing,Ride,"",876,3.53,124.0,2,false,,1996 Cannondale M200 SE,activities/10781346051.fit.gz,,11.793,876.0,785.0,3533.5,9.244,4.501,3.4,53.6,8.6,60.6,11.8,-1.4,,,,,,103.0,,,60.0,,,2.0,,,,,,,,,,,0.0,,0.0,,1.0,,,,,,,,,,,,,,,,11490857.0,,,,,,,,,,,0.0,4.034,0.0,,,,,,,,,,,,,,,,,""
10064754242,"Oct 19, 2023, 12:50:23 AM",Afternoon Run,Run,,3897,9.66,181.0,117,false,,HOKA Clifton 8,activities/10782735608.fit.gz,,,3897.0,3897.0,9667.5,4.748,2.481,87.4,87.4,3.0,94.0,35.0,-0.4,,,,,,159.0,,,583.0,,,117.0,,,,,,,,,,,,,0.0,,1.0,9750.4,,,,,,,,,,,,,,,,14035992.0,,,,,,,,,,0.0,2.481,0.0,,,,,,,,,,,,,,,,,""
10064923361,"Oct 18, 2023, 11:40:46 PM",Afternoon Ride,Ride,,1702,4.89,159.0,11,false,,1996 Cannondale M200 SE,activities/10782911424.fit.gz,,11.793,1702.0,1559.0,4889.0,7.068,3.136,93.0,93.0,7.4,95.6,17.2,1.7,,,,,,123.0,,,107.0,,,11.0,,,,,,,,,,,,,0.0,,1.0,,,,,,,,,,,,,,,,11490857.0,,,,,,,,,,,0.0,2.873,0.0,,,,,,,,,,,,,,,,,""
10070035733,"Oct 19, 2023, 11:56:20 PM",Haircut ride to heavybit event,Ride,"",1419,5.01,169.0,14,false,,1996 Cannondale M200 SE,activities/10788213366.fit.gz,,11.793,1419.0,1311.0,5016.7,11.328,3.827,29.8,54.4,4.0,38.8,11.2,-0.5,,,,,,133.0,,,91.0,,,14.0,,,,,,,,,,,0.0,,0.0,,1.0,,,,,,,,,,,,,,,,11490857.0,,,,,,,,,,,0.0,3.535,0.0,,,,,,,,,,,,,,,,,""
10070035741,"Oct 19, 2023, 5:16:59 PM",Morning Walk,Walk,,1444,1.81,124.0,4,false,,,activities/10788213376.fit.gz,,,1444.0,1444.0,1818.4,3.57,1.259,0.0,101.0,4.6,105.8,4.2,-5.6,,,,,,108.0,,,76.0,,,4.0,,,,,,,,,,,,,0.0,,1.0,,,,,,,,,,,,,,,,,,,,,,,,,,,0.0,1.259,0.0,,,,,,,,,,,,,,,,,""
10070243126,"Oct 20, 2023, 1:04:58 AM",Ride post-happy hr,E-Bike Ride,Hi Peter on the best coast,1292,6.99,150.0,5,false,,1996 Cannondale M200 SE,activities/10788428182.fit.gz,,11.793,1292.0,1261.0,6994.6,14.52,5.547,54.2,22.4,3.0,49.8,16.7,0.5,,,,,,120.0,,,164.0,,,5.0,,,,,,,,,,,0.0,,0.0,,1.0,,,,,,,,,,,,,,,,11490857.0,,,,,,,,,,,0.0,5.414,74.1,,,,,,,,,,,,,,,,,""
10070654675,"Oct 20, 2023, 4:51:08 AM",Night Weight Training,Weight Training,,601,0,118.0,1,false,,,activities/10788861345.fit.gz,,,601.0,601.0,0.0,0.0,0.0,0.0,0.0,0.0,0.0,0.0,0.0,,,,,,97.0,,,35.0,,,1.0,,,,,,,,,,,,,0.0,,1.0,,,,,,,,,,,,,,,,,,,,,,,,,,,0.0,0.0,0.0,,,,,,,,,,,,,,,,,""
10073850674,"Oct 20, 2023, 6:49:48 PM",Run to new Yemeni coffee shop,Run,Backpack,423,1.11,129.0,1,false,,HOKA Clifton 8,activities/10792213494.fit.gz,,,423.0,417.0,1118.9,4.072,2.683,14.2,14.2,49.0,95.4,41.7,-2.8,,,,,,129.0,,,69.0,,,1.0,,,,,,,,,,,0.0,,0.0,,1.0,1084.4,,,,,,,,,,,,,,,,14035992.0,,,,,,,,,,0.0,2.645,0.0,,,,,,,,,,,,,,,,,""
10074161379,"Oct 20, 2023, 8:38:30 PM",Coffee to diptyque/shop run,Run,Backpack to Fillmore,364,0.95,,,false,,HOKA Clifton 8,activities/10792536227.fit.gz,,,364.0,364.0,953.2,4.696,2.619,2.6,22.6,50.2,72.8,6.9,-2.1,,,,,,,,,53.0,,,,,,,,,,,,,,0.0,,0.0,,1.0,918.5,,,,,,,,,,,,,,,,14035992.0,,,,,,,,,,0.0,2.619,0.0,,,,,,,,,,,,,,,,,""
10074407682,"Oct 20, 2023, 9:30:15 PM",diptyque to musubi to library run,Run,Backpack,1765,3.32,175.0,21,false,,HOKA Clifton 8,activities/10792790852.fit.gz,,,1765.0,1657.0,3321.6,4.628,2.005,102.8,131.2,57.0,96.4,40.2,-0.9,,,,,,139.0,,,229.0,,,21.0,,,,,,,,,,,0.0,,0.0,,1.0,3704.4,,,,,,,,,,,,,,,,14035992.0,,,,,,,,,,0.0,1.882,0.0,,,,,,,,,,,,,,,,,""
10075221578,"Oct 21, 2023, 12:30:24 AM",Afternoon Tennis,Workout,,6870,0,176.0,85,false,,,activities/10793639813.fit.gz,,,6870.0,6870.0,0.0,0.0,0.0,0.0,0.0,0.0,0.0,0.0,0.0,,,,,,140.0,,,870.0,,,85.0,,,,,,,,,,,,,0.0,,1.0,,,,,,,,,,,,,,,,,,,,,,,,,,,0.0,0.0,0.0,,,,,,,,,,,,,,,,,""
10081412348,"Oct 22, 2023, 3:31:34 AM",Evening Weight Training,Weight Training,,1502,0,160.0,12,false,,,activities/10800090668.fit.gz,,,1502.0,1502.0,0.0,0.0,0.0,0.0,0.0,0.0,0.0,0.0,0.0,,,,,,131.0,,,162.0,,,12.0,,,,,,,,,,,,,0.0,,1.0,,,,,,,,,,,,,,,,,,,,,,,,,,,0.0,0.0,0.0,,,,,,,,,,,,,,,,,""
10081412349,"Oct 22, 2023, 2:30:38 AM",Evening Elliptical,Elliptical,,3603,0,143.0,15,false,,,activities/10800090667.fit.gz,,,3603.0,3603.0,0.0,0.0,0.0,0.0,0.0,0.0,0.0,0.0,0.0,,,,,,128.0,,,396.0,,,15.0,,,,,,,,,,,,,0.0,,1.0,,,,,,,,,,,,,,,,,,,,,,,,,,,0.0,0.0,0.0,,,,,,,,,,,,,,,,,""
10086227931,"Oct 22, 2023, 5:13:37 PM",Morning Run to Sarah,Run,"",1395,3.37,169.0,39,false,"",HOKA Clifton 8,activities/10805110064.fit.gz,,,1395.0,1356.0,3377.4,4.676,2.491,41.6,41.6,25.6,103.8,20.3,-1.3,,,,,,157.0,,,204.0,,,39.0,,,,,,,,,,,,,0.0,,1.0,3393.9,,,,,,,,,,,,,,,,14035992.0,,,,,,,,,,0.0,2.421,0.0,,,,,,,,,,,,,,,,,""
10086661480,"Oct 22, 2023, 6:28:27 PM",Pink band society run,Run,"",2674,5.96,165.0,51,false,,HOKA Clifton 8,activities/10805563265.fit.gz,,,2674.0,2674.0,5968.6,3.129,2.232,53.8,66.4,46.4,81.4,10.3,-0.2,,,,,,148.0,,,350.0,,,51.0,,,,,,,,,,,0.0,,0.0,,1.0,6019.8,,,,,,,,,,,,,,,,14035992.0,,,,,,,,,,0.0,2.232,487.7,,,,,,,,,,,,,,,,,media/FB9984EE-0635-48C4-A169-958409528612.jpg
10087243788,"Oct 22, 2023, 8:04:32 PM",post-taiwanese food 10-mile run,Run,"",6984,16.10,172.0,222,false,"",HOKA Clifton 8,activities/10806173697.fit.gz,,,6984.0,6902.0,16102.4,4.142,2.333,179.4,186.8,3.2,97.8,24.8,0.0,,,,,,160.0,,,1020.0,,,222.0,,,,,,,,,,,,,0.0,,1.0,16521.7,,,,,,,,,,,,,,,,14035992.0,,,,,,,,,,0.0,2.306,63.1,,,,,,,,,,,,,,,,,""
10092552107,"Oct 23, 2023, 7:50:33 PM",Lunch Run,Run,,1107,2.90,174.0,20,false,,HOKA Clifton 8,activities/10811734223.fit.gz,,,1107.0,1107.0,2899.9,7.128,2.62,67.4,162.8,8.6,105.6,47.9,-3.3,,,,,,147.0,,,159.0,,,20.0,,,,,,,,,,,,,0.0,,1.0,3086.3,,,,,,,,,,,,,,,,14035992.0,,,,,,,,,,0.0,2.62,0.0,,,,,,,,,,,,,,,,,""
10092739639,"Oct 23, 2023, 10:02:16 PM",Afternoon Run,Run,,789,1.61,168.0,18,false,,HOKA Clifton 8,activities/10811926629.fit.gz,,,789.0,789.0,1611.5,4.094,2.042,62.0,3.6,7.0,66.0,29.1,3.7,,,,,,154.0,,,106.0,,,18.0,,,,,,,,,,,,,0.0,,1.0,1859.0,,,,,,,,,,,,,,,,14035992.0,,,,,,,,,,0.0,2.042,0.0,,,,,,,,,,,,,,,,,""
10093440026,"Oct 24, 2023, 12:42:12 AM",Afternoon Walk,Walk,,1019,1.66,137.0,4,false,,,activities/10812649431.fit.gz,,,1019.0,1019.0,1667.1,3.632,1.636,0.0,84.4,4.4,89.6,4.6,-5.1,,,,,,124.0,,,117.0,,,4.0,,,,,,,,,,,,,0.0,,1.0,,,,,,,,,,,,,,,,,,,,,,,,,,,0.0,1.636,0.0,,,,,,,,,,,,,,,,,""
10093629763,"Oct 24, 2023, 1:05:33 AM",Evening Tennis,Workout,,5039,0,160.0,24,false,,,activities/10812846877.fit.gz,,,5039.0,5039.0,0.0,0.0,0.0,0.0,0.0,0.0,0.0,0.0,0.0,,,,,,121.0,,,509.0,,,24.0,,,,,,,,,,,,,0.0,,1.0,,,,,,,,,,,,,,,,,,,,,,,,,,,0.0,0.0,0.0,,,,,,,,,,,,,,,,,""
10096601448,"Oct 24, 2023, 3:02:18 PM",Morning Walk,Walk,,1813,2.37,109.0,3,false,,,activities/10815941187.fit.gz,,,1813.0,1587.0,2374.6,2.567,1.496,2.6,95.2,4.4,97.2,12.6,-4.0,,,,,,87.0,,,112.0,,,3.0,,,,,,,,,,,,,0.0,,1.0,,,,,,,,,,,,,,,,,,,,,,,,,,,0.0,1.31,0.0,,,,,,,,,,,,,,,,,""
10099526670,"Oct 25, 2023, 12:16:08 AM",Afternoon Walk,Walk,,2299,2.21,134.0,4,false,,,activities/10818954529.fit.gz,,,2299.0,1785.0,2215.1,4.133,1.241,90.0,-1.4,4.6,99.6,45.1,4.2,,,,,,97.0,,,138.0,,,4.0,,,,,,,,,,,,,0.0,,1.0,,,,,,,,,,,,,,,,,,,,,,,,,,,0.0,0.964,0.0,,,,,,,,,,,,,,,,,""
10099689061,"Oct 25, 2023, 1:34:32 AM",Evening Run,Run,,1539,3.22,162.0,29,false,,HOKA Clifton 8,activities/10819123419.fit.gz,,,1539.0,1539.0,3227.9,3.604,2.097,9.8,15.2,89.2,97.0,7.3,-0.2,,,,,,148.0,,,222.0,,,29.0,,,,,,,,,,,,,0.0,,1.0,3225.9,,,,,,,,,,,,,,,,14035992.0,,,,,,,,,,0.0,2.097,0.0,,,,,,,,,,,,,,,,,""
10105658735,"Oct 26, 2023, 1:40:09 AM",Evening Tennis,Workout,,4876,0,171.0,35,false,,,activities/10825320937.fit.gz,,,4876.0,4876.0,0.0,0.0,0.0,0.0,0.0,0.0,0.0,0.0,0.0,,,,,,131.0,,,551.0,,,35.0,,,,,,,,,,,,,0.0,,1.0,,,,,,,,,,,,,,,,,,,,,,,,,,,0.0,0.0,0.0,,,,,,,,,,,,,,,,,""
10109801672,"Oct 26, 2023, 6:54:30 PM",Lunch Walk,Walk,,1151,1.80,126.0,4,false,,,activities/10829643455.fit.gz,,,1151.0,1134.0,1804.6,4.124,1.591,0.0,90.8,4.4,96.0,6.0,-5.1,,,,,,119.0,,,79.0,,,4.0,,,,,,,,,,,,,0.0,,1.0,,,,,,,,,,,,,,,,,,,,,,,,,,,0.0,1.568,0.0,,,,,,,,,,,,,,,,,""
10110296907,"Oct 26, 2023, 9:49:45 PM",Afternoon Ride,Ride,,984,4.59,122.0,2,false,,1996 Cannondale M200 SE,activities/10830153894.fit.gz,,11.793,984.0,953.0,4591.7,9.126,4.818,16.0,6.2,4.2,15.2,5.5,0.2,,,,,,111.0,,,88.0,,,2.0,,,,,,,,,,,,,0.0,,1.0,,,,,,,,,,,,,,,,11490857.0,,,,,,,,,,,0.0,4.666,74.0,,,,,,,,,,,,,,,,,""
10111167152,"Oct 27, 2023, 1:33:54 AM",Evening Tennis,Workout,,3766,0,172.0,73,false,,,activities/10831067868.fit.gz,,,3766.0,3766.0,0.0,0.0,0.0,0.0,0.0,0.0,0.0,0.0,0.0,,,,,,148.0,,,489.0,,,73.0,,,,,,,,,,,,,0.0,,1.0,,,,,,,,,,,,,,,,,,,,,,,,,,,0.0,0.0,0.0,,,,,,,,,,,,,,,,,""
10114847043,"Oct 27, 2023, 6:24:54 PM",Lunch Tennis,Workout,,3337,0,161.0,18,false,,,activities/10834915526.fit.gz,,,3337.0,3337.0,0.0,0.0,0.0,0.0,0.0,0.0,0.0,0.0,0.0,,,,,,126.0,,,349.0,,,18.0,,,,,,,,,,,,,0.0,,1.0,,,,,,,,,,,,,,,,,,,,,,,,,,,0.0,0.0,0.0,,,,,,,,,,,,,,,,,""
10119430508,"Oct 28, 2023, 2:00:06 AM",Koby dinner walk,Walk,"",1542,1.65,119.0,4,false,,,activities/10839722975.fit.gz,,,1542.0,1542.0,1650.6,7.914,1.07,0.0,0.0,0.0,0.0,0.0,0.0,,,,,,111.0,,,120.0,,,4.0,,,,,,,,,,,0.0,,0.0,,1.0,,,,,,,,,,,,,,,,,,,,,,,,,,,0.0,1.07,0.0,,,,,,,,,,,,,,,,,""
10121235310,"Oct 28, 2023, 7:50:22 PM",Tri-level tennis day 2 rip,Workout,"",4118,0,177.0,54,false,,,activities/10841615152.fit.gz,,,4118.0,4118.0,0.0,0.0,0.0,0.0,0.0,0.0,0.0,0.0,0.0,,,,,,138.0,,,523.0,,,54.0,,,,,,,,,,,0.0,,0.0,,1.0,,,,,,,,,,,,,,,,,,,,,,,,,,,0.0,0.0,0.0,,,,,,,,,,,,,,,,,""
10126862429,"Oct 29, 2023, 5:16:23 PM",Morning Run to Sarah,Run,"",1393,3.57,172.0,43,false,,HOKA Clifton 8,activities/10847523605.fit.gz,,,1393.0,1385.0,3569.0,4.05,2.577,44.2,44.2,23.8,96.8,16.2,-1.1,,,,,,159.0,,,218.0,,,43.0,,,,,,,,,,,0.0,,0.0,,1.0,3569.0,,,,,,,,,,,,,,,,14035992.0,,,,,,,,,,0.0,2.562,0.0,,,,,,,,,,,,,,,,,""
10127851561,"Oct 29, 2023, 5:46:35 PM",RIP halloweekend long bridge run,Run,Tired. Later miles hard. Run with Sarah on jfk. Presidio and bridge hills 😭,11316,25.76,183.0,372,false,,HOKA Clifton 8,activities/10848577148.fit.gz,,,11316.0,10798.0,25759.1,5.01,2.386,375.2,388.8,4.8,97.8,49.2,-0.1,,,,,,161.0,,,1630.0,,,372.0,,,,,,,,,,,0.0,,0.0,,1.0,26687.5,,,,,,,,,,,,,,,,14035992.0,,,,,,,,,,0.0,2.276,2148.5,,,,,,,,,,,,,,,,,media/AE471B7D-8148-425C-9F3F-1ECC2EDAEFB5.jpg|media/70EF9C22-8CF3-4027-AA15-055F16546EF3.jpg|media/C63C0756-8086-470D-BFDA-BAFA4C351D0C.jpg
10134021504,"Oct 30, 2023, 7:16:43 PM",Lunch Walk,Walk,,2016,2.11,113.0,3,false,,,activities/10855041293.fit.gz,,,2016.0,1508.0,2113.2,6.57,1.401,0.0,84.8,4.4,89.8,3.0,-4.1,,,,,,97.0,,,108.0,,,3.0,,,,,,,,,,,,,0.0,,1.0,,,,,,,,,,,,,,,,,,,,,,,,,,,0.0,1.048,0.0,,,,,,,,,,,,,,,,,""
10134273990,"Oct 31, 2023, 5:49:38 AM",Night HIIT,Workout,,1378,0,145.0,3,false,,,activities/10855309280.fit.gz,,,1378.0,1378.0,0.0,0.0,0.0,0.0,0.0,0.0,0.0,0.0,0.0,,,,,,99.0,,,98.0,,,3.0,,,,,,,,,,,,,0.0,,1.0,,,,,,,,,,,,,,,,,,,,,,,,,,,0.0,0.0,0.0,,,,,,,,,,,,,,,,,""
10139705201,"Nov 1, 2023, 2:02:44 AM","Post-coffee, pre-party",Run,"This felt really good, rest days are good",4749,12.88,173.0,125,false,,HOKA Clifton 8,activities/10860981859.fit.gz,,,4749.0,4593.0,12881.2,5.454,2.805,108.0,108.0,-0.6,96.6,38.7,-0.1,,,,,,154.0,,,769.0,,,125.0,,,,,,,,,,,0.0,,0.0,,1.0,13061.5,,,,,,,,,,,,,,,,14035992.0,,,,,,,,,,0.0,2.712,0.0,,,,,,,,,,,,,,,,,""
10144245226,"Nov 1, 2023, 7:45:14 PM",Lunch Run,Run,,338,0.91,155.0,2,false,,HOKA Clifton 8,activities/10865760927.fit.gz,,,338.0,338.0,913.0,4.466,2.701,10.0,10.0,52.4,92.6,11.9,-3.4,,,,,,124.0,,,56.0,,,2.0,,,,,,,,,,,,,0.0,,1.0,868.4,,,,,,,,,,,,,,,,14035992.0,,,,,,,,,,0.0,2.701,0.0,,,,,,,,,,,,,,,,,""
10144742087,"Nov 1, 2023, 9:25:22 PM",Afternoon Run,Run,,647,1.03,131.0,2,false,,HOKA Clifton 8,activities/10866277875.fit.gz,,,647.0,647.0,1037.9,3.706,1.604,46.6,46.6,54.4,97.2,28.6,2.6,,,,,,115.0,,,64.0,,,2.0,,,,,,,,,,,,,0.0,,1.0,1201.0,,,,,,,,,,,,,,,,14035992.0,,,,,,,,,,0.0,1.604,0.0,,,,,,,,,,,,,,,,,""
10145063962,"Nov 1, 2023, 10:36:46 PM",Afternoon Run,Run,,1795,4.84,163.0,47,false,,HOKA Clifton 8,activities/10866611146.fit.gz,,,1795.0,1779.0,4839.8,4.452,2.721,13.6,33.2,89.4,109.4,5.9,-0.4,,,,,,154.0,,,277.0,,,47.0,,,,,,,,,,,,,0.0,,1.0,4840.6,,,,,,,,,,,,,,,,14035992.0,,,,,,,,,,0.0,2.696,0.0,,,,,,,,,,,,,,,,,""
10145846804,"Nov 2, 2023, 1:31:55 AM",Evening Workout,Workout,,752,0,134.0,2,false,,,activities/10867435868.fit.gz,,,752.0,752.0,0.0,0.0,0.0,0.0,0.0,0.0,0.0,0.0,0.0,,,,,,125.0,,,76.0,,,2.0,,,,,,,,,,,,,0.0,,1.0,,,,,,,,,,,,,,,,,,,,,,,,,,,0.0,0.0,0.0,,,,,,,,,,,,,,,,,""
10149280297,"Nov 2, 2023, 6:42:15 PM",Lunch Walk,Walk,,1169,2.08,120.0,3,false,,,activities/10871038412.fit.gz,,,1169.0,1169.0,2083.4,3.564,1.782,3.0,101.0,4.6,103.0,10.6,-4.9,,,,,,104.0,,,107.0,,,3.0,,,,,,,,,,,,,0.0,,1.0,,,,,,,,,,,,,,,,,,,,,,,,,,,0.0,1.782,0.0,,,,,,,,,,,,,,,,,""
10149542624,"Nov 2, 2023, 7:06:48 PM",Lunch Tennis,Workout,,1912,0,164.0,19,false,,,activities/10871309201.fit.gz,,,1912.0,1912.0,0.0,0.0,0.0,0.0,0.0,0.0,0.0,0.0,0.0,,,,,,132.0,,,218.0,,,19.0,,,,,,,,,,,,,0.0,,1.0,,,,,,,,,,,,,,,,,,,,,,,,,,,0.0,0.0,0.0,,,,,,,,,,,,,,,,,""
10151067504,"Nov 3, 2023, 2:59:57 AM",Evening Walk,Walk,,1640,1.87,148.0,6,false,,,activities/10872911151.fit.gz,,,1640.0,1607.0,1878.0,2.934,1.169,94.4,5.4,3.8,94.0,36.5,4.8,,,,,,117.0,,,139.0,,,6.0,,,,,,,,,,,,,0.0,,1.0,,,,,,,,,,,,,,,,,,,,,,,,,,,0.0,1.145,0.0,,,,,,,,,,,,,,,,,""
10155577206,"Nov 3, 2023, 8:39:08 PM",Longish run bc weekend busy,Run,"RULE OF THIRDS idk why I’m sore, runner’s high kicked in around mile 11",9676,22.57,176.0,214,false,,HOKA Clifton 8,activities/10877643637.fit.gz,,,9676.0,9194.0,22573.3,5.026,2.455,224.4,222.4,6.8,95.8,21.6,-0.2,,,,,,152.0,,,1356.0,,,214.0,,,,,,,,,,,0.0,,0.0,,1.0,22916.9,,,,,,,,,,,,,,,,14035992.0,,,,,,,,,,0.0,2.333,2970.5,,,,,,,,,,,,,,,,,media/21CD5C09-458B-4684-AD47-DF4FC14A24F2.jpg
10162025757,"Nov 5, 2023, 3:03:33 AM",Evening Walk,Walk,,510,1.57,111.0,0,false,,,activities/10884431396.fit.gz,,,510.0,211.0,1575.5,2.35,7.467,6.8,-14.2,29.8,51.8,45.9,7.5,,,,,,104.0,,,73.0,,,0.0,,,,,,,,,,,,,0.0,,1.0,,,,,,,,,,,,,,,,,,,,,,,,,,,0.0,3.089,0.0,,,,,,,,,,,,,,,,,""
10162025965,"Nov 5, 2023, 12:06:09 AM",Koby bernal pre-dumplings post acceleratesf,Walk,"",2929,3.95,127.0,7,false,,,activities/10884431604.fit.gz,,,2929.0,2555.0,3957.7,2.2,1.549,102.2,132.2,67.0,151.0,43.8,-1.0,,,,,,106.0,,,251.0,,,7.0,,,,,,,,,,,0.0,,0.0,,1.0,,,,,,,,,,,,,,,,,,,,,,,,,,,0.0,1.351,1213.4,,,,,,,,,,,,,,,,,""
10168372565,"Nov 6, 2023, 1:43:13 AM",Afternoon Tennis,Workout,,2307,0,162.0,13,false,,,activities/10891107705.fit.gz,,,2307.0,2307.0,0.0,0.0,0.0,0.0,0.0,0.0,0.0,0.0,0.0,,,,,,122.0,,,228.0,,,13.0,,,,,,,,,,,,,0.0,,1.0,,,,,,,,,,,,,,,,,,,,,,,,,,,0.0,0.0,0.0,,,,,,,,,,,,,,,,,""
10168373334,"Nov 5, 2023, 5:59:12 PM",Morning Walk,Walk,,2368,3.20,144.0,7,false,,,activities/10891108558.fit.gz,,,2368.0,2050.0,3208.4,4.134,1.565,21.2,21.2,4.6,92.6,42.0,-2.6,,,,,,111.0,,,158.0,,,7.0,,,,,,,,,,,,,0.0,,1.0,,,,,,,,,,,,,,,,,,,,,,,,,,,0.0,1.355,0.0,,,,,,,,,,,,,,,,,""
10168427781,"Nov 6, 2023, 2:37:25 AM",Evening Walk,Walk,,2334,2.00,142.0,4,false,,,activities/10891168859.fit.gz,,,2334.0,1590.0,2000.4,3.892,1.258,93.8,4.2,3.2,94.6,21.0,4.5,,,,,,104.0,,,126.0,,,4.0,,,,,,,,,,,,,0.0,,1.0,,,,,,,,,,,,,,,,,,,,,,,,,,,0.0,0.857,0.0,,,,,,,,,,,,,,,,,""
10171312155,"Nov 6, 2023, 4:20:15 PM",Morning Ride,Ride,,695,3.07,145.0,2,false,,1996 Cannondale M200 SE,activities/10894220584.fit.gz,,11.793,695.0,695.0,3075.5,11.325,4.425,15.6,49.4,7.2,41.0,14.7,-1.1,,,,,,103.0,,,48.0,,,2.0,,,,,,,,,,,,,0.0,,1.0,,,,,,,,,,,,,,,,11490857.0,,,,,,,,,,,0.0,4.425,0.0,,,,,,,,,,,,,,,,,""
10173782884,"Nov 7, 2023, 12:33:30 AM",Afternoon Ride,Ride,,1240,4.08,165.0,17,false,,1996 Cannondale M200 SE,activities/10896777916.fit.gz,,11.793,1240.0,1191.0,4083.9,9.228,3.429,53.8,19.4,7.4,41.8,12.8,0.8,,,,,,138.0,,,80.0,,,17.0,,,,,,,,,,,,,0.0,,1.0,,,,,,,,,,,,,,,,11490857.0,,,,,,,,,,,0.0,3.293,0.0,,,,,,,,,,,,,,,,,""
10174108731,"Nov 7, 2023, 3:04:03 AM",Evening Run,Run,,332,0.84,144.0,0,false,,HOKA Clifton 8,activities/10897114978.fit.gz,,,332.0,332.0,845.0,3.952,2.545,0.0,18.0,20.4,38.4,2.8,8.3,,,,,,134.0,,,47.0,,,0.0,,,,,,,,,,,,,0.0,,1.0,-286.7,,,,,,,,,,,,,,,,14035992.0,,,,,,,,,,0.0,2.545,0.0,,,,,,,,,,,,,,,,,""
10178168252,"Nov 7, 2023, 6:26:04 PM",Long way ride,Ride,For the views and to also save my brake pads,1170,5.78,149.0,4,false,,1996 Cannondale M200 SE,activities/10901343036.fit.gz,,11.793,1170.0,1145.0,5779.4,11.46,5.048,27.0,82.8,2.6,60.2,25.2,-1.0,,,,,,114.0,,,106.0,,,4.0,,,,,,,,,,,0.0,,0.0,,1.0,,,,,,,,,,,,,,,,11490857.0,,,,,,,,,,,0.0,4.94,0.0,,,,,,,,,,,,,,,,,""
10178747952,"Nov 7, 2023, 7:50:39 PM",Hq to celo ride,Ride,"",1267,4.54,137.0,3,false,,1996 Cannondale M200 SE,activities/10901936931.fit.gz,,11.793,1267.0,1074.0,4545.5,9.912,4.232,19.6,16.6,4.6,15.0,13.7,0.1,,,,,,108.0,,,81.0,,,3.0,,,,,,,,,,,0.0,,0.0,,1.0,,,,,,,,,,,,,,,,11490857.0,,,,,,,,,,,0.0,3.588,0.0,,,,,,,,,,,,,,,,,""
10180115767,"Nov 8, 2023, 12:52:45 AM",Post-Celo izu x Sarah cowork ride,Ride,"",1648,5.15,151.0,7,false,,1996 Cannondale M200 SE,activities/10903341696.fit.gz,,11.793,1648.0,1576.0,5156.8,10.156,3.272,100.6,100.6,4.6,94.4,28.2,1.7,,,,,,118.0,,,119.0,,,7.0,,,,,,,,,,,0.0,,0.0,,1.0,,,,,,,,,,,,,,,,11490857.0,,,,,,,,,,,0.0,3.129,0.0,,,,,,,,,,,,,,,,,""
10180536888,"Nov 8, 2023, 3:34:05 AM",Evening Run,Run,,3158,8.67,173.0,94,false,,HOKA Clifton 8,activities/10903778270.fit.gz,,,3158.0,3048.0,8677.2,4.304,2.847,88.8,88.8,2.0,95.6,32.8,-0.3,,,,,,158.0,,,525.0,,,94.0,,,,,,,,,,,,,0.0,,1.0,8801.8,,,,,,,,,,,,,,,,14035992.0,,,,,,,,,,0.0,2.748,0.0,,,,,,,,,,,,,,,,,""
10185763849,"Nov 8, 2023, 11:39:39 PM",Afternoon Walk,Walk,,1225,1.88,122.0,3,false,,,activities/10909175516.fit.gz,,,1225.0,1195.0,1881.4,4.306,1.574,7.4,85.6,4.4,90.6,30.0,-4.2,,,,,,103.0,,,86.0,,,3.0,,,,,,,,,,,,,0.0,,1.0,,,,,,,,,,,,,,,,,,,,,,,,,,,0.0,1.536,0.0,,,,,,,,,,,,,,,,,""
10185989413,"Nov 9, 2023, 12:11:33 AM",Afternoon Tennis,Workout,,2719,0,173.0,30,false,,,activities/10909407430.fit.gz,,,2719.0,2719.0,0.0,0.0,0.0,0.0,0.0,0.0,0.0,0.0,0.0,,,,,,134.0,,,340.0,,,30.0,,,,,,,,,,,,,0.0,,1.0,,,,,,,,,,,,,,,,,,,,,,,,,,,0.0,0.0,0.0,,,,,,,,,,,,,,,,,""
10186126181,"Nov 9, 2023, 1:11:07 AM",Afternoon Walk,Walk,,2399,2.14,142.0,5,false,,,activities/10909548576.fit.gz,,,2399.0,1829.0,2145.7,3.097,1.173,116.6,8.8,-10.4,102.2,49.6,5.1,,,,,,107.0,,,143.0,,,5.0,,,,,,,,,,,,,0.0,,1.0,,,,,,,,,,,,,,,,,,,,,,,,,,,0.0,0.894,0.0,,,,,,,,,,,,,,,,,""
10186267877,"Nov 9, 2023, 2:32:52 AM",Evening Elliptical,Elliptical,,976,0,133.0,3,false,,,activities/10909694960.fit.gz,,,976.0,976.0,0.0,0.0,0.0,0.0,0.0,0.0,0.0,0.0,0.0,,,,,,127.0,,,111.0,,,3.0,,,,,,,,,,,,,0.0,,1.0,,,,,,,,,,,,,,,,,,,,,,,,,,,0.0,0.0,0.0,,,,,,,,,,,,,,,,,""
10186316211,"Nov 9, 2023, 2:50:37 AM",Evening Weight Training,Weight Training,,1744,0,162.0,10,false,,,activities/10909745179.fit.gz,,,1744.0,1744.0,0.0,0.0,0.0,0.0,0.0,0.0,0.0,0.0,0.0,,,,,,121.0,,,171.0,,,10.0,,,,,,,,,,,,,0.0,,1.0,,,,,,,,,,,,,,,,,,,,,,,,,,,0.0,0.0,0.0,,,,,,,,,,,,,,,,,""
10190597560,"Nov 9, 2023, 8:19:31 PM",Lunch Tennis,Workout,,1602,0,174.0,37,false,,,activities/10914178131.fit.gz,,,1602.0,1602.0,0.0,0.0,0.0,0.0,0.0,0.0,0.0,0.0,0.0,,,,,,148.0,,,222.0,,,37.0,,,,,,,,,,,,,0.0,,1.0,,,,,,,,,,,,,,,,,,,,,,,,,,,0.0,0.0,0.0,,,,,,,,,,,,,,,,,""
10191728848,"Nov 10, 2023, 12:44:31 AM",Afternoon Walk,Walk,,1461,1.70,168.0,11,false,,,activities/10915342703.fit.gz,,,1461.0,1345.0,1701.5,3.319,1.265,96.4,2.8,4.6,101.4,45.2,5.7,,,,,,126.0,,,127.0,,,11.0,,,,,,,,,,,,,0.0,,1.0,,,,,,,,,,,,,,,,,,,,,,,,,,,0.0,1.165,0.0,,,,,,,,,,,,,,,,,""
10191948405,"Nov 10, 2023, 2:48:12 AM",Evening Run,Run,First half felt p good,4835,12.88,169.0,140,false,,HOKA Clifton 8,activities/10915572884.fit.gz,,,4835.0,4729.0,12886.0,5.01,2.725,89.2,89.2,2.6,91.8,24.2,-0.2,,,,,,157.0,,,758.0,,,140.0,,,,,,,,,,,0.0,,0.0,,1.0,12988.1,,,,,,,,,,,,,,,,14035992.0,,,,,,,,,,0.0,2.665,0.0,,,,,,,,,,,,,,,,,""
10195093888,"Nov 10, 2023, 5:17:42 PM",Mixed dubs early tennis hi Christina,Workout,"",3404,0,160.0,15,false,,,activities/10918843099.fit.gz,,,3404.0,3404.0,0.0,0.0,0.0,0.0,0.0,0.0,0.0,0.0,0.0,,,,,,118.0,,,349.0,,,15.0,,,,,,,,,,,0.0,,0.0,,1.0,,,,,,,,,,,,,,,,,,,,,,,,,,,0.0,0.0,0.0,,,,,,,,,,,,,,,,,""
10196465295,"Nov 11, 2023, 12:08:56 AM",Pre-friendsgiving swim,Swim,Need efficient cross-training,953,392,145.0,6,false,,,activities/10920257283.fit.gz,,,953.0,953.0,392.3,2.012,0.412,0.0,0.0,0.0,0.0,0.0,0.0,,,,,,112.0,,,110.0,,,6.0,,,,,,,,,,,0.0,,0.0,,1.0,,,,,,,,,,,,,,,,,,,,,,,,,,,0.0,0.412,0.0,,,,,,,,,,,,,,,,,""
10201943544,"Nov 11, 2023, 5:41:36 PM",Pre-Jana's to Izu's pie party ocean beach all the way long run,Run,Refilling water by the skating place helped 🤌🫡💕🔥great highway coming back was better bc views and wind—runner’s high kicked in around then in the double digits,12077,28.98,174.0,318,false,"",HOKA Clifton 8,activities/10925945497.fit.gz,,,12077.0,11858.0,28979.2,5.034,2.444,222.0,222.0,7.8,96.2,31.1,-0.1,,,,,,154.0,,,1733.0,,,318.0,,,,,,,,,,,0.0,,0.0,,1.0,29288.5,,,,,,,,,,,,,,,,14035992.0,,,,,,,,,,0.0,2.4,4537.1,,,,,,,,,,,,,,,,,""
10214076713,"Nov 13, 2023, 11:47:29 PM",Run @ Barry’s,Run,"",441,0.95,180.0,16,false,,HOKA Clifton 8,activities/10938564801.fit.gz,,,441.0,441.0,955.7,2.846,2.167,0.0,0.0,0.0,0.0,0.0,0.0,,,,,,163.0,,,63.0,,,16.0,,,,,,,,,,,0.0,,0.0,,1.0,955.7,,,,,,,,,,,,,,,,14035992.0,,,,,,,,,,0.0,2.167,0.0,,,,,,,,,,,,,,,,,""
10214076782,"Nov 13, 2023, 11:39:07 PM",Barry’s p2 weights,Weight Training,"",479,0,159.0,5,false,,,activities/10938564798.fit.gz,,,479.0,479.0,0.0,0.0,0.0,0.0,0.0,0.0,0.0,0.0,0.0,,,,,,140.0,,,60.0,,,5.0,,,,,,,,,,,0.0,,0.0,,1.0,,,,,,,,,,,,,,,,,,,,,,,,,,,0.0,0.0,0.0,,,,,,,,,,,,,,,,,""
10214076787,"Nov 13, 2023, 11:10:45 PM",Barry’s weights,Weight Training,"",806,0,156.0,6,false,,,activities/10938564802.fit.gz,,,806.0,806.0,0.0,0.0,0.0,0.0,0.0,0.0,0.0,0.0,0.0,,,,,,129.0,,,84.0,,,6.0,,,,,,,,,,,0.0,,0.0,,1.0,,,,,,,,,,,,,,,,,,,,,,,,,,,0.0,0.0,0.0,,,,,,,,,,,,,,,,,""
10214077066,"Nov 13, 2023, 10:31:58 PM",Run to barry’s hi Dave,Run,"",1488,4.05,174.0,45,false,,HOKA Clifton 8,activities/10938565090.fit.gz,,,1488.0,1488.0,4058.8,4.46,2.728,38.4,38.4,18.0,95.6,21.6,-1.3,,,,,,161.0,,,250.0,,,45.0,,,,,,,,,,,0.0,,0.0,,1.0,4008.7,,,,,,,,,,,,,,,,14035992.0,,,,,,,,,,0.0,2.728,142.8,,,,,,,,,,,,,,,,,""
10214310483,"Nov 14, 2023, 12:23:46 AM",Run from Barry’s bye dave,Run,"",1595,3.70,168.0,32,false,,HOKA Clifton 8,activities/10938805733.fit.gz,,,1595.0,1567.0,3706.9,3.94,2.366,77.6,77.6,17.0,83.2,21.2,1.2,,,,,,150.0,,,235.0,,,32.0,,,,,,,,,,,0.0,,0.0,,1.0,3927.5,,,,,,,,,,,,,,,,14035992.0,,,,,,,,,,0.0,2.324,133.4,,,,,,,,,,,,,,,,,""
10214310549,"Nov 13, 2023, 11:24:38 PM",Barry’s run p1,Run,"",794,1.79,177.0,32,false,,HOKA Clifton 8,activities/10938805845.fit.gz,,,794.0,794.0,1796.6,3.244,2.263,0.0,0.0,0.0,0.0,0.0,0.0,,,,,,165.0,,,100.0,,,32.0,,,,,,,,,,,0.0,,0.0,,1.0,1803.6,,,,,,,,,,,,,,,,14035992.0,,,,,,,,,,0.0,2.263,0.0,,,,,,,,,,,,,,,,,""
10214794582,"Nov 14, 2023, 5:06:21 AM",Night Walk,Walk,,289,1.08,117.0,0,false,,,activities/10939314850.fit.gz,,,289.0,133.0,1082.7,5.94,8.141,15.2,13.6,49.8,63.2,48.5,1.0,,,,,,101.0,,,96.0,,,0.0,,,,,,,,,,,,,0.0,,1.0,,,,,,,,,,,,,,,,,,,,,,,,,,,0.0,3.746,0.0,,,,,,,,,,,,,,,,,""
10219611223,"Nov 14, 2023, 10:00:23 PM",Afternoon Ride,Ride,,1865,5.17,160.0,10,false,,1996 Cannondale M200 SE,activities/10944287175.fit.gz,,11.793,1865.0,1656.0,5177.8,8.294,3.127,96.4,96.4,2.2,94.8,20.9,1.3,,,,,,118.0,,,100.0,,,10.0,,,,,,,,,,,,,0.0,,1.0,,,,,,,,,,,,,,,,11490857.0,,,,,,,,,,,0.0,2.776,0.0,,,,,,,,,,,,,,,,,""
10220178596,"Nov 15, 2023, 12:34:25 AM",Afternoon Swim,Swim,,1518,664,164.0,13,false,,,activities/10944871171.fit.gz,,,1518.0,1518.0,663.8,2.012,0.437,0.0,0.0,0.0,0.0,0.0,0.0,,,,,,122.0,,,192.0,,,13.0,,,,,,,,,,,,,0.0,,1.0,,,,,,,,,,,,,,,,,,,,,,,,,,,0.0,0.437,0.0,,,,,,,,,,,,,,,,,""
10220347441,"Nov 15, 2023, 1:49:48 AM",Ride to happy hour #1,E-Bike Ride,"",507,1.90,107.0,0,false,,1996 Cannondale M200 SE,activities/10945046281.fit.gz,,11.793,507.0,425.0,1904.7,8.72,4.482,2.8,41.4,18.2,59.8,14.8,-2.0,,,,,,93.0,,,29.0,,,0.0,,,,,,,,,,,0.0,,0.0,,1.0,,,,,,,,,,,,,,,,11490857.0,,,,,,,,,,,0.0,3.757,0.0,,,,,,,,,,,,,,,,,""
10220712706,"Nov 15, 2023, 4:59:22 AM",Post-happy hours ride,E-Bike Ride,"",605,2.50,152.0,7,false,,1996 Cannondale M200 SE,activities/10945428728.fit.gz,,11.793,605.0,605.0,2504.8,6.76,4.14,43.0,0.0,16.2,59.2,9.8,1.7,,,,,,138.0,,,62.0,,,7.0,,,,,,,,,,,0.0,,0.0,,1.0,,,,,,,,,,,,,,,,11490857.0,,,,,,,,,,,0.0,4.14,0.0,,,,,,,,,,,,,,,,,media/ECB58D0F-D638-455B-878B-664291F25370.jpg
10221090851,"Nov 15, 2023, 3:11:26 AM",Evening Walk,Walk,,810,0.96,120.0,2,false,,,activities/10945824596.fit.gz,,,810.0,810.0,967.3,6.018,1.194,0.0,0.0,0.0,0.0,0.0,0.0,,,,,,99.0,,,49.0,,,2.0,,,,,,,,,,,,,0.0,,1.0,,,,,,,,,,,,,,,,,,,,,,,,,,,0.0,1.194,0.0,,,,,,,,,,,,,,,,,""
10221090988,"Nov 14, 2023, 9:13:18 PM",Afternoon Ride,Ride,,1058,3.11,121.0,2,false,,1996 Cannondale M200 SE,activities/10945824776.fit.gz,,11.793,1058.0,883.0,3113.7,9.314,3.526,2.6,41.2,3.6,43.4,15.1,-1.2,,,,,,96.0,,,50.0,,,2.0,,,,,,,,,,,,,0.0,,1.0,,,,,,,,,,,,,,,,11490857.0,,,,,,,,,,,0.0,2.943,0.0,,,,,,,,,,,,,,,,,""
10223665019,"Nov 15, 2023, 4:11:30 PM",Morning Ride,Ride,,595,2.22,121.0,1,false,,1996 Cannondale M200 SE,activities/10948494725.fit.gz,,11.793,595.0,546.0,2221.1,9.506,4.068,5.8,38.4,22.0,59.8,8.3,-1.5,,,,,,97.0,,,40.0,,,1.0,,,,,,,,,,,,,0.0,,1.0,,,,,,,,,,,,,,,,11490857.0,,,,,,,,,,,0.0,3.733,0.0,,,,,,,,,,,,,,,,,""
10226694684,"Nov 16, 2023, 4:10:57 AM",Craig and Lizzie post-drink with Jorge and Emily ride shenanigans,Ride,"",1740,4.98,161.0,4,false,,1996 Cannondale M200 SE,activities/10951663988.fit.gz,,11.793,1740.0,1324.0,4985.7,12.322,3.766,24.0,19.8,4.4,25.4,46.5,0.1,,,,,,112.0,,,93.0,,,4.0,,,,,,,,,,,0.0,,0.0,,1.0,,,,,,,,,,,,,,,,11490857.0,,,,,,,,,,,0.0,2.865,0.0,,,,,,,,,,,,,,,,,media/36FBD893-486F-4B8D-940A-CF8FD43A7F49.jpg
10232164636,"Nov 17, 2023, 2:30:30 AM",Evening Run,Run,,1991,4.96,175.0,46,false,,HOKA Clifton 8,activities/10957338167.fit.gz,,,1991.0,1991.0,4966.8,6.052,2.495,71.6,71.6,43.8,94.8,13.9,-0.4,,,,,,152.0,,,306.0,,,46.0,,,,,,,,,,,,,0.0,,1.0,5068.6,,,,,,,,,,,,,,,,14035992.0,,,,,,,,,,0.0,2.495,0.0,,,,,,,,,,,,,,,,,""
10232164650,"Nov 17, 2023, 4:44:16 AM",Evening Run,Run,,939,2.32,182.0,26,false,,HOKA Clifton 8,activities/10957338186.fit.gz,,,939.0,939.0,2319.6,4.032,2.47,13.6,62.2,34.6,83.2,11.9,-2.1,,,,,,158.0,,,137.0,,,26.0,,,,,,,,,,,,,0.0,,1.0,2264.9,,,,,,,,,,,,,,,,14035992.0,,,,,,,,,,0.0,2.47,0.0,,,,,,,,,,,,,,,,,""
10234953704,"Nov 17, 2023, 3:17:33 PM",Bike bus bailed on us hi Kimee cross-train!!,Ride,"",4832,16.43,152.0,15,false,,1996 Cannondale M200 SE,activities/10960238652.fit.gz,,11.793,4832.0,4241.0,16433.2,14.744,3.875,180.8,180.8,19.4,107.4,15.6,-0.1,,,,,,111.0,,,332.0,,,15.0,,,,,,,,,,,0.0,,0.0,,1.0,,,,,,,,,,,,,,,,11490857.0,,,,,,,,,,,0.0,3.401,0.0,,,,,,,,,,,,,,,,,""
10242341254,"Nov 18, 2023, 8:05:54 PM",Run/walk with ami post-craft fair,Run,"",5691,8.13,147.0,15,false,,HOKA Clifton 8,activities/10967911632.fit.gz,,,5691.0,5691.0,8135.4,3.468,1.43,29.0,29.4,1.4,9.8,17.1,0.0,,,,,,104.0,,,364.0,,,15.0,,,,,,,,,,,0.0,,0.0,,1.0,8230.5,,,,,,,,,,,,,,,,14035992.0,,,,,,,,,,0.0,1.43,4468.6,,,,,,,,,,,,,,,,,""
10243059086,"Nov 19, 2023, 1:50:22 AM",Afternoon Weight Training,Weight Training,,1411,0,165.0,12,false,,,activities/10968665729.fit.gz,,,1411.0,1411.0,0.0,0.0,0.0,0.0,0.0,0.0,0.0,0.0,0.0,,,,,,131.0,,,162.0,,,12.0,,,,,,,,,,,,,0.0,,1.0,,,,,,,,,,,,,,,,,,,,,,,,,,,0.0,0.0,0.0,,,,,,,,,,,,,,,,,""
10243263926,"Nov 19, 2023, 6:34:41 AM",Night Walk,Walk,,170,0.97,107.0,0,false,,,activities/10968885401.fit.gz,,,170.0,170.0,972.3,1.919,5.719,2.6,9.2,49.0,55.6,9.4,1.0,,,,,,95.0,,,80.0,,,0.0,,,,,,,,,,,,,0.0,,1.0,,,,,,,,,,,,,,,,,,,,,,,,,,,0.0,5.719,0.0,,,,,,,,,,,,,,,,,""
10249065987,"Nov 19, 2023, 10:41:52 PM",Long run post 🎾 cheering x arsicault,Run,"Rule of 3rds, paused watch for water and bathroom rip also from not much sleep bc late to party so party tan out of alc last night so drank Yerba mate and had trouble sleeping",12343,29.48,174.0,348,false,,HOKA Clifton 8,activities/10974917311.fit.gz,,,12343.0,11948.0,29484.8,5.456,2.468,236.8,236.8,7.2,97.0,19.3,-0.1,,,,,,156.0,,,1748.0,,,348.0,,,,,,,,,,,0.0,,0.0,,1.0,29904.4,,,,,,,,,,,,,,,,14035992.0,,,,,,,,,,0.0,2.389,4277.0,,,,,,,,,,,,,,,,,media/A3263548-B583-4459-A592-80D57F23AC6B.jpg
10254596039,"Nov 21, 2023, 1:27:20 AM",Afternoon Walk,Walk,,847,1.17,122.0,2,false,,,activities/10980681217.fit.gz,,,847.0,822.0,1172.4,3.362,1.426,0.0,0.0,33.0,96.4,29.4,-5.4,,,,,,106.0,,,53.0,,,2.0,,,,,,,,,,,,,0.0,,1.0,,,,,,,,,,,,,,,,,,,,,,,,,,,0.0,1.384,0.0,,,,,,,,,,,,,,,,,""
10258906193,"Nov 21, 2023, 7:54:06 PM",Lunch Run,Run,,787,1.52,158.0,8,false,,HOKA Clifton 8,activities/10985171846.fit.gz,,,787.0,629.0,1523.6,4.74,2.422,23.0,23.0,50.2,93.4,18.6,-2.6,,,,,,135.0,,,94.0,,,8.0,,,,,,,,,,,,,0.0,,1.0,1550.0,,,,,,,,,,,,,,,,14035992.0,,,,,,,,,,0.0,1.936,0.0,,,,,,,,,,,,,,,,,""
10260034899,"Nov 22, 2023, 12:18:41 AM",Afternoon Run,Run,,1056,2.01,171.0,12,false,,HOKA Clifton 8,activities/10986329859.fit.gz,,,1056.0,1056.0,2016.5,4.152,1.91,75.8,75.8,44.2,93.4,18.1,2.4,,,,,,141.0,,,136.0,,,12.0,,,,,,,,,,,,,0.0,,1.0,2265.4,,,,,,,,,,,,,,,,14035992.0,,,,,,,,,,0.0,1.91,0.0,,,,,,,,,,,,,,,,,""
10260433647,"Nov 22, 2023, 1:56:10 AM",Afternoon Run,Run,,4009,9.76,173.0,111,false,,HOKA Clifton 8,activities/10986746511.fit.gz,,,4009.0,3954.0,9761.2,4.01,2.469,87.8,87.8,1.0,95.2,31.4,-0.3,,,,,,156.0,,,575.0,,,111.0,,,,,,,,,,,,,0.0,,1.0,9845.1,,,,,,,,,,,,,,,,14035992.0,,,,,,,,,,0.0,2.435,0.0,,,,,,,,,,,,,,,,,""
10264550171,"Nov 22, 2023, 5:36:22 PM",Morning Run,Run,,827,1.82,155.0,6,false,,HOKA Clifton 8,activities/10991012409.fit.gz,,,827.0,827.0,1822.6,4.402,2.204,0.0,0.0,5.4,115.0,17.9,-6.1,,,,,,135.0,,,99.0,,,6.0,,,,,,,,,,,,,0.0,,1.0,1744.4,,,,,,,,,,,,,,,,14035992.0,,,,,,,,,,0.0,2.204,0.0,,,,,,,,,,,,,,,,,""
10264550513,"Nov 22, 2023, 7:10:22 PM",Lunch Run,Run,,1462,3.30,169.0,28,false,,HOKA Clifton 8,activities/10991012729.fit.gz,,,1462.0,1462.0,3305.8,4.495,2.261,60.4,-0.2,5.0,65.6,17.2,1.8,,,,,,148.0,,,205.0,,,28.0,,,,,,,,,,,,,0.0,,1.0,3493.7,,,,,,,,,,,,,,,,14035992.0,,,,,,,,,,0.0,2.261,0.0,,,,,,,,,,,,,,,,,""
10266194155,"Nov 23, 2023, 3:08:10 AM",Evening HIIT,Workout,,1385,0,127.0,2,false,,,activities/10992714592.fit.gz,,,1385.0,1385.0,0.0,0.0,0.0,0.0,0.0,0.0,0.0,0.0,0.0,,,,,,89.0,,,93.0,,,2.0,,,,,,,,,,,,,0.0,,1.0,,,,,,,,,,,,,,,,,,,,,,,,,,,0.0,0.0,0.0,,,,,,,,,,,,,,,,,""
10270586620,"Nov 23, 2023, 7:06:38 PM",Lunch Run,Run,,3763,9.66,177.0,103,false,,HOKA Clifton 8,activities/10997298599.fit.gz,,,3763.0,3763.0,9663.9,4.842,2.568,89.0,89.0,0.8,95.4,15.2,-0.3,,,,,,156.0,,,584.0,,,103.0,,,,,,,,,,,,,0.0,,1.0,9757.7,,,,,,,,,,,,,,,,14035992.0,,,,,,,,,,0.0,2.568,1197.9,,,,,,,,,,,,,,,,,""
10281660372,"Nov 25, 2023, 9:33:25 PM",Afternoon Walk,Walk,,1230,1.21,113.0,2,false,,,activities/11008828081.fit.gz,,,1230.0,1230.0,1211.2,1.799,0.985,14.2,15.0,65.8,80.6,8.6,-0.1,,,,,,94.0,,,50.0,,,2.0,,,,,,,,,,,,,0.0,,1.0,,,,,,,,,,,,,,,,,,,,,,,,,,,0.0,0.985,0.0,,,,,,,,,,,,,,,,,""
10287237041,"Nov 26, 2023, 6:01:37 PM",Lovers lane to bridge point to fort Mason ish run,Run,2 days off and felt the worst rip,6927,16.09,184.0,305,false,,HOKA Clifton 8,activities/11014622238.fit.gz,,,6927.0,6927.0,16097.8,4.89,2.324,218.2,216.2,1.8,104.0,20.5,0.0,,,,,,168.0,,,1067.0,,,305.0,,,,,,,,,,,0.0,,0.0,,1.0,16619.9,,,,,,,,,,,,,,,,14035992.0,,,,,,,,,,0.0,2.324,735.5,,,,,,,,,,,,,,,,,""
10293012137,"Nov 28, 2023, 1:48:37 AM",Afternoon Elliptical,Elliptical,,2795,0,150.0,15,false,,,activities/11020621238.fit.gz,,,2795.0,2795.0,0.0,0.0,0.0,0.0,0.0,0.0,0.0,0.0,0.0,,,,,,134.0,,,328.0,,,15.0,,,,,,,,,,,,,0.0,,1.0,,,,,,,,,,,,,,,,,,,,,,,,,,,0.0,0.0,0.0,,,,,,,,,,,,,,,,,""
10293030058,"Nov 28, 2023, 2:38:20 AM",Evening Row,Rowing,,308,0,166.0,9,false,,,activities/11020639773.fit.gz,,,308.0,308.0,0.0,0.0,0.0,0.0,0.0,0.0,0.0,0.0,0.0,,,,,,157.0,,,37.0,,,9.0,,,,,,,,,,,,,0.0,,1.0,,,,,,,,,,,,,,,,,,,,,,,,,,,0.0,0.0,0.0,,,,,,,,,,,,,,,,,""
10298681307,"Nov 29, 2023, 12:55:10 AM",Run to holiday houses then sushi pickup,Run,"",4983,10.53,172.0,94,false,,HOKA Clifton 8,activities/11026485205.fit.gz,,,4983.0,4408.0,10529.8,7.334,2.389,200.8,200.8,28.0,144.0,43.3,-0.4,,,,,,151.0,,,654.0,,,94.0,,,,,,,,,,,0.0,,0.0,,1.0,11094.4,,,,,,,,,,,,,,,,14035992.0,,,,,,,,,,0.0,2.113,0.0,,,,,,,,,,,,,,,,,media/5801AD60-F09E-40F0-9564-AEC85F11FC61.jpg
10304501064,"Nov 30, 2023, 3:44:11 AM",Evening Tennis,Workout,,7002,0,164.0,29,false,,,activities/11032512902.fit.gz,,,7002.0,7002.0,0.0,0.0,0.0,0.0,0.0,0.0,0.0,0.0,0.0,,,,,,118.0,,,657.0,,,29.0,,,,,,,,,,,,,0.0,,1.0,,,,,,,,,,,,,,,,,,,,,,,,,,,0.0,0.0,0.0,,,,,,,,,,,,,,,,,""
10307622732,"Nov 30, 2023, 6:16:48 PM",Morning Walk,Walk,,689,1.85,111.0,1,false,,,activities/11035753205.fit.gz,,,689.0,689.0,1854.1,3.172,2.691,0.0,8.2,4.4,13.0,3.4,-1.0,,,,,,102.0,,,79.0,,,1.0,,,,,,,,,,,,,0.0,,1.0,,,,,,,,,,,,,,,,,,,,,,,,,,,0.0,2.691,0.0,,,,,,,,,,,,,,,,,""
10309242839,"Dec 1, 2023, 1:39:54 AM",Weird ride bc I could not follow directions,Ride,"",1564,5.53,156.0,4,false,,1996 Cannondale M200 SE,activities/11037416386.fit.gz,,11.793,1564.0,1448.0,5538.8,10.516,3.825,44.4,30.4,4.2,23.6,15.7,0.3,,,,,,104.0,,,99.0,,,4.0,,,,,,,,,,,0.0,,0.0,,1.0,,,,,,,,,,,,,,,,11490857.0,,,,,,,,,,,0.0,3.541,0.0,,,,,,,,,,,,,,,,,""
10309680869,"Dec 1, 2023, 2:57:43 AM",Evening Walk,Walk,,546,1.03,129.0,0,false,,,activities/11037878786.fit.gz,,,546.0,211.0,1032.5,2.15,4.893,0.0,-0.2,13.2,13.6,2.9,0.0,,,,,,110.0,,,50.0,,,0.0,,,,,,,,,,,,,0.0,,1.0,,,,,,,,,,,,,,,,,,,,,,,,,,,0.0,1.891,0.0,,,,,,,,,,,,,,,,,""
10309681102,"Dec 1, 2023, 5:54:33 AM",Night Ride,Ride,,1720,5.63,109.0,3,false,,1996 Cannondale M200 SE,activities/11037879024.fit.gz,,11.793,1720.0,1511.0,5630.5,7.404,3.726,58.0,10.2,6.4,59.2,18.9,0.8,,,,,,92.0,,,107.0,,,3.0,,,,,,,,,,,,,0.0,,1.0,,,,,,,,,,,,,,,,11490857.0,,,,,,,,,,,0.0,3.274,0.0,,,,,,,,,,,,,,,,,""
10312782295,"Dec 1, 2023, 8:18:54 PM",Lunch Run,Run,,318,0.83,160.0,5,false,,HOKA Clifton 8,activities/11041094559.fit.gz,,,318.0,307.0,835.9,3.75,2.723,7.6,7.6,55.6,96.8,9.9,-4.1,,,,,,148.0,,,48.0,,,5.0,,,,,,,,,,,,,0.0,,1.0,813.1,,,,,,,,,,,,,,,,14035992.0,,,,,,,,,,0.0,2.629,0.0,,,,,,,,,,,,,,,,,""
10313047242,"Dec 1, 2023, 9:43:10 PM",Afternoon Walk,Walk,,138,0.98,139.0,0,false,,,activities/11041369278.fit.gz,,,138.0,138.0,982.9,2.553,7.123,8.0,0.6,87.2,95.2,15.4,4.0,,,,,,137.0,,,63.0,,,0.0,,,,,,,,,,,,,0.0,,1.0,,,,,,,,,,,,,,,,,,,,,,,,,,,0.0,7.123,0.0,,,,,,,,,,,,,,,,,""
10313255661,"Dec 1, 2023, 10:32:57 PM",Afternoon Run,Run,,730,1.97,157.0,15,false,,HOKA Clifton 8,activities/11041583142.fit.gz,,,730.0,730.0,1975.2,3.876,2.706,6.2,89.4,7.6,93.2,20.8,-4.3,,,,,,147.0,,,114.0,,,15.0,,,,,,,,,,,,,0.0,,1.0,1812.6,,,,,,,,,,,,,,,,14035992.0,,,,,,,,,,0.0,2.706,0.0,,,,,,,,,,,,,,,,,""
10313399917,"Dec 1, 2023, 11:10:57 PM",Bball for tiktok lol,Workout,"",979,0,180.0,29,false,,,activities/11041731598.fit.gz,,,979.0,979.0,0.0,0.0,0.0,0.0,0.0,0.0,0.0,0.0,0.0,,,,,,156.0,,,129.0,,,29.0,,,,,,,,,,,0.0,,0.0,,1.0,,,,,,,,,,,,,,,,,,,,,,,,,,,0.0,0.0,0.0,,,,,,,,,,,,,,,,,media/69488681-DAC5-4729-A106-7E9E1A766AB0.mp4
10313545192,"Dec 1, 2023, 11:58:32 PM",Afternoon Run,Run,,658,1.38,170.0,21,false,,HOKA Clifton 8,activities/11041882711.fit.gz,,,658.0,648.0,1387.8,4.134,2.142,42.8,15.4,11.0,47.8,34.9,2.0,,,,,,162.0,,,92.0,,,21.0,,,,,,,,,,,,,0.0,,1.0,1532.3,,,,,,,,,,,,,,,,14035992.0,,,,,,,,,,0.0,2.109,0.0,,,,,,,,,,,,,,,,,""
10314417794,"Dec 2, 2023, 4:43:23 AM",Modified bike partyyy ride,Ride,"",9853,13.55,177.0,19,false,,1996 Cannondale M200 SE,activities/11042800548.fit.gz,,11.793,9853.0,4282.0,13550.9,10.992,3.165,134.2,169.4,19.4,81.6,21.8,-0.3,,,,,,110.0,,,238.0,,,19.0,,,,,,,,,,,0.0,,0.0,,1.0,,,,,,,,,,,,,,,,11490857.0,,,,,,,,,,,0.0,1.375,0.0,,,,,,,,,,,,,,,,,media/0654CC6A-DD52-4B86-A8EF-67B7D7BB481E.mp4|media/6AD328AB-F0CF-4D42-9566-B0EA35C5DC6B.mp4|media/84E4A5CC-F997-4C05-876B-34471EADB0BB.mp4
10319288563,"Dec 3, 2023, 12:47:54 AM",Afternoon Walk,Walk,,2861,3.80,147.0,4,false,,,activities/11047841827.fit.gz,,,2861.0,2073.0,3803.1,2.405,1.835,36.2,122.4,45.2,167.4,42.3,-13.3,,,,,,90.0,,,230.0,,,4.0,,,,,,,,,,,,,0.0,,1.0,,,,,,,,,,,,,,,,,,,,,,,,,,,0.0,1.329,136.2,,,,,,,,,,,,,,,,,""
10319449973,"Dec 3, 2023, 2:19:25 AM",Evening Walk,Walk,,934,1.51,113.0,0,false,,,activities/11048011056.fit.gz,,,934.0,410.0,1517.9,2.43,3.702,11.2,1.6,26.8,38.0,16.2,1.7,,,,,,97.0,,,81.0,,,0.0,,,,,,,,,,,,,0.0,,1.0,,,,,,,,,,,,,,,,,,,,,,,,,,,0.0,1.625,0.0,,,,,,,,,,,,,,,,,""
10319649602,"Dec 3, 2023, 4:32:56 AM",Evening Ride,Ride,,691,2.72,131.0,1,false,,1996 Cannondale M200 SE,activities/11048221857.fit.gz,,11.793,691.0,625.0,2720.8,9.554,4.353,40.2,14.4,19.6,59.8,20.6,0.9,,,,,,109.0,,,64.0,,,1.0,,,,,,,,,,,,,0.0,,1.0,,,,,,,,,,,,,,,,11490857.0,,,,,,,,,,,0.0,3.937,0.0,,,,,,,,,,,,,,,,,""
10324232351,"Dec 3, 2023, 7:27:13 PM",1 week to race day run!,Run,Should be feeling better during tapering I think,5127,12.22,171.0,154,false,,HOKA Clifton 8,activities/11053018967.fit.gz,,,5127.0,4989.0,12228.9,4.636,2.451,111.2,111.2,23.0,94.8,29.3,-0.3,,,,,,158.0,,,727.0,,,154.0,,,,,,,,,,,0.0,,0.0,,1.0,12405.6,,,,,,,,,,,,,,,,14035992.0,,,,,,,,,,0.0,2.385,0.0,,,,,,,,,,,,,,,,,""
10324420921,"Dec 3, 2023, 9:30:02 PM",Post-metaphor party run ish,Run,"",1162,2.79,172.0,34,false,,HOKA Clifton 8,activities/11053214662.fit.gz,,,1162.0,1162.0,2797.2,4.463,2.407,38.2,43.6,22.8,58.8,11.0,-0.2,,,,,,158.0,,,168.0,,,34.0,,,,,,,,,,,0.0,,0.0,,1.0,2855.5,,,,,,,,,,,,,,,,14035992.0,,,,,,,,,,0.0,2.407,0.0,,,,,,,,,,,,,,,,,""
10324839031,"Dec 3, 2023, 11:52:12 PM",Afternoon Walk,Walk,,1664,2.01,129.0,4,false,,,activities/11053651018.fit.gz,,,1664.0,1597.0,2012.1,3.684,1.26,6.2,84.4,3.6,89.0,49.2,-3.9,,,,,,108.0,,,84.0,,,4.0,,,,,,,,,,,,,0.0,,1.0,,,,,,,,,,,,,,,,,,,,,,,,,,,0.0,1.209,0.0,,,,,,,,,,,,,,,,,""
10325104996,"Dec 4, 2023, 2:23:34 AM",Evening Walk,Walk,,1806,1.92,147.0,6,false,,,activities/11053931380.fit.gz,,,1806.0,1706.0,1924.0,2.336,1.128,91.6,7.0,2.6,94.4,31.7,4.4,,,,,,114.0,,,122.0,,,6.0,,,,,,,,,,,,,0.0,,1.0,,,,,,,,,,,,,,,,,,,,,,,,,,,0.0,1.065,0.0,,,,,,,,,,,,,,,,,""
10328637682,"Dec 4, 2023, 8:08:55 PM",Lunch Run,Run,,1010,1.61,102.0,0,false,,HOKA Clifton 8,activities/11057602631.fit.gz,,,1010.0,1010.0,1616.9,3.8,1.601,0.0,2.6,4.4,7.0,2.7,1.5,,,,,,90.0,,,75.0,,,0.0,,,,,,,,,,,,,0.0,,1.0,-174.6,,,,,,,,,,,,,,,,14035992.0,,,,,,,,,,0.0,1.601,0.0,,,,,,,,,,,,,,,,,""
10329111684,"Dec 4, 2023, 9:45:43 PM",Afternoon Walk,Walk,,1053,2.36,98.0,2,false,,,activities/11058085451.fit.gz,,,1053.0,1053.0,2360.4,3.336,2.242,7.6,7.4,4.0,9.6,9.3,0.0,,,,,,87.0,,,98.0,,,2.0,,,,,,,,,,,,,0.0,,1.0,,,,,,,,,,,,,,,,,,,,,,,,,,,0.0,2.242,0.0,,,,,,,,,,,,,,,,,""
10329466832,"Dec 4, 2023, 10:38:11 PM",Afternoon HIIT,Workout,,1203,0,173.0,27,false,,,activities/11058449363.fit.gz,,,1203.0,1203.0,0.0,0.0,0.0,0.0,0.0,0.0,0.0,0.0,0.0,,,,,,150.0,,,153.0,,,27.0,,,,,,,,,,,,,0.0,,1.0,,,,,,,,,,,,,,,,,,,,,,,,,,,0.0,0.0,0.0,,,,,,,,,,,,,,,,,""
10329466870,"Dec 4, 2023, 11:04:55 PM",Afternoon Elliptical,Elliptical,,1862,0,148.0,11,false,,,activities/11058449364.fit.gz,,,1862.0,1862.0,0.0,0.0,0.0,0.0,0.0,0.0,0.0,0.0,0.0,,,,,,132.0,,,202.0,,,11.0,,,,,,,,,,,,,0.0,,1.0,,,,,,,,,,,,,,,,,,,,,,,,,,,0.0,0.0,0.0,,,,,,,,,,,,,,,,,""
10329581823,"Dec 4, 2023, 11:41:50 PM",Afternoon HIIT,Workout,,998,0,165.0,31,false,,,activities/11058567481.fit.gz,,,998.0,998.0,0.0,0.0,0.0,0.0,0.0,0.0,0.0,0.0,0.0,,,,,,160.0,,,122.0,,,31.0,,,,,,,,,,,,,0.0,,1.0,,,,,,,,,,,,,,,,,,,,,,,,,,,0.0,0.0,0.0,,,,,,,,,,,,,,,,,""
10330053339,"Dec 5, 2023, 12:00:53 AM",Afternoon Walk,Walk,,7040,6.81,172.0,21,false,,,activities/11059055356.fit.gz,,,7040.0,5318.0,6812.3,9.815,1.281,272.2,272.2,8.4,101.4,49.8,1.0,,,,,,115.0,,,407.0,,,21.0,,,,,,,,,,,,,0.0,,1.0,,,,,,,,,,,,,,,,,,,,,,,,,,,0.0,0.968,0.0,,,,,,,,,,,,,,,,,""
10334364410,"Dec 5, 2023, 8:57:05 PM",Lunch Ride,Ride,,749,3.02,119.0,1,false,,1996 Cannondale M200 SE,activities/11063553879.fit.gz,,11.793,749.0,669.0,3019.6,11.92,4.514,16.8,68.4,6.4,71.6,41.4,-1.7,,,,,,95.0,,,50.0,,,1.0,,,,,,,,,,,,,0.0,,1.0,,,,,,,,,,,,,,,,11490857.0,,,,,,,,,,,0.0,4.032,0.0,,,,,,,,,,,,,,,,,""
10336176938,"Dec 6, 2023, 4:18:07 AM",Evening Ride,Ride,,750,3.22,145.0,3,false,,1996 Cannondale M200 SE,activities/11065433878.fit.gz,,11.793,750.0,732.0,3222.0,10.452,4.402,45.2,0.4,14.2,59.4,16.7,1.4,,,,,,116.0,,,74.0,,,3.0,,,,,,,,,,,,,0.0,,1.0,,,,,,,,,,,,,,,,11490857.0,,,,,,,,,,,0.0,4.296,62.5,,,,,,,,,,,,,,,,,""
10340701151,"Dec 7, 2023, 12:27:04 AM",Afternoon Run,Run,,2089,4.83,178.0,70,false,,HOKA Clifton 8,activities/11070107242.fit.gz,,,2089.0,2069.0,4837.2,3.064,2.338,0.0,0.0,0.0,0.0,0.0,0.0,,,,,,157.0,,,283.0,,,70.0,,,,,,,,,,,,,0.0,,1.0,4844.6,,,,,,,,,,,,,,,,14035992.0,,,,,,,,,,0.0,2.316,0.0,,,,,,,,,,,,,,,,,""
10346241149,"Dec 8, 2023, 2:24:23 AM",Walk and shop and expo and my watch died,Walk,"",7017,4.28,109.0,7,false,,,activities/11075852952.fit.gz,,,7017.0,3339.0,4286.5,11.091,1.284,66.4,83.2,-17.8,21.0,46.7,-0.3,,,,,,94.0,,,210.0,,,7.0,,,,,,,,,,,0.0,,0.0,,1.0,,,,,,,,,,,,,,,,,,,,,,,,,,,0.0,0.611,0.0,,,,7010.0,,,,,,,,,,,,,media/D4CE3087-BF73-453B-93F5-AEB9F109FAFC.jpg
10350767099,"Dec 8, 2023, 8:36:37 PM",Morning Walk,Walk,,1980,3.02,139.0,5,false,,,activities/11080563730.fit.gz,,,1980.0,1826.0,3026.6,2.644,1.658,21.6,19.0,1.8,21.2,45.4,0.1,,,,,,107.0,,,132.0,,,5.0,,,,,,,,,,,,,0.0,,1.0,,,,,,,,,,,,,,,,,,,,,,,,,,,0.0,1.529,0.0,,,,4064.0,,,,,,,,,,,,,""
10350767189,"Dec 8, 2023, 9:34:15 PM",Lunch Walk,Walk,,3034,4.83,151.0,12,false,,,activities/11080563821.fit.gz,,,3034.0,2814.0,4836.0,4.16,1.719,21.8,40.6,2.2,22.6,18.0,-0.4,,,,,,119.0,,,234.0,,,12.0,,,,,,,,,,,,,0.0,,1.0,,,,,,,,,,,,,,,,,,,,,,,,,,,0.0,1.594,0.0,,,,5160.0,,,,,,,,,,,,,""
10350767385,"Dec 9, 2023, 2:06:59 AM",Afternoon Run,Run,,709,1.66,170.0,20,false,,HOKA Clifton 8,activities/11080564053.fit.gz,,,709.0,664.0,1664.4,3.884,2.507,0.0,5.0,2.6,8.4,10.5,-0.3,,,,,,157.0,,,92.0,,,20.0,,,,,,,,,,,,,0.0,,1.0,1648.1,,,,,,,,,,,,,,,,14035992.0,,,,,,,,,,0.0,2.348,0.0,,,,1792.0,,,,,,,,,,,,,""
10350767388,"Dec 9, 2023, 12:37:42 AM",Afternoon Walk,Walk,,5316,4.98,126.0,10,false,,,activities/11080564026.fit.gz,,,5316.0,3625.0,4982.4,2.661,1.374,25.8,23.2,3.0,9.4,32.0,0.1,,,,,,106.0,,,264.0,,,10.0,,,,,,,,,,,,,0.0,,1.0,,,,,,,,,,,,,,,,,,,,,,,,,,,0.0,0.937,143.5,,,,7260.0,,,,,,,,,,,,,""
10354542917,"Dec 9, 2023, 6:19:13 PM",HNL shakeout run,Run,Probably too fast for a shakeout but other people running are intimidatingly fast so peer pressure rip,1977,4.83,160.0,52,false,,HOKA Clifton 8,activities/11084489356.fit.gz,,,1977.0,1961.0,4837.4,4.786,2.467,4.0,4.4,2.6,6.6,8.6,0.0,,,,,,153.0,,,273.0,,,52.0,,,,,,,,,,,0.0,,0.0,,1.0,4826.9,,,,,,,,,,,,,,,,14035992.0,,,,,,,,,,0.0,2.447,0.0,,,,5486.0,,,,,,,,,,,,,media/0151F06F-4089-458D-8DD5-EDFD790E8730.jpg
10356062159,"Dec 9, 2023, 10:12:44 PM",Lunch Walk,Walk,,659,1.60,110.0,1,false,,,activities/11086076607.fit.gz,,,659.0,659.0,1601.7,2.396,2.431,6.0,4.8,2.8,6.6,15.5,4.3,,,,,,101.0,,,74.0,,,1.0,,,,,,,,,,,,,0.0,,1.0,,,,,,,,,,,,,,,,,,,,,,,,,,,0.0,2.431,0.0,,,,2184.0,,,,,,,,,,,,,""
10356062340,"Dec 10, 2023, 12:23:52 AM",Afternoon Walk,Walk,,4058,2.87,116.0,5,false,,,activities/11086076758.fit.gz,,,4058.0,2695.0,2873.9,2.582,1.066,23.0,29.0,1.6,23.2,49.7,-0.2,,,,,,93.0,,,152.0,,,5.0,,,,,,,,,,,,,0.0,,1.0,,,,,,,,,,,,,,,,,,,,,,,,,,,0.0,0.708,0.0,,,,4076.0,,,,,,,,,,,,,""
10360480361,"Dec 10, 2023, 2:28:39 PM",Morning Ride,Ride,,1446,2.94,152.0,4,false,,1996 Cannondale M200 SE,activities/11090787651.fit.gz,,11.793,1446.0,1054.0,2945.1,16.256,2.794,0.0,15.8,2.0,19.8,17.2,-0.5,,,,,,122.0,,,26.0,,,4.0,,,,,,,,,,,,,0.0,,1.0,,,,,,,,,,,,,,,,11490857.0,,,,,,,,,,,0.0,2.037,0.0,,,,,,,,,,,,,,,,,""
10360482902,"Dec 10, 2023, 3:13:11 PM",Honolulu Marathon🏝️,Run,Hi Yasmeen🥹✌🏼👑,16959,42.66,195.0,722,false,,HOKA Clifton 8,activities/11090789935.fit.gz,,,16959.0,16959.0,42662.7,4.678,2.516,164.2,163.8,2.0,40.6,17.7,0.0,,,,,,166.0,,,2539.0,,,722.0,,,,,,,,,,,0.0,,0.0,,1.0,42951.3,,,,,,,,,,,,,,,,14035992.0,,,,,,,,,,0.0,2.516,0.0,,,,48146.0,,,,,,,,,,,,,media/5C62A41D-CB95-447D-B437-17636B2C1E1E.jpg|media/2D5057DA-7120-4C7B-A3EB-3832D3DE5665.jpg|media/44C92232-FDF5-4389-91D3-08B3D6A1FF9C.jpg
10366549221,"Dec 11, 2023, 11:59:17 PM",Afternoon Walk,Walk,,1946,2.55,112.0,3,false,,,activities/11097116146.fit.gz,,,1946.0,1530.0,2558.2,2.366,1.672,59.0,55.0,-2.0,18.2,49.2,0.8,,,,,,88.0,,,120.0,,,3.0,,,,,,,,,,,,,0.0,,1.0,,,,,,,,,,,,,,,,,,,,,,,,,,,0.0,1.315,738.8,,,,4174.0,,,,,,,,,,,,,""
10366549309,"Dec 11, 2023, 5:26:27 AM",Evening Walk,Walk,,4359,3.63,104.0,4,false,,,activities/11097116215.fit.gz,,,4359.0,2232.0,3631.1,3.542,1.627,8.4,8.2,2.0,7.0,29.4,0.0,,,,,,92.0,,,161.0,,,4.0,,,,,,,,,,,,,0.0,,1.0,,,,,,,,,,,,,,,,,,,,,,,,,,,0.0,0.833,0.0,,,,5756.0,,,,,,,,,,,,,""
10377186242,"Dec 14, 2023, 1:47:54 AM",Ride to anyscale arize workshop,Ride,So much traffic bc car-free street for holiday market rip,1108,2.80,121.0,2,false,,1996 Cannondale M200 SE,activities/11108163464.fit.gz,,11.793,1108.0,871.0,2804.2,9.38,3.22,9.6,57.6,8.2,59.0,25.4,-1.7,,,,,,100.0,,,63.0,,,2.0,,,,,,,,,,,0.0,,0.0,,1.0,,,,,,,,,,,,,,,,11490857.0,,,,,,,,,,,0.0,2.531,0.0,,,,,,,,,,,,,,,,,""
10377186332,"Dec 14, 2023, 12:41:31 AM",Afternoon Swim,Swim,,1313,558,139.0,12,false,,,activities/11108163543.fit.gz,,,1313.0,1313.0,557.8,1.83,0.425,0.0,0.0,0.0,0.0,0.0,0.0,,,,,,122.0,,,206.0,,,12.0,,,,,,,,,,,,,0.0,,1.0,,,,,,,,,,,,,,,,,,,,,,,,,,,0.0,0.425,0.0,,,,,,,,,,,,,,,,,""
10377320100,"Dec 14, 2023, 3:49:40 AM",Evening Ride,Ride,,955,3.81,108.0,1,false,,1996 Cannondale M200 SE,activities/11108305655.fit.gz,,11.793,955.0,856.0,3817.9,10.524,4.46,59.0,2.6,2.6,59.0,49.7,1.5,,,,,,88.0,,,89.0,,,1.0,,,,,,,,,,,,,0.0,,1.0,,,,,,,,,,,,,,,,11490857.0,,,,,,,,,,,0.0,3.998,0.0,,,,,,,,,,,,,,,,,""
10382450834,"Dec 15, 2023, 12:11:45 AM",Afternoon Ride,Ride,,288,1.31,122.0,0,false,,1996 Cannondale M200 SE,activities/11113658254.fit.gz,,11.793,288.0,254.0,1314.6,12.012,5.175,23.0,9.2,2.2,25.2,38.3,1.0,,,,,,109.0,,,30.0,,,0.0,,,,,,,,,,,,,0.0,,1.0,,,,,,,,,,,,,,,,11490857.0,,,,,,,,,,,0.0,4.564,0.0,,,,,,,,,,,,,,,,,""
10382450848,"Dec 15, 2023, 5:21:40 AM",Night Ride,Ride,,2687,8.13,126.0,5,false,,1996 Cannondale M200 SE,activities/11113658256.fit.gz,,11.793,2687.0,1867.0,8135.3,13.554,4.357,75.2,27.6,4.0,60.0,20.9,0.6,,,,,,103.0,,,164.0,,,5.0,,,,,,,,,,,,,0.0,,1.0,,,,,,,,,,,,,,,,11490857.0,,,,,,,,,,,0.0,3.028,228.0,,,,,,,,,,,,,,,,,""
10382450880,"Dec 14, 2023, 6:26:04 PM",Morning Walk,Walk,,1289,1.74,119.0,3,false,,,activities/11113658294.fit.gz,,,1289.0,1289.0,1741.2,3.048,1.351,9.0,95.8,4.4,100.2,45.3,-5.1,,,,,,109.0,,,76.0,,,3.0,,,,,,,,,,,,,0.0,,1.0,,,,,,,,,,,,,,,,,,,,,,,,,,,0.0,1.351,0.0,,,,2046.0,,,,,,,,,,,,,""
10386853323,"Dec 16, 2023, 2:57:18 AM",Evening Swim,Swim,,1810,640,167.0,57,false,,,activities/11118241857.fit.gz,,,1810.0,1810.0,640.1,1.828,0.354,0.0,0.0,0.0,0.0,0.0,0.0,,,,,,146.0,,,249.0,,,57.0,,,,,,,,,,,,,0.0,,1.0,,,,,,,,,,,,,,,,,,,,,,,,,,,0.0,0.354,0.0,,,,,,,,,,,,,,,,,""
10391892693,"Dec 16, 2023, 10:21:47 PM",Afternoon Ride,Ride,,3892,10.00,175.0,20,false,,1996 Cannondale M200 SE,activities/11123527580.fit.gz,,11.793,3892.0,2926.0,10007.8,11.624,3.42,132.0,132.0,18.8,93.6,23.9,0.5,,,,,,119.0,,,197.0,,,20.0,,,,,,,,,,,,,0.0,,1.0,,,,,,,,,,,,,,,,11490857.0,,,,,,,,,,,0.0,2.571,0.0,,,,,,,,,,,,,,,,,""
10391892731,"Dec 16, 2023, 6:43:42 PM",Morning Ride,Ride,,1392,5.62,179.0,27,false,,1996 Cannondale M200 SE,activities/11123527659.fit.gz,,11.793,1392.0,1392.0,5619.3,8.97,4.037,83.2,97.4,36.8,95.6,11.4,-0.3,,,,,,146.0,,,152.0,,,27.0,,,,,,,,,,,,,0.0,,1.0,,,,,,,,,,,,,,,,11490857.0,,,,,,,,,,,0.0,4.037,0.0,,,,,,,,,,,,,,,,,""
10397603271,"Dec 17, 2023, 10:52:01 PM",Afternoon Ride,Ride,,1415,4.10,150.0,4,false,,1996 Cannondale M200 SE,activities/11129581983.fit.gz,,11.793,1415.0,1091.0,4104.2,8.68,3.762,20.2,86.8,1.6,68.2,14.0,-1.6,,,,,,113.0,,,80.0,,,4.0,,,,,,,,,,,,,0.0,,1.0,,,,,,,,,,,,,,,,11490857.0,,,,,,,,,,,0.0,2.901,12.9,,,,,,,,,,,,,,,,,""
10397603323,"Dec 17, 2023, 11:54:36 PM",Afternoon Ride,Ride,,2222,9.40,160.0,47,false,,1996 Cannondale M200 SE,activities/11129582044.fit.gz,,11.793,2222.0,2222.0,9408.9,7.378,4.234,109.2,107.2,0.8,95.0,17.8,1.0,,,,,,148.0,,,216.0,,,47.0,,,,,,,,,,,,,0.0,,1.0,,,,,,,,,,,,,,,,11490857.0,,,,,,,,,,,0.0,4.234,10.2,,,,,,,,,,,,,,,,,""
10401238506,"Dec 18, 2023, 6:20:50 PM",Morning Ride,Ride,,535,2.07,175.0,9,false,,1996 Cannondale M200 SE,activities/11133379978.fit.gz,,11.793,535.0,535.0,2076.8,8.52,3.882,31.0,26.6,55.4,83.2,14.0,0.2,,,,,,145.0,,,52.0,,,9.0,,,,,,,,,,,,,0.0,,1.0,,,,,,,,,,,,,,,,11490857.0,,,,,,,,,,,0.0,3.882,0.0,,,,,,,,,,,,,,,,,""
10401238738,"Dec 18, 2023, 7:16:54 PM",Lunch Ride,Ride,,661,2.56,165.0,21,false,,1996 Cannondale M200 SE,activities/11133380169.fit.gz,,11.793,661.0,661.0,2560.3,7.484,3.873,57.4,36.0,54.6,94.8,49.9,0.8,,,,,,160.0,,,71.0,,,21.0,,,,,,,,,,,,,0.0,,1.0,,,,,,,,,,,,,,,,11490857.0,,,,,,,,,,,0.0,3.873,0.0,,,,,,,,,,,,,,,,,""
10412130627,"Dec 19, 2023, 12:36:20 AM",Afternoon Swim,Swim,,1732,704,140.0,16,false,,,activities/11144637189.fit.gz,,,1732.0,1732.0,704.1,1.83,0.407,0.0,0.0,0.0,0.0,0.0,0.0,,,,,,124.0,,,255.0,,,16.0,,,,,,,,,,,,,0.0,,1.0,,,,,,,,,,,,,,,,,,,,,,,,,,,0.0,0.407,0.0,,,,,,,,,,,,,,,,,""
10412130760,"Dec 20, 2023, 12:14:57 AM",Afternoon HIIT,Workout,,2311,0,177.0,47,false,,,activities/11144637284.fit.gz,,,2311.0,2311.0,0.0,0.0,0.0,0.0,0.0,0.0,0.0,0.0,0.0,,,,,,147.0,,,310.0,,,47.0,,,,,,,,,,,,,0.0,,1.0,,,,,,,,,,,,,,,,,,,,,,,,,,,0.0,0.0,0.0,,,,,,,,,,,,,,,,,""
10412131585,"Dec 19, 2023, 6:11:25 AM",Afternoon Ride,Ride,,6911,21.07,,,false,,1996 Cannondale M200 SE,activities/10412131585.fit,,11.793,6911.0,5779.0,21071.2,11.886,3.646,57.7,53.1,5.9,22.1,13.9,0.0,,,,,,,,,,,,,,,,,,,,,,,,,0.0,,1.0,,,,,,,,,,,,,,,,11490857.0,,,,,,,,,,,0.0,3.049,62.5,,,,,,,,,,,,,,,,,""
10412771077,"Dec 21, 2023, 12:56:07 AM",First run since HNL,Run,Whomp hills felt good tho,4246,10.20,169.0,127,false,,HOKA Clifton 8,activities/11145297471.fit.gz,,,4246.0,4246.0,10206.4,4.419,2.404,95.6,95.6,1.0,88.6,23.6,-0.2,,,,,,158.0,,,617.0,,,127.0,,,,,,,,,,,0.0,,0.0,,1.0,10353.3,,,,,,,,,,,,,,,,14035992.0,,,,,,,,,,0.0,2.404,0.0,,,,11636.0,,,,,,,,,,,,,media/907322DC-26DA-4568-A696-A9FA81D54EC7.jpg
10417671153,"Dec 22, 2023, 12:16:07 AM",Walk and talk hi Jen,Walk,"",7101,7.72,115.0,15,false,,,activities/11150386380.fit.gz,,,7101.0,6770.0,7722.0,2.415,1.141,35.0,29.8,-2.4,9.2,46.6,0.1,,,,,,96.0,,,334.0,,,15.0,,,,,,,,,,,0.0,,0.0,,1.0,,,,,,,,,,,,,,,,,,,,,,,,,,,0.0,1.087,0.0,,,,11238.0,,,,,,,,,,,,,media/D15A6586-0336-4587-B869-715D5B59A192.jpg
10417671157,"Dec 21, 2023, 6:29:17 PM",Morning Walk,Walk,,1893,2.55,127.0,4,false,,,activities/11150386399.fit.gz,,,1893.0,1768.0,2549.9,2.731,1.442,6.2,106.0,3.4,104.6,12.9,-3.9,,,,,,103.0,,,115.0,,,4.0,,,,,,,,,,,,,0.0,,1.0,,,,,,,,,,,,,,,,,,,,,,,,,,,0.0,1.347,0.0,,,,2970.0,,,,,,,,,,,,,""
10421997762,"Dec 22, 2023, 11:04:48 PM",Afternoon Ride,Ride,,1676,5.29,172.0,17,false,,1996 Cannondale M200 SE,activities/11154524677.fit.gz,,11.793,1676.0,1648.0,5295.7,10.59,3.213,115.8,115.8,53.4,95.6,17.9,0.8,,,,,,129.0,,,123.0,,,17.0,,,,,,,,,,,,,0.0,,1.0,,,,,,,,,,,,,,,,11490857.0,,,,,,,,,,,0.0,3.16,0.0,,,,,,,,,,,,,,,,,""
10421997796,"Dec 22, 2023, 8:49:03 PM",Lunch Ride,Ride,,721,2.91,162.0,7,false,,1996 Cannondale M200 SE,activities/11154524720.fit.gz,,11.793,721.0,675.0,2910.3,7.626,4.312,53.4,15.2,33.2,82.6,33.5,1.3,,,,,,136.0,,,84.0,,,7.0,,,,,,,,,,,,,0.0,,1.0,,,,,,,,,,,,,,,,11490857.0,,,,,,,,,,,0.0,4.036,0.0,,,,,,,,,,,,,,,,,""
10421997867,"Dec 22, 2023, 5:03:17 AM",Night Walk,Walk,,545,1.22,120.0,1,false,,,activities/11154524821.fit.gz,,,545.0,518.0,1225.7,2.124,2.366,43.4,2.2,53.4,94.6,31.6,7.0,,,,,,115.0,,,94.0,,,1.0,,,,,,,,,,,,,0.0,,1.0,,,,,,,,,,,,,,,,,,,,,,,,,,,0.0,2.249,0.0,,,,1346.0,,,,,,,,,,,,,""
10421997883,"Dec 22, 2023, 6:40:39 PM",Morning Ride,Ride,,1669,7.21,172.0,16,false,,1996 Cannondale M200 SE,activities/11154524789.fit.gz,,11.793,1669.0,1669.0,7215.9,8.928,4.323,73.6,100.2,38.8,95.4,14.3,-0.4,,,,,,130.0,,,170.0,,,16.0,,,,,,,,,,,,,0.0,,1.0,,,,,,,,,,,,,,,,11490857.0,,,,,,,,,,,0.0,4.323,0.0,,,,,,,,,,,,,,,,,""
10426979955,"Dec 23, 2023, 7:44:40 PM",Ride to Sarah lol will and Jeff,Ride,"",874,3.49,172.0,4,false,,1996 Cannondale M200 SE,activities/11159718096.fit.gz,,11.793,874.0,835.0,3493.3,10.592,4.184,39.2,55.2,21.4,76.6,24.1,-0.5,,,,,,116.0,,,70.0,,,4.0,,,,,,,,,,,0.0,,0.0,,1.0,,,,,,,,,,,,,,,,11490857.0,,,,,,,,,,,0.0,3.997,0.0,,,,,,,,,,,,,,,,,""
10426980850,"Dec 23, 2023, 8:38:56 PM",Sarah hot girl walk hai,Walk,"",3533,4.15,125.0,8,false,,,activities/11159719048.fit.gz,,,3533.0,3500.0,4151.5,2.814,1.186,44.4,46.2,50.8,82.6,43.4,0.0,,,,,,96.0,,,159.0,,,8.0,,,,,,,,,,,0.0,,0.0,,1.0,,,,,,,,,,,,,,,,,,,,,,,,,,,0.0,1.175,0.0,,,,4938.0,,,,,,,,,,,,,""
10427820969,"Dec 24, 2023, 2:11:41 AM",Evening HIIT,Workout,,1490,0,140.0,4,false,,,activities/11160602541.fit.gz,,,1490.0,1490.0,0.0,0.0,0.0,0.0,0.0,0.0,0.0,0.0,0.0,,,,,,111.0,,,145.0,,,4.0,,,,,,,,,,,,,0.0,,1.0,,,,,,,,,,,,,,,,,,,,,,,,,,,0.0,0.0,0.0,,,,,,,,,,,,,,,,,""
10432470146,"Dec 24, 2023, 11:06:29 PM",Afternoon Walk,Walk,,2611,1.95,116.0,3,false,,,activities/11165434627.fit.gz,,,2611.0,1713.0,1951.3,4.107,1.139,27.8,26.8,4.2,14.6,49.9,0.1,,,,,,86.0,,,84.0,,,3.0,,,,,,,,,,,,,0.0,,1.0,,,,,,,,,,,,,,,,,,,,,,,,,,,0.0,0.747,0.0,,,,2682.0,,,,,,,,,,,,,""
10436207763,"Dec 25, 2023, 9:26:03 PM",Christmas Run! 🎅 🎅,Run,"",2766,7.11,176.0,113,false,,HOKA Clifton 8,activities/11169363098.fit.gz,,,2766.0,2757.0,7109.1,4.97,2.579,115.8,111.8,16.4,69.6,20.7,0.1,,,,,,165.0,,,431.0,,,113.0,,,,,,,,,,,0.0,,0.0,,1.0,7373.1,,,,,,,,,,,,,,,,14035992.0,,,,,,,,,,0.0,2.57,0.0,,,,7798.0,,,,,,,,,,,,,""
10448507790,"Dec 27, 2023, 11:46:13 PM",Afternoon Ride,Ride,,3318,0,120.0,8,false,,1996 Cannondale M200 SE,activities/11182146278.fit.gz,,11.793,3318.0,3318.0,0.0,0.0,0.0,0.0,0.0,0.0,0.0,0.0,0.0,,,,,,97.0,,,231.0,,,8.0,,,,,,,,,,,,,0.0,,1.0,,,,,,,,,,,,,,,,11490857.0,,,,,,,,,,,0.0,0.0,0.0,,,,,,,,,,,,,,,,,""
10453249717,"Dec 28, 2023, 9:57:03 PM",Afternoon Run,Run,,1795,5.09,192.0,83,false,,HOKA Clifton 8,activities/11187055504.fit.gz,,,1795.0,1795.0,5090.5,4.284,2.836,87.6,90.8,23.6,71.6,19.6,-0.1,,,,,,170.0,,,317.0,,,83.0,,,,,,,,,,,,,0.0,,1.0,5285.3,,,,,,,,,,,,,,,,14035992.0,,,,,,,,,,0.0,2.836,0.0,,,,5188.0,,,,,,,,,,,,,""
10458669722,"Dec 29, 2023, 9:52:31 PM",Afternoon Run,Run,,1773,4.91,180.0,75,false,,HOKA Clifton 8,activities/11192675284.fit.gz,,,1773.0,1745.0,4909.8,4.12,2.814,82.0,79.0,24.0,69.0,15.6,0.1,,,,,,167.0,,,306.0,,,75.0,,,,,,,,,,,,,0.0,,1.0,5054.4,,,,,,,,,,,,,,,,14035992.0,,,,,,,,,,0.0,2.769,0.0,,,,5172.0,,,,,,,,,,,,,""
10470751785,"Dec 31, 2023, 9:11:25 PM",Walk and talk pat boba back,Walk,"",3310,4.34,126.0,11,false,,,activities/11205232581.fit.gz,,,3310.0,3264.0,4347.3,3.136,1.332,80.2,25.8,9.6,73.0,19.2,1.3,,,,,,117.0,,,207.0,,,11.0,,,,,,,,,,,0.0,,0.0,,1.0,,,,,,,,,,,,,,,,,,,,,,,,,,,0.0,1.313,0.0,,,,5308.0,,,,,,,,,,,,,""
10470751795,"Dec 31, 2023, 8:26:20 PM",Run to Apple Store,Run,"",1228,3.53,173.0,43,false,,HOKA Clifton 8,activities/11205232654.fit.gz,,,1228.0,1196.0,3538.9,4.264,2.959,18.8,72.4,9.2,71.6,36.1,-1.5,,,,,,163.0,,,206.0,,,43.0,,,,,,,,,,,0.0,,0.0,,1.0,3470.4,,,,,,,,,,,,,,,,14035992.0,,,,,,,,,,0.0,2.882,0.0,,,,3468.0,,,,,,,,,,,,,""
10490182407,"Jan 4, 2024, 4:44:23 AM",Evening Run,Run,,3886,6.44,151.0,24,false,,HOKA Clifton 8,activities/11225432005.fit.gz,,,3886.0,3886.0,6445.9,2.898,1.659,0.0,0.0,0.0,0.0,0.0,0.0,,,,,,125.0,,,395.0,,,24.0,,,,,,,,,,,,,0.0,,1.0,6445.0,,,,,,,,,,,,,,,,14035992.0,,,,,,,,,,0.0,1.659,0.0,,,,8634.0,,,,,,,,,,,,,""
10496631923,"Jan 5, 2024, 1:44:00 AM",Afternoon Tennis,Workout,,6463,0,162.0,36,false,,,activities/11232157071.fit.gz,,,6463.0,6463.0,0.0,0.0,0.0,0.0,0.0,0.0,0.0,0.0,0.0,,,,,,128.0,,,689.0,,,36.0,,,,,,,,,,,,,0.0,,1.0,,,,,,,,,,,,,,,,,,,,,,,,,,,0.0,0.0,0.0,,,,,,,,,,,,,,,,,""
10496631931,"Jan 5, 2024, 3:36:44 AM",Evening Ride,Ride,,1683,6.37,159.0,11,false,,1996 Cannondale M200 SE,activities/11232157070.fit.gz,,11.793,1683.0,1647.0,6374.2,12.342,3.87,94.2,94.2,19.6,97.4,28.3,0.4,,,,,,125.0,,,130.0,,,11.0,,,,,,,,,,,,,0.0,,1.0,,,,,,,,,,,,,,,,11490857.0,,,,,,,,,,,0.0,3.787,0.0,,,,,,,,,,,,,,,,,""
10496631937,"Jan 5, 2024, 1:13:02 AM",Afternoon Ride,Ride,,1478,5.78,168.0,27,false,,1996 Cannondale M200 SE,activities/11232157080.fit.gz,,11.793,1478.0,1432.0,5780.4,8.688,4.037,68.0,63.2,21.2,78.6,12.5,0.1,,,,,,143.0,,,130.0,,,27.0,,,,,,,,,,,,,0.0,,1.0,,,,,,,,,,,,,,,,11490857.0,,,,,,,,,,,0.0,3.911,0.0,,,,,,,,,,,,,,,,,""
10501710360,"Jan 5, 2024, 11:22:21 PM",Afternoon Elliptical,Elliptical,,2432,0,148.0,16,false,,,activities/11237389122.fit.gz,,,2432.0,2432.0,0.0,0.0,0.0,0.0,0.0,0.0,0.0,0.0,0.0,,,,,,136.0,,,293.0,,,16.0,,,,,,,,,,,,,0.0,,1.0,,,,,,,,,,,,,,,,,,,,,,,,,,,0.0,0.0,0.0,,,,,,,,,,,,,,,,,""
10508927995,"Jan 7, 2024, 2:52:08 AM",Evening HIIT,Workout,,2104,0,176.0,32,false,,,activities/11245214649.fit.gz,,,2104.0,2104.0,0.0,0.0,0.0,0.0,0.0,0.0,0.0,0.0,0.0,,,,,,139.0,,,258.0,,,32.0,,,,,,,,,,,,,0.0,,1.0,,,,,,,,,,,,,,,,,,,,,,,,,,,0.0,0.0,0.0,,,,,,,,,,,,,,,,,""
10509064222,"Jan 7, 2024, 4:32:04 AM","Ride to izu, Sarah, Daniel game night",Ride,"",971,3.15,169.0,9,false,,1996 Cannondale M200 SE,activities/11245419600.fit.gz,,11.793,971.0,971.0,3150.6,7.584,3.245,40.2,48.0,22.6,70.2,13.5,-0.2,,,,,,126.0,,,95.0,,,9.0,,,,,,,,,,,0.0,,0.0,,1.0,,,,,,,,,,,,,,,,11490857.0,,,,,,,,,,,0.0,3.245,0.0,,,,,,,,,,,,,,,,,""
10509466724,"Jan 7, 2024, 8:07:12 AM",Post-Sarah x izu x Daniel x gizmo late night ride,Ride,"",1338,3.68,179.0,15,false,,1996 Cannondale M200 SE,activities/11245875061.fit.gz,,11.793,1338.0,1286.0,3688.9,7.086,2.869,76.0,76.0,19.4,98.4,48.7,0.9,,,,,,132.0,,,90.0,,,15.0,,,,,,,,,,,0.0,,0.0,,1.0,,,,,,,,,,,,,,,,11490857.0,,,,,,,,,,,0.0,2.757,0.0,,,,,,,,,,,,,,,,,""
10514633362,"Jan 7, 2024, 6:20:43 PM",Bike wheel dead so run to Sarah’s x group run,Run,"",1260,3.35,180.0,37,false,,HOKA Clifton 8,activities/11251223090.fit.gz,,,1260.0,1260.0,3356.8,4.828,2.664,43.4,43.4,23.4,92.2,12.1,-0.9,,,,,,156.0,,,207.0,,,37.0,,,,,,,,,,,0.0,,0.0,,1.0,3376.5,,,,,,,,,,,,,,,,14035992.0,,,,,,,,,,0.0,2.664,0.0,,,,3484.0,,,,,,,,,,,,,""
10514635144,"Jan 7, 2024, 6:48:19 PM",1st pink band society run of 2k24,Run,"",8803,15.49,173.0,157,false,,HOKA Clifton 8,activities/11251224960.fit.gz,,,8803.0,7423.0,15490.5,4.72,2.087,126.2,131.0,8.2,80.0,20.4,0.0,,,,,,152.0,,,889.0,,,157.0,,,,,,,,,,,0.0,,0.0,,1.0,15917.6,,,,,,,,,,,,,,,,14035992.0,,,,,,,,,,0.0,1.76,1422.3,,,,19516.0,,,,,,,,,,,,,media/2DEE22E7-2E16-43DE-A419-C85F549F3C57.jpg|media/DC235DF9-0EED-4C69-B2C5-8764D01A5784.jpg|media/E311F94B-CEF3-4210-AE08-A79F77440C6B.mp4
10515089447,"Jan 7, 2024, 10:52:58 PM",Afternoon Walk,Walk,,1048,1.82,142.0,3,false,,,activities/11251695527.fit.gz,,,1048.0,984.0,1819.8,2.188,1.849,56.4,56.4,39.8,96.2,32.8,5.0,,,,,,120.0,,,104.0,,,3.0,,,,,,,,,,,,,0.0,,1.0,,,,,,,,,,,,,,,,,,,,,,,,,,,0.0,1.736,0.0,,,,1856.0,,,,,,,,,,,,,""
10521996605,"Jan 9, 2024, 3:16:45 AM",Evening HIIT,Workout,,3624,0,138.0,15,false,,,activities/11258841587.fit.gz,,,3624.0,3624.0,0.0,0.0,0.0,0.0,0.0,0.0,0.0,0.0,0.0,,,,,,129.0,,,369.0,,,15.0,,,,,,,,,,,,,0.0,,1.0,,,,,,,,,,,,,,,,,,,,,,,,,,,0.0,0.0,0.0,,,,,,,,,,,,,,,,,""
10528274767,"Jan 10, 2024, 12:14:19 AM",Afternoon Walk,Walk,,4893,3.22,128.0,6,false,,,activities/11265368510.fit.gz,,,4893.0,2573.0,3227.0,3.344,1.254,85.4,85.4,19.0,96.4,28.1,1.1,,,,,,96.0,,,174.0,,,6.0,,,,,,,,,,,,,0.0,,1.0,,,,,,,,,,,,,,,,,,,,,,,,,,,0.0,0.66,0.0,,,,4230.0,,,,,,,,,,,,,""
10534783510,"Jan 11, 2024, 1:16:54 AM",Afternoon Run,Run,,328,0.87,,,false,,HOKA Clifton 8,activities/11272143040.fit.gz,,,328.0,328.0,871.1,3.312,2.656,5.0,5.0,55.6,92.4,5.6,-3.7,,,,,,,,,51.0,,,,,,,,,,,,,,,,0.0,,1.0,809.0,,,,,,,,,,,,,,,,14035992.0,,,,,,,,,,0.0,2.656,0.0,,,,956.0,,,,,,,,,,,,,""
10534997614,"Jan 11, 2024, 1:54:59 AM",Afternoon Elliptical,Elliptical,,3641,0,162.0,27,false,,,activities/11272362755.fit.gz,,,3641.0,3641.0,0.0,0.0,0.0,0.0,0.0,0.0,0.0,0.0,0.0,,,,,,137.0,,,402.0,,,27.0,,,,,,,,,,,,,0.0,,1.0,,,,,,,,,,,,,,,,,,,,,,,,,,,0.0,0.0,0.0,,,,,,,,,,,,,,,,,""
10547202729,"Jan 13, 2024, 2:26:31 AM",Post-dumplings Walk,Walk,"",2925,3.22,112.0,6,false,,,activities/11285405871.fit.gz,,,2925.0,2561.0,3224.0,2.275,1.259,113.2,113.2,4.2,99.2,48.0,2.9,,,,,,97.0,,,171.0,,,6.0,,,,,,,,,,,0.0,,0.0,,1.0,,,,,,,,,,,,,,,,,,,,,,,,,,,0.0,1.102,0.0,,,,4246.0,,,,,,,,,,,,,""
10559193727,"Jan 14, 2024, 6:10:59 PM",Run to Sarah,Run,"",1233,3.35,184.0,61,false,,HOKA Clifton 8,activities/11297863334.fit.gz,,,1233.0,1233.0,3358.7,5.048,2.724,45.2,45.2,23.2,92.6,17.5,-0.9,,,,,,171.0,,,210.0,,,61.0,,,,,,,,,,,0.0,,0.0,,1.0,3366.3,,,,,,,,,,,,,,,,14035992.0,,,,,,,,,,0.0,2.724,0.0,,,,3364.0,,,,,,,,,,,,,""
10559840389,"Jan 14, 2024, 6:46:38 PM",Pink band society to Sausalito run,Run,I paused workout at the bridge end and forgot to restart it sad face,5981,11.93,187.0,270,false,,HOKA Clifton 8,activities/11298533481.fit.gz,,,5981.0,5552.0,11932.6,5.808,2.149,174.8,159.6,51.6,106.4,23.5,0.1,,,,,,171.0,,,713.0,,,270.0,,,,,,,,,,,0.0,,0.0,,1.0,12439.6,,,,,,,,,,,,,,,,14035992.0,,,,,,,,,,0.0,1.995,2006.7,,,,14828.0,,,,,,,,,,,,,media/0196AA44-2710-48D9-AEFC-5D78A982C5A6.jpg|media/03F9AB1B-72B4-4CCB-8E02-D2044E6D6219.jpg
10560363763,"Jan 14, 2024, 10:23:05 PM",Walk,Walk,"",2590,3.34,164.0,17,false,,HOKA Clifton 8,activities/11299073524.fit.gz,,,2590.0,2493.0,3346.0,3.7,1.342,84.8,84.8,28.8,94.0,41.7,1.0,,,,,,128.0,,,196.0,,,17.0,,,,,,,,,,,0.0,,0.0,,1.0,3617.0,,,,,,,,,,,,,,,,14035992.0,,,,,,,,,,0.0,1.292,0.0,,,,4862.0,,,,,,,,,,,,,""
10567314682,"Jan 16, 2024, 12:49:26 AM",Afternoon Walk,Walk,,3674,1.68,132.0,8,false,,,activities/11306335242.fit.gz,,,3674.0,3674.0,1679.2,6.67,0.457,0.0,0.0,0.0,0.0,0.0,0.0,,,,,,96.0,,,124.0,,,8.0,,,,,,,,,,,,,0.0,,1.0,,,,,,,,,,,,,,,,,,,,,,,,,,,0.0,0.457,0.0,,,,2582.0,,,,,,,,,,,,,""
10578272589,"Jan 17, 2024, 7:28:28 PM",Lunch Walk South Park commons,Walk,"",1944,2.62,110.0,4,false,,,activities/11317632285.fit.gz,,,1944.0,1848.0,2621.1,4.953,1.418,19.2,104.2,7.8,98.8,18.5,-3.3,,,,,,98.0,,,114.0,,,4.0,,,,,,,,,,,0.0,,0.0,,1.0,,,,,,,,,,,,,,,,,,,,,,,,,,,0.0,1.348,0.0,,,,3028.0,,,,,,,,,,,,,""
10579057346,"Jan 17, 2024, 10:38:56 PM",Afternoon Walk,Walk,,2059,2.43,127.0,5,false,,,activities/11318468821.fit.gz,,,2059.0,1867.0,2430.9,3.862,1.302,95.2,26.0,8.2,94.0,29.8,2.9,,,,,,109.0,,,137.0,,,5.0,,,,,,,,,,,,,0.0,,1.0,,,,,,,,,,,,,,,,,,,,,,,,,,,0.0,1.181,0.0,,,,3152.0,,,,,,,,,,,,,""
10580011443,"Jan 18, 2024, 3:08:37 AM",First mixed match,Workout,Lfg kaisen hi soumi,4631,0,173.0,49,false,,,activities/11319485507.fit.gz,,,4631.0,4631.0,0.0,0.0,0.0,0.0,0.0,0.0,0.0,0.0,0.0,,,,,,137.0,,,512.0,,,49.0,,,,,,,,,,,0.0,,0.0,,1.0,,,,,,,,,,,,,,,,,,,,,,,,,,,0.0,0.0,0.0,,,,,,,,,,,,,,,,,media/9AE009BF-2041-4B5F-8F8B-C5161AC495BE.jpg
10584213599,"Jan 18, 2024, 7:22:12 PM",Lunch Walk,Walk,,1304,1.84,127.0,4,false,,,activities/11323820757.fit.gz,,,1304.0,1304.0,1846.0,3.176,1.416,0.0,87.4,4.0,92.6,10.1,-4.8,,,,,,111.0,,,76.0,,,4.0,,,,,,,,,,,,,0.0,,1.0,,,,,,,,,,,,,,,,,,,,,,,,,,,0.0,1.416,0.0,,,,1102.0,,,,,,,,,,,,,""
10585871124,"Jan 19, 2024, 1:22:35 AM",Afternoon Walk,Walk,,1658,1.91,145.0,5,false,,,activities/11325532551.fit.gz,,,1658.0,1569.0,1910.4,2.554,1.218,92.0,30.2,4.2,93.6,38.2,3.3,,,,,,109.0,,,126.0,,,5.0,,,,,,,,,,,,,0.0,,1.0,,,,,,,,,,,,,,,,,,,,,,,,,,,0.0,1.152,0.0,,,,2094.0,,,,,,,,,,,,,""
10591375838,"Jan 20, 2024, 12:14:21 AM",Afternoon Elliptical,Elliptical,,3369,0,149.0,20,false,,,activities/11331184747.fit.gz,,,3369.0,3369.0,0.0,0.0,0.0,0.0,0.0,0.0,0.0,0.0,0.0,,,,,,133.0,,,353.0,,,20.0,,,,,,,,,,,,,0.0,,1.0,,,,,,,,,,,,,,,,,,,,,,,,,,,0.0,0.0,0.0,,,,,,,,,,,,,,,,,""
10598162844,"Jan 21, 2024, 1:00:04 AM",Afternoon HIIT,Workout,,970,0,152.0,5,false,,,activities/11338178999.fit.gz,,,970.0,970.0,0.0,0.0,0.0,0.0,0.0,0.0,0.0,0.0,0.0,,,,,,124.0,,,90.0,,,5.0,,,,,,,,,,,,,0.0,,1.0,,,,,,,,,,,,,,,,,,,,,,,,,,,0.0,0.0,0.0,,,,,,,,,,,,,,,,,""
10598162847,"Jan 21, 2024, 1:16:31 AM",Afternoon Row,Rowing,,632,0,166.0,15,false,,,activities/11338178998.fit.gz,,,632.0,632.0,0.0,0.0,0.0,0.0,0.0,0.0,0.0,0.0,0.0,,,,,,152.0,,,79.0,,,15.0,,,,,,,,,,,,,0.0,,1.0,,,,,,,,,,,,,,,,,,,,,,,,,,,0.0,0.0,0.0,,,,,,,,,,,,,,,,,""
10598395511,"Jan 21, 2024, 3:34:21 AM",Elise night walk,Walk,"",1019,2.22,99.0,1,false,,,activities/11338421053.fit.gz,,,1019.0,867.0,2222.5,7.356,2.563,3.8,4.6,-0.6,3.4,9.9,-0.1,,,,,,91.0,,,82.0,,,1.0,,,,,,,,,,,0.0,,0.0,,1.0,,,,,,,,,,,,,,,,,,,,,,,,,,,0.0,2.181,0.0,,,,3456.0,,,,,,,,,,,,,""
10603446249,"Jan 21, 2024, 6:14:12 PM",Run to Daniel,Run,"",1902,5.13,180.0,76,false,,HOKA Clifton 8,activities/11343661122.fit.gz,,,1902.0,1902.0,5137.1,5.3,2.701,68.4,68.4,31.0,92.2,11.3,-0.3,,,,,,163.0,,,314.0,,,76.0,,,,,,,,,,,0.0,,0.0,,1.0,5226.4,,,,,,,,,,,,,,,,14035992.0,,,,,,,,,,0.0,2.701,0.0,,,,5318.0,,,,,,,,,,,,,""
10603988141,"Jan 21, 2024, 7:08:26 PM",Daniel x gizmo walk n talk,Walk,"",4182,5.48,114.0,10,false,,,activities/11344216090.fit.gz,,,4182.0,3846.0,5488.1,2.533,1.427,38.4,52.2,50.0,86.0,29.0,-0.3,,,,,,101.0,,,230.0,,,10.0,,,,,,,,,,,0.0,,0.0,,1.0,,,,,,,,,,,,,,,,,,,,,,,,,,,0.0,1.312,822.8,,,,8010.0,,,,,,,,,,,,,""
10604222892,"Jan 21, 2024, 9:11:09 PM",Run post-acai,Run,"",1574,4.03,184.0,46,false,,HOKA Clifton 8,activities/11344455241.fit.gz,,,1574.0,1574.0,4038.2,4.872,2.566,78.6,71.8,50.4,89.0,20.5,0.2,,,,,,158.0,,,259.0,,,46.0,,,,,,,,,,,0.0,,0.0,,1.0,4209.0,,,,,,,,,,,,,,,,14035992.0,,,,,,,,,,0.0,2.566,0.0,,,,4212.0,,,,,,,,,,,,,""
10611083993,"Jan 23, 2024, 2:30:33 AM",Evening Walk,Walk,,1533,2.05,114.0,3,false,,,activities/11351502341.fit.gz,,,1533.0,1504.0,2057.9,5.703,1.368,0.0,86.8,4.8,92.2,5.0,-4.2,,,,,,99.0,,,97.0,,,3.0,,,,,,,,,,,,,0.0,,1.0,,,,,,,,,,,,,,,,,,,,,,,,,,,0.0,1.342,0.0,,,,2212.0,,,,,,,,,,,,,""
10611344569,"Jan 23, 2024, 3:10:47 AM",Mixed dubs hi Devin and Christina,Workout,Slightly slippery still,6614,0,158.0,28,false,,,activities/11351773119.fit.gz,,,6614.0,6614.0,0.0,0.0,0.0,0.0,0.0,0.0,0.0,0.0,0.0,,,,,,115.0,,,572.0,,,28.0,,,,,,,,,,,0.0,,0.0,,1.0,,,,,,,,,,,,,,,,,,,,,,,,,,,0.0,0.0,0.0,,,,,,,,,,,,,,,,,""
10611390653,"Jan 23, 2024, 5:05:32 AM",Night Walk,Walk,,2164,2.11,154.0,7,false,,,activities/11351821304.fit.gz,,,2164.0,1772.0,2111.8,3.816,1.192,92.0,-2.8,1.4,97.0,41.0,4.5,,,,,,110.0,,,129.0,,,7.0,,,,,,,,,,,,,0.0,,1.0,,,,,,,,,,,,,,,,,,,,,,,,,,,0.0,0.976,0.0,,,,2570.0,,,,,,,,,,,,,""
10617667714,"Jan 24, 2024, 1:04:23 AM",Afternoon Walk,Walk,,2073,2.75,119.0,4,false,,,activities/11358233887.fit.gz,,,2073.0,1959.0,2757.4,3.202,1.408,21.4,111.0,7.4,98.4,29.7,-3.3,,,,,,97.0,,,120.0,,,4.0,,,,,,,,,,,,,0.0,,1.0,,,,,,,,,,,,,,,,,,,,,,,,,,,0.0,1.33,0.0,,,,2838.0,,,,,,,,,,,,,""
10623861834,"Jan 24, 2024, 11:45:03 PM",Afternoon Elliptical,Elliptical,,2502,0,146.0,11,false,,,activities/11364572662.fit.gz,,,2502.0,2502.0,0.0,0.0,0.0,0.0,0.0,0.0,0.0,0.0,0.0,,,,,,131.0,,,261.0,,,11.0,,,,,,,,,,,,,0.0,,1.0,,,,,,,,,,,,,,,,,,,,,,,,,,,0.0,0.0,0.0,,,,,,,,,,,,,,,,,""
10628968947,"Jan 25, 2024, 7:36:54 PM",Lunch Walk,Walk,,1500,1.87,104.0,3,false,,,activities/11369815566.fit.gz,,,1500.0,1402.0,1878.3,2.882,1.34,2.4,95.4,4.2,100.0,44.0,-5.0,,,,,,94.0,,,83.0,,,3.0,,,,,,,,,,,,,0.0,,1.0,,,,,,,,,,,,,,,,,,,,,,,,,,,0.0,1.252,0.0,,,,2610.0,,,,,,,,,,,,,""
10642937889,"Jan 27, 2024, 8:59:18 PM",Lunch Tennis,Workout,,5514,0,172.0,80,false,,,activities/11384222243.fit.gz,,,5514.0,5514.0,0.0,0.0,0.0,0.0,0.0,0.0,0.0,0.0,0.0,,,,,,143.0,,,643.0,,,80.0,,,,,,,,,,,,,0.0,,1.0,,,,,,,,,,,,,,,,,,,,,,,,,,,0.0,0.0,0.0,,,,,,,,,,,,,,,,,""
10662607590,"Jan 30, 2024, 5:18:18 AM",Night HIIT,Workout,,1378,0,184.0,39,false,,,activities/11404722168.fit.gz,,,1378.0,1378.0,0.0,0.0,0.0,0.0,0.0,0.0,0.0,0.0,0.0,,,,,,157.0,,,187.0,,,39.0,,,,,,,,,,,,,0.0,,1.0,,,,,,,,,,,,,,,,,,,,,,,,,,,0.0,0.0,0.0,,,,,,,,,,,,,,,,,""
10671316437,"Jan 31, 2024, 4:46:59 AM",Evening Tennis,Workout,,1074,0,177.0,15,false,,,activities/11413628567.fit.gz,,,1074.0,1074.0,0.0,0.0,0.0,0.0,0.0,0.0,0.0,0.0,0.0,,,,,,141.0,,,124.0,,,15.0,,,,,,,,,,,,,0.0,,1.0,,,,,,,,,,,,,,,,,,,,,,,,,,,0.0,0.0,0.0,,,,,,,,,,,,,,,,,""
10671316493,"Jan 31, 2024, 11:15:35 PM",Afternoon Walk,Walk,,222,1.14,146.0,1,false,,,activities/11413628565.fit.gz,,,222.0,222.0,1141.0,2.037,5.139,29.0,3.0,66.0,95.0,26.5,11.1,,,,,,138.0,,,83.0,,,1.0,,,,,,,,,,,,,0.0,,1.0,,,,,,,,,,,,,,,,,,,,,,,,,,,0.0,5.139,0.0,,,,1804.0,,,,,,,,,,,,,""
10671316573,"Jan 30, 2024, 7:24:59 PM",Lunch Ride,Ride,,846,3.16,181.0,10,false,,1996 Cannondale M200 SE,activities/11413628651.fit.gz,,11.793,846.0,803.0,3160.0,9.138,3.935,39.0,64.6,21.6,86.2,21.6,-0.8,,,,,,132.0,,,60.0,,,10.0,,,,,,,,,,,,,0.0,,1.0,,,,,,,,,,,,,,,,11490857.0,,,,,,,,,,,0.0,3.735,0.0,,,,,,,,,,,,,,,,,""
10671316583,"Jan 30, 2024, 8:09:25 PM",Lunch Ride,Ride,,960,3.43,154.0,5,false,,1996 Cannondale M200 SE,activities/11413628690.fit.gz,,11.793,960.0,919.0,3430.6,7.714,3.733,33.0,42.2,19.0,60.6,15.1,-0.3,,,,,,117.0,,,60.0,,,5.0,,,,,,,,,,,,,0.0,,1.0,,,,,,,,,,,,,,,,11490857.0,,,,,,,,,,,0.0,3.574,0.0,,,,,,,,,,,,,,,,,""
10671416638,"Feb 1, 2024, 12:31:15 AM",Afternoon Elliptical,Elliptical,,1855,0,159.0,20,false,,,activities/11413731032.fit.gz,,,1855.0,1855.0,0.0,0.0,0.0,0.0,0.0,0.0,0.0,0.0,0.0,,,,,,141.0,,,211.0,,,20.0,,,,,,,,,,,,,0.0,,1.0,,,,,,,,,,,,,,,,,,,,,,,,,,,0.0,0.0,0.0,,,,,,,,,,,,,,,,,""
10678057282,"Feb 1, 2024, 6:26:52 PM",Morning Walk,Walk,,235,1.73,122.0,0,false,,,activities/11420536053.fit.gz,,,235.0,235.0,1737.9,3.24,7.395,2.4,-0.6,4.0,7.0,18.1,0.8,,,,,,118.0,,,80.0,,,0.0,,,,,,,,,,,,,0.0,,1.0,,,,,,,,,,,,,,,,,,,,,,,,,,,0.0,7.395,0.0,,,,2296.0,,,,,,,,,,,,,""
10678057292,"Feb 2, 2024, 12:51:02 AM",Afternoon Walk,Walk,,1060,1.79,137.0,1,false,,,activities/11420536047.fit.gz,,,1060.0,675.0,1795.2,2.351,2.66,15.0,11.8,7.0,22.0,23.1,0.4,,,,,,100.0,,,89.0,,,1.0,,,,,,,,,,,,,0.0,,1.0,,,,,,,,,,,,,,,,,,,,,,,,,,,0.0,1.694,0.0,,,,1718.0,,,,,,,,,,,,,""
10712032451,"Feb 6, 2024, 5:44:40 AM",Night HIIT,Workout,,3340,0,145.0,12,false,,,activities/11455744667.fit.gz,,,3340.0,3340.0,0.0,0.0,0.0,0.0,0.0,0.0,0.0,0.0,0.0,,,,,,118.0,,,284.0,,,12.0,,,,,,,,,,,,,0.0,,1.0,,,,,,,,,,,,,,,,,,,,,,,,,,,0.0,0.0,0.0,,,,,,,,,,,,,,,,,""
10712032460,"Feb 7, 2024, 1:20:42 AM",Afternoon Elliptical,Elliptical,,2501,0,156.0,26,false,,,activities/11455744669.fit.gz,,,2501.0,2501.0,0.0,0.0,0.0,0.0,0.0,0.0,0.0,0.0,0.0,,,,,,140.0,,,279.0,,,26.0,,,,,,,,,,,,,0.0,,1.0,,,,,,,,,,,,,,,,,,,,,,,,,,,0.0,0.0,0.0,,,,,,,,,,,,,,,,,""
10712032462,"Feb 7, 2024, 2:03:30 AM",Evening Weight Training,Weight Training,,1155,0,176.0,23,false,,,activities/11455744672.fit.gz,,,1155.0,1155.0,0.0,0.0,0.0,0.0,0.0,0.0,0.0,0.0,0.0,,,,,,149.0,,,142.0,,,23.0,,,,,,,,,,,,,0.0,,1.0,,,,,,,,,,,,,,,,,,,,,,,,,,,0.0,0.0,0.0,,,,,,,,,,,,,,,,,""
10712225447,"Feb 7, 2024, 2:35:50 AM",Walk for TooGoodToGo x library,Walk,"",1837,2.48,155.0,4,false,,,activities/11455943181.fit.gz,,,1837.0,1367.0,2479.9,2.498,1.814,80.2,20.0,12.4,94.0,44.1,3.9,,,,,,118.0,,,143.0,,,4.0,,,,,,,,,,,0.0,,0.0,,1.0,,,,,,,,,,,,,,,,,,,,,,,,,,,0.0,1.35,0.0,,,,2534.0,,,,,,,,,,,,,""
10712225571,"Feb 3, 2024, 12:44:05 AM",Afternoon Walk,Walk,,2907,4.10,154.0,9,false,,,activities/11455943288.fit.gz,,,2907.0,2818.0,4104.1,3.898,1.456,67.8,67.8,24.6,96.0,20.8,-0.8,,,,,,117.0,,,210.0,,,9.0,,,,,,,,,,,,,0.0,,1.0,,,,,,,,,,,,,,,,,,,,,,,,,,,0.0,1.412,0.0,,,,4708.0,,,,,,,,,,,,,""
10712225576,"Jan 26, 2024, 6:24:34 AM",Night HIIT,Workout,,2469,0,128.0,5,false,,,activities/11455943329.fit.gz,,,2469.0,2469.0,0.0,0.0,0.0,0.0,0.0,0.0,0.0,0.0,0.0,,,,,,95.0,,,143.0,,,5.0,,,,,,,,,,,,,0.0,,1.0,,,,,,,,,,,,,,,,,,,,,,,,,,,0.0,0.0,0.0,,,,,,,,,,,,,,,,,""
10722729983,"Feb 8, 2024, 6:03:52 PM",Morning Walk,Walk,,1390,1.80,135.0,4,false,,,activities/11466737303.fit.gz,,,1390.0,1368.0,1805.8,2.837,1.32,0.0,91.0,4.2,95.2,2.7,-5.1,,,,,,117.0,,,76.0,,,4.0,,,,,,,,,,,,,0.0,,1.0,,,,,,,,,,,,,,,,,,,,,,,,,,,0.0,1.299,0.0,,,,1108.0,,,,,,,,,,,,,""
10724757778,"Feb 9, 2024, 12:35:38 AM",Afternoon Walk,Walk,,1448,1.82,113.0,4,false,,,activities/11468800876.fit.gz,,,1448.0,1448.0,1819.6,2.758,1.257,96.0,17.2,4.4,95.2,45.0,4.4,,,,,,110.0,,,115.0,,,4.0,,,,,,,,,,,,,0.0,,1.0,,,,,,,,,,,,,,,,,,,,,,,,,,,0.0,1.257,0.0,,,,1796.0,,,,,,,,,,,,,""
10725334022,"Feb 9, 2024, 2:14:11 AM",Late to Kung match ride,Ride,"",1589,6.06,177.0,28,false,,1996 Cannondale M200 SE,activities/11469398063.fit.gz,,11.793,1589.0,1569.0,6064.9,9.938,3.865,68.2,68.2,21.6,102.8,45.1,-0.4,,,,,,144.0,,,147.0,,,28.0,,,,,,,,,,,0.0,,0.0,,1.0,,,,,,,,,,,,,,,,11490857.0,,,,,,,,,,,0.0,3.817,0.0,,,,,,,,,,,,,,,,,""
10725398109,"Feb 9, 2024, 4:54:17 AM",Contemplating tiebreakers night ride,Ride,"",1859,6.30,161.0,14,false,,1996 Cannondale M200 SE,activities/11469465526.fit.gz,,11.793,1859.0,1826.0,6305.1,9.838,3.453,87.6,87.6,19.6,95.4,21.0,0.3,,,,,,130.0,,,136.0,,,14.0,,,,,,,,,,,0.0,,0.0,,1.0,,,,,,,,,,,,,,,,11490857.0,,,,,,,,,,,0.0,3.392,0.0,,,,,,,,,,,,,,,,,""
10729225273,"Feb 9, 2024, 7:12:11 PM",Run to LNY box pickup,Run,"",2127,5.55,174.0,68,false,,HOKA Clifton 8,activities/11473415868.fit.gz,,,2127.0,2012.0,5551.6,6.068,2.759,28.8,108.6,3.4,93.6,16.3,-1.4,,,,,,161.0,,,317.0,,,68.0,,,,,,,,,,,0.0,,0.0,,1.0,5500.7,,,,,,,,,,,,,,,,14035992.0,,,,,,,,,,0.0,2.61,36.6,,,,5666.0,,,,,,,,,,,,,""
10736544483,"Feb 10, 2024, 8:38:11 PM",Lunch Walk,Walk,,891,1.79,108.0,1,false,,,activities/11480967653.fit.gz,,,891.0,803.0,1796.1,2.765,2.237,0.0,2.6,72.6,77.4,15.3,-0.3,,,,,,95.0,,,78.0,,,1.0,,,,,,,,,,,,,0.0,,1.0,,,,,,,,,,,,,,,,,,,,,,,,,,,0.0,2.016,0.0,,,,2046.0,,,,,,,,,,,,,""
10737425885,"Feb 11, 2024, 12:49:47 AM",Patrick twin peaks walk,Walk,"",323,1.41,,,false,,,activities/11481878320.fit.gz,,,323.0,323.0,1414.6,2.022,4.379,3.4,40.2,152.8,190.2,33.8,-9.7,,,,,,,,,55.0,,,,,,,,,,,,,,0.0,,0.0,,1.0,,,,,,,,,,,,,,,,,,,,,,,,,,,0.0,4.379,0.0,,,,1084.0,,,,,,,,,,,,,media/45008E08-EB92-49AD-A968-32D343575F35.jpg
10743995048,"Feb 11, 2024, 10:19:43 PM",Pre-superb owl laps,Run,"",1767,4.87,175.0,71,false,,HOKA Clifton 8,activities/11488664502.fit.gz,,,1767.0,1757.0,4869.3,4.392,2.771,37.4,39.2,89.0,94.2,28.2,0.0,,,,,,166.0,,,276.0,,,71.0,,,,,,,,,,,0.0,,0.0,,1.0,4886.8,,,,,,,,,,,,,,,,14035992.0,,,,,,,,,,0.0,2.756,0.0,,,,5032.0,,,,,,,,,,,,,""
10750358629,"Feb 12, 2024, 11:52:17 PM",Afternoon Walk,Walk,,1463,1.92,108.0,3,false,,,activities/11495217566.fit.gz,,,1463.0,1405.0,1929.0,2.479,1.373,0.0,94.4,4.2,98.6,5.5,-4.9,,,,,,97.0,,,85.0,,,3.0,,,,,,,,,,,,,0.0,,1.0,,,,,,,,,,,,,,,,,,,,,,,,,,,0.0,1.319,0.0,,,,1148.0,,,,,,,,,,,,,""
10751045504,"Feb 13, 2024, 4:06:12 AM",Evening Walk,Walk,,1659,1.86,138.0,5,false,,,activities/11495925978.fit.gz,,,1659.0,1616.0,1865.8,2.978,1.155,97.4,0.0,-3.6,96.6,35.6,5.2,,,,,,112.0,,,119.0,,,5.0,,,,,,,,,,,,,0.0,,1.0,,,,,,,,,,,,,,,,,,,,,,,,,,,0.0,1.125,0.0,,,,2202.0,,,,,,,,,,,,,""
10757802797,"Feb 14, 2024, 1:22:41 AM",Retail therapy run,Run,"",1081,2.59,164.0,15,false,,HOKA Clifton 8,activities/11502869322.fit.gz,,,1081.0,854.0,2598.4,4.752,3.043,6.8,75.0,21.0,89.2,5.6,-2.6,,,,,,146.0,,,149.0,,,15.0,,,,,,,,,,,0.0,,0.0,,1.0,2482.8,,,,,,,,,,,,,,,,14035992.0,,,,,,,,,,0.0,2.404,0.0,,,,2446.0,,,,,,,,,,,,,""
10757802869,"Feb 14, 2024, 2:01:06 AM",Kat x Rachel walk and talk,Walk,"",1922,1.96,121.0,4,false,,,activities/11502869381.fit.gz,,,1922.0,1589.0,1959.6,2.415,1.233,81.0,44.4,23.6,82.4,22.0,1.9,,,,,,108.0,,,117.0,,,4.0,,,,,,,,,,,0.0,,0.0,,1.0,,,,,,,,,,,,,,,,,,,,,,,,,,,0.0,1.02,0.0,,,,1838.0,,,,,,,,,,,,,""
10757910296,"Feb 14, 2024, 2:34:24 AM",Run through parks while continuing kat and Rachel call,Run,"",2582,4.57,161.0,33,false,,HOKA Clifton 8,activities/11502992341.fit.gz,,,2582.0,2094.0,4573.8,5.248,2.184,114.2,115.6,34.2,115.6,35.3,0.0,,,,,,143.0,,,290.0,,,33.0,,,,,,,,,,,0.0,,0.0,,1.0,4927.4,,,,,,,,,,,,,,,,14035992.0,,,,,,,,,,0.0,1.771,0.0,,,,5580.0,,,,,,,,,,,,,media/4962341A-4FBB-4B71-A808-CCCC388A7292.mp4|media/ADF8EA59-9508-4B52-B450-A019717D04EC.jpg
10763063779,"Feb 14, 2024, 9:04:45 PM",Run to lobster,Run,"",805,2.02,158.0,16,false,,HOKA Clifton 8,activities/11508299764.fit.gz,,,805.0,772.0,2020.0,4.094,2.617,26.6,116.4,6.0,107.6,35.3,-4.5,,,,,,149.0,,,125.0,,,16.0,,,,,,,,,,,0.0,,0.0,,1.0,2033.5,,,,,,,,,,,,,,,,14035992.0,,,,,,,,,,0.0,2.509,0.0,,,,2194.0,,,,,,,,,,,,,""
10763186481,"Feb 14, 2024, 9:26:59 PM",Run with lobster,Run,"",1034,1.65,169.0,21,false,,HOKA Clifton 8,activities/11508424463.fit.gz,,,1034.0,1020.0,1654.7,4.574,1.622,116.2,15.8,6.4,106.8,47.4,6.1,,,,,,149.0,,,131.0,,,21.0,,,,,,,,,,,0.0,,0.0,,1.0,2217.6,,,,,,,,,,,,,,,,14035992.0,,,,,,,,,,0.0,1.6,0.0,,,,2176.0,,,,,,,,,,,,,""
10770470025,"Feb 16, 2024, 12:31:11 AM",Afternoon Walk,Walk,,961,1.87,152.0,5,false,,,activities/11515906164.fit.gz,,,961.0,884.0,1872.4,2.482,2.118,96.8,10.2,10.4,109.2,49.6,8.1,,,,,,127.0,,,118.0,,,5.0,,,,,,,,,,,,,0.0,,1.0,,,,,,,,,,,,,,,,,,,,,,,,,,,0.0,1.948,0.0,,,,2648.0,,,,,,,,,,,,,""
10770969237,"Feb 16, 2024, 2:48:02 AM",Evening Tennis,Workout,,6140,0,160.0,29,false,,,activities/11516421548.fit.gz,,,6140.0,6140.0,0.0,0.0,0.0,0.0,0.0,0.0,0.0,0.0,0.0,,,,,,119.0,,,550.0,,,29.0,,,,,,,,,,,,,0.0,,1.0,,,,,,,,,,,,,,,,,,,,,,,,,,,0.0,0.0,0.0,,,,,,,,,,,,,,,,,""
10775071044,"Feb 16, 2024, 7:04:47 PM",Ride to Daniel,Ride,"",1236,5.13,169.0,7,false,,1996 Cannondale M200 SE,activities/11520652379.fit.gz,,11.793,1236.0,1236.0,5131.4,8.428,4.152,66.2,67.2,20.8,78.2,12.8,0.0,,,,,,123.0,,,110.0,,,7.0,,,,,,,,,,,0.0,,0.0,,1.0,,,,,,,,,,,,,,,,11490857.0,,,,,,,,,,,0.0,4.152,0.0,,,,,,,,,,,,,,,,,""
10775237859,"Feb 16, 2024, 7:43:04 PM",Daniel x gizmo walk,Walk,"",1249,2.39,136.0,3,false,,,activities/11520824159.fit.gz,,,1249.0,1227.0,2395.2,3.007,1.952,12.4,8.0,73.2,81.8,12.3,0.3,,,,,,98.0,,,92.0,,,3.0,,,,,,,,,,,0.0,,0.0,,1.0,,,,,,,,,,,,,,,,,,,,,,,,,,,0.0,1.918,0.0,,,,3552.0,,,,,,,,,,,,,""
10775552331,"Feb 16, 2024, 9:07:33 PM",Bike from Sarah,Ride,"",673,2.40,153.0,5,false,,1996 Cannondale M200 SE,activities/11521146094.fit.gz,,11.793,673.0,673.0,2406.6,8.128,3.576,38.2,35.4,31.2,66.6,11.4,0.1,,,,,,122.0,,,52.0,,,5.0,,,,,,,,,,,0.0,,0.0,,1.0,,,,,,,,,,,,,,,,11490857.0,,,,,,,,,,,0.0,3.576,0.0,,,,,,,,,,,,,,,,,""
10797481855,"Feb 19, 2024, 9:09:18 PM",Cole valley lunch ish walk,Walk,"",440,1.43,97.0,0,false,,,activities/11543843408.fit.gz,,,440.0,371.0,1433.4,2.151,3.864,0.0,33.8,92.8,127.0,0.0,-7.5,,,,,,85.0,,,81.0,,,0.0,,,,,,,,,,,0.0,,0.0,,1.0,,,,,,,,,,,,,,,,,,,,,,,,,,,0.0,3.258,0.0,,,,2064.0,,,,,,,,,,,,,""
10804836049,"Feb 20, 2024, 10:20:17 PM",Door knocking for dccc walk,Walk,"",14624,6.11,154.0,11,false,,,activities/11551395872.fit.gz,,,14624.0,4926.0,6111.4,2.571,1.241,463.6,485.6,52.8,115.4,50.0,-0.4,,,,,,95.0,,,605.0,,,11.0,,,,,,,,,,,0.0,,0.0,,1.0,,,,,,,,,,,,,,,,,,,,,,,,,,,0.0,0.418,0.0,,,,8360.0,,,,,,,,,,,,,media/361C6022-8328-4F55-BD0A-D4FE25753A6B.jpg
10810262997,"Feb 21, 2024, 8:56:35 PM",Lunch Weight Training,Weight Training,,1119,0,168.0,14,false,,,activities/11556976503.fit.gz,,,1119.0,1119.0,0.0,0.0,0.0,0.0,0.0,0.0,0.0,0.0,0.0,,,,,,137.0,,,122.0,,,14.0,,,,,,,,,,,,,0.0,,1.0,,,,,,,,,,,,,,,,,,,,,,,,,,,0.0,0.0,0.0,,,,,,,,,,,,,,,,,""
10851071606,"Feb 27, 2024, 10:31:56 PM",Afternoon Walk,Walk,,2301,3.14,125.0,6,false,,,activities/11599118145.fit.gz,,,2301.0,2211.0,3140.3,2.622,1.42,49.6,49.6,42.2,94.4,44.2,-0.9,,,,,,105.0,,,146.0,,,6.0,,,,,,,,,,,,,0.0,,1.0,,,,,,,,,,,,,,,,,,,,,,,,,,,0.0,1.365,0.0,,,,3446.0,,,,,,,,,,,,,""
10852161868,"Feb 28, 2024, 4:06:52 AM",Evening Elliptical,Elliptical,,1429,0,149.0,15,false,,,activities/11600239301.fit.gz,,,1429.0,1429.0,0.0,0.0,0.0,0.0,0.0,0.0,0.0,0.0,0.0,,,,,,140.0,,,166.0,,,15.0,,,,,,,,,,,,,0.0,,1.0,,,,,,,,,,,,,,,,,,,,,,,,,,,0.0,0.0,0.0,,,,,,,,,,,,,,,,,""
10855989923,"Feb 28, 2024, 5:16:04 PM",Morning Walk,Walk,,1375,1.87,131.0,4,false,,,activities/11604199763.fit.gz,,,1375.0,1353.0,1874.3,2.9,1.385,2.2,105.0,4.6,107.4,7.4,-5.5,,,,,,113.0,,,75.0,,,4.0,,,,,,,,,,,,,0.0,,1.0,,,,,,,,,,,,,,,,,,,,,,,,,,,0.0,1.363,0.0,,,,1138.0,,,,,,,,,,,,,""
10863943647,"Feb 29, 2024, 8:13:17 PM",Lunch Run,Run,,3404,8.57,172.0,88,false,,HOKA Clifton 8,activities/11612370751.fit.gz,,,3404.0,3221.0,8578.7,5.09,2.663,84.0,84.0,3.0,94.8,15.6,-0.3,,,,,,155.0,,,522.0,,,88.0,,,,,,,,,,,,,0.0,,1.0,8704.5,,,,,,,,,,,,,,,,14035992.0,,,,,,,,,,0.0,2.52,236.5,,,,9012.0,,,,,,,,,,,,,""
10863943758,"Feb 25, 2024, 1:51:27 AM",Afternoon Elliptical,Elliptical,,2162,0,157.0,25,false,,,activities/11612371005.fit.gz,,,2162.0,2162.0,0.0,0.0,0.0,0.0,0.0,0.0,0.0,0.0,0.0,,,,,,138.0,,,249.0,,,25.0,,,,,,,,,,,,,0.0,,1.0,,,,,,,,,,,,,,,,,,,,,,,,,,,0.0,0.0,0.0,,,,,,,,,,,,,,,,,""
10869499518,"Mar 1, 2024, 7:26:36 PM",Run with Sarah,Run,"",1558,4.49,167.0,48,false,,HOKA Clifton 8,activities/11618099852.fit.gz,,,1558.0,1534.0,4497.8,3.726,2.932,22.6,27.0,51.8,78.8,5.3,-0.1,,,,,,159.0,,,268.0,,,48.0,,,,,,,,,,,0.0,,0.0,,1.0,3592.5,,,,,,,,,,,,,,,,14035992.0,,,,,,,,,,0.0,2.887,0.0,,,,5244.0,,,,,,,,,,,,,""
10869667885,"Mar 1, 2024, 6:56:22 PM",Run to sarah,Run,"",1324,3.47,176.0,39,false,,HOKA Clifton 8,activities/11618274793.fit.gz,,,1324.0,1285.0,3471.2,4.652,2.701,42.8,42.8,24.2,94.0,17.1,-1.0,,,,,,157.0,,,211.0,,,39.0,,,,,,,,,,,0.0,,0.0,,1.0,3473.5,,,,,,,,,,,,,,,,14035992.0,,,,,,,,,,0.0,2.622,0.0,,,,3528.0,,,,,,,,,,,,,""
10869754679,"Mar 1, 2024, 8:48:36 PM",Lunch Run,Run,,499,0.98,158.0,8,false,,HOKA Clifton 8,activities/11618363664.fit.gz,,,499.0,463.0,979.3,4.95,2.115,24.4,7.4,34.0,55.8,25.1,1.8,,,,,,145.0,,,60.0,,,8.0,,,,,,,,,,,,,0.0,,1.0,1024.6,,,,,,,,,,,,,,,,14035992.0,,,,,,,,,,0.0,1.963,0.0,,,,1182.0,,,,,,,,,,,,,""
10885650066,"Mar 4, 2024, 2:04:10 AM",Run to Apple Store,Run,"",384,0.92,165.0,10,false,,HOKA Clifton 8,activities/11635702288.fit.gz,,,384.0,363.0,921.6,4.614,2.539,0.0,67.8,24.2,92.0,0.0,-7.4,,,,,,157.0,,,50.0,,,10.0,,,,,,,,,,,0.0,,0.0,,1.0,848.1,,,,,,,,,,,,,,,,14035992.0,,,,,,,,,,0.0,2.4,0.0,,,,1058.0,,,,,,,,,,,,,""
10885650078,"Mar 4, 2024, 2:26:53 AM",Evening Run,Run,,2056,5.06,171.0,55,false,,HOKA Clifton 8,activities/11635702289.fit.gz,,,2056.0,1989.0,5065.2,4.504,2.547,86.8,19.0,25.4,97.2,29.4,1.3,,,,,,156.0,,,312.0,,,55.0,,,,,,,,,,,,,0.0,,1.0,5385.5,,,,,,,,,,,,,,,,14035992.0,,,,,,,,,,0.0,2.464,0.0,,,,5370.0,,,,,,,,,,,,,""
10892223035,"Mar 5, 2024, 1:04:33 AM",Ride to phone banking,Ride,"",1748,7.04,178.0,15,false,,1996 Cannondale M200 SE,activities/11643463319.fit.gz,,11.793,1748.0,1731.0,7039.1,8.186,4.067,116.0,75.4,46.0,96.0,23.4,0.6,,,,,,119.0,,,164.0,,,15.0,,,,,,,,,,,0.0,,0.0,,1.0,,,,,,,,,,,,,,,,11490857.0,,,,,,,,,,,0.0,4.027,0.0,,,,,,,,,,,,,,,,,""
10897667123,"Mar 5, 2024, 6:05:38 PM",Election day walk to canvass,Walk,"",3574,4.29,122.0,7,false,,,activities/11652998906.fit.gz,,,3574.0,3154.0,4292.8,3.483,1.361,44.4,44.4,17.0,101.0,44.4,-1.2,,,,,,99.0,,,200.0,,,7.0,,,,,,,,,,,0.0,,0.0,,1.0,,,,,,,,,,,,,,,,,,,,,,,,,,,0.0,1.201,117.1,,,,5650.0,,,,,,,,,,,,,media/3420D04B-2F9D-4CCE-B5CA-62E50032CBA8.jpg
10899731092,"Mar 6, 2024, 12:59:14 AM",Post-election day walk to dumplings,Walk,"",1781,1.95,109.0,3,false,,,activities/11655264428.fit.gz,,,1781.0,1539.0,1958.8,2.413,1.273,9.4,34.2,18.6,45.6,7.6,-1.3,,,,,,95.0,,,94.0,,,3.0,,,,,,,,,,,0.0,,0.0,,1.0,,,,,,,,,,,,,,,,,,,,,,,,,,,0.0,1.1,138.0,,,,2176.0,,,,,,,,,,,,,""
10906876432,"Mar 7, 2024, 12:46:12 AM",Run to Sarah,Run,"",1285,3.22,163.0,28,false,,HOKA Clifton 8,activities/11662841201.fit.gz,,,1285.0,1206.0,3228.5,5.902,2.677,36.6,36.6,21.6,91.8,15.0,-1.3,,,,,,153.0,,,195.0,,,28.0,,,,,,,,,,,0.0,,0.0,,1.0,3214.1,,,,,,,,,,,,,,,,14035992.0,,,,,,,,,,0.0,2.512,0.0,,,,3216.0,,,,,,,,,,,,,""
10907063066,"Mar 7, 2024, 2:40:02 AM",Run post-Sarah,Run,"",804,1.70,167.0,11,false,,HOKA Clifton 8,activities/11663041803.fit.gz,,,804.0,789.0,1708.9,4.923,2.166,32.8,11.2,27.8,57.4,30.2,1.2,,,,,,141.0,,,103.0,,,11.0,,,,,,,,,,,0.0,,0.0,,1.0,1804.5,,,,,,,,,,,,,,,,14035992.0,,,,,,,,,,0.0,2.125,0.0,,,,1900.0,,,,,,,,,,,,,""
10907063437,"Mar 7, 2024, 1:11:06 AM",Run with Sarah,Run,"",3825,7.96,160.0,71,false,,HOKA Clifton 8,activities/11663042315.fit.gz,,,3825.0,3780.0,7961.8,3.76,2.106,46.6,55.2,50.8,79.0,7.8,-0.1,,,,,,145.0,,,438.0,,,71.0,,,,,,,,,,,0.0,,0.0,,1.0,8011.4,,,,,,,,,,,,,,,,14035992.0,,,,,,,,,,0.0,2.082,0.0,,,,10000.0,,,,,,,,,,,,,""
10911491121,"Mar 7, 2024, 6:12:21 PM",Morning Walk,Walk,,1295,1.70,117.0,3,false,,,activities/11667674375.fit.gz,,,1295.0,1257.0,1700.8,3.136,1.353,2.2,85.4,3.8,89.2,10.0,-5.0,,,,,,109.0,,,75.0,,,3.0,,,,,,,,,,,,,0.0,,1.0,,,,,,,,,,,,,,,,,,,,,,,,,,,0.0,1.313,0.0,,,,1048.0,,,,,,,,,,,,,""
10913426239,"Mar 8, 2024, 12:03:20 AM",Afternoon Walk,Walk,,1543,1.96,168.0,9,false,,,activities/11669663579.fit.gz,,,1543.0,1543.0,1967.6,2.852,1.275,91.4,2.0,3.0,94.4,25.8,4.6,,,,,,118.0,,,126.0,,,9.0,,,,,,,,,,,,,0.0,,1.0,,,,,,,,,,,,,,,,,,,,,,,,,,,0.0,1.275,0.0,,,,2288.0,,,,,,,,,,,,,""
10914071999,"Mar 8, 2024, 2:46:41 AM",Evening Tennis,Workout,,6681,0,159.0,29,false,,,activities/11670338341.fit.gz,,,6681.0,6681.0,0.0,0.0,0.0,0.0,0.0,0.0,0.0,0.0,0.0,,,,,,116.0,,,631.0,,,29.0,,,,,,,,,,,,,0.0,,1.0,,,,,,,,,,,,,,,,,,,,,,,,,,,0.0,0.0,0.0,,,,,,,,,,,,,,,,,""
10917765603,"Mar 8, 2024, 5:09:29 PM",Walk to Kaiser,Walk,"",2293,2.55,127.0,5,false,,,activities/11674185066.fit.gz,,,2293.0,2164.0,2559.0,2.422,1.183,29.4,29.4,42.4,96.0,32.0,-2.0,,,,,,102.0,,,126.0,,,5.0,,,,,,,,,,,0.0,,0.0,,1.0,,,,,,,,,,,,,,,,,,,,,,,,,,,0.0,1.116,0.0,,,,3826.0,,,,,,,,,,,,,""
10926781856,"Mar 9, 2024, 10:37:20 PM",Vibes run,Run,"",3957,9.75,174.0,87,false,,HOKA Clifton 8,activities/11683555244.fit.gz,,,3957.0,3879.0,9749.6,5.93,2.513,92.6,92.6,3.2,99.8,49.5,-0.4,,,,,,152.0,,,589.0,,,87.0,,,,,,,,,,,0.0,,0.0,,1.0,10006.2,,,,,,,,,,,,,,,,14035992.0,,,,,,,,,,0.0,2.464,0.0,,,,10204.0,,,,,,,,,,,,,""
10933869552,"Mar 11, 2024, 12:14:14 AM",Ride to tennis,Ride,"",1611,6.08,175.0,26,false,,1996 Cannondale M200 SE,activities/11691023265.fit.gz,,11.793,1611.0,1579.0,6084.9,9.144,3.854,72.0,72.0,22.8,92.0,13.6,-0.3,,,,,,142.0,,,140.0,,,26.0,,,,,,,,,,,0.0,,0.0,,1.0,,,,,,,,,,,,,,,,11490857.0,,,,,,,,,,,0.0,3.777,0.0,,,,,,,,,,,,,,,,,""
10934191442,"Mar 11, 2024, 1:02:25 AM",Mixed dubs tennis match hi Wes,Workout,Guy opponent just graduated from Davis men’s team 💀🙈,6810,0,173.0,69,false,,,activities/11691365939.fit.gz,,,6810.0,6810.0,0.0,0.0,0.0,0.0,0.0,0.0,0.0,0.0,0.0,,,,,,135.0,,,777.0,,,69.0,,,,,,,,,,,0.0,,0.0,,1.0,,,,,,,,,,,,,,,,,,,,,,,,,,,0.0,0.0,0.0,,,,,,,,,,,,,,,,,""
10934249205,"Mar 11, 2024, 3:35:22 AM",Ride post-tennis contemplating tiebreaks,Ride,"",1843,6.25,167.0,18,false,,1996 Cannondale M200 SE,activities/11691427245.fit.gz,,11.793,1843.0,1828.0,6256.9,11.39,3.423,88.2,88.2,19.4,96.4,34.1,0.4,,,,,,131.0,,,133.0,,,18.0,,,,,,,,,,,0.0,,0.0,,1.0,,,,,,,,,,,,,,,,11490857.0,,,,,,,,,,,0.0,3.395,0.0,,,,,,,,,,,,,,,,,""
10939498200,"Mar 11, 2024, 10:07:23 PM",Gap to Athleta run,Run,Hills,631,1.06,178.0,5,false,,HOKA Clifton 8,activities/11696845695.fit.gz,,,631.0,569.0,1059.3,3.44,1.862,69.8,8.2,8.2,78.0,35.1,5.8,,,,,,131.0,,,87.0,,,5.0,,,,,,,,,,,0.0,,0.0,,1.0,1418.2,,,,,,,,,,,,,,,,14035992.0,,,,,,,,,,0.0,1.679,0.0,,,,1348.0,,,,,,,,,,,,,""
10939846824,"Mar 11, 2024, 9:38:08 PM",Run to return gap item,Run,"",1163,3.12,163.0,21,false,,HOKA Clifton 8,activities/11697202369.fit.gz,,,1163.0,1135.0,3121.2,4.964,2.75,16.8,16.8,10.6,94.2,16.7,-2.7,,,,,,147.0,,,184.0,,,21.0,,,,,,,,,,,0.0,,0.0,,1.0,3016.4,,,,,,,,,,,,,,,,14035992.0,,,,,,,,,,0.0,2.684,0.0,,,,3178.0,,,,,,,,,,,,,""
10940348186,"Mar 11, 2024, 11:45:29 PM",Run to Sarah,Run,"",1647,3.50,174.0,37,false,,HOKA Clifton 8,activities/11697719320.fit.gz,,,1647.0,1381.0,3508.6,5.0,2.541,44.4,44.4,22.4,90.0,16.0,-0.9,,,,,,157.0,,,219.0,,,37.0,,,,,,,,,,,0.0,,0.0,,1.0,3523.0,,,,,,,,,,,,,,,,14035992.0,,,,,,,,,,0.0,2.13,0.0,,,,3624.0,,,,,,,,,,,,,""
10940508630,"Mar 12, 2024, 1:54:04 AM",Run from Sarah,Run,"",1194,2.46,167.0,20,false,,HOKA Clifton 8,activities/11697885108.fit.gz,,,1194.0,1158.0,2460.6,3.897,2.125,55.2,18.6,26.0,67.4,15.4,1.5,,,,,,147.0,,,152.0,,,20.0,,,,,,,,,,,0.0,,0.0,,1.0,2624.3,,,,,,,,,,,,,,,,14035992.0,,,,,,,,,,0.0,2.061,0.0,,,,2918.0,,,,,,,,,,,,,""
10940512300,"Mar 12, 2024, 12:13:11 AM",Run with Sarah feat will sprint,Run,"",4041,8.13,163.0,77,false,,HOKA Clifton 8,activities/11697888957.fit.gz,,,4041.0,3825.0,8129.2,4.506,2.125,75.4,55.6,51.0,84.4,15.4,0.2,,,,,,148.0,,,467.0,,,77.0,,,,,,,,,,,0.0,,0.0,,1.0,8278.5,,,,,,,,,,,,,,,,14035992.0,,,,,,,,,,0.0,2.012,8.0,,,,10600.0,,,,,,,,,,,,,""
10947607544,"Mar 13, 2024, 12:45:16 AM",Late to tennis bike ride,Ride,"",1520,5.75,172.0,18,false,,1996 Cannondale M200 SE,activities/11705212072.fit.gz,,11.793,1520.0,1407.0,5752.0,10.857,4.088,68.6,64.0,21.8,79.8,42.9,0.1,,,,,,134.0,,,121.0,,,18.0,,,,,,,,,,,0.0,,0.0,,1.0,,,,,,,,,,,,,,,,11490857.0,,,,,,,,,,,0.0,3.784,0.0,,,,,,,,,,,,,,,,,""
10947949385,"Mar 13, 2024, 2:02:05 AM",Wes and Lizzie win tennis finally mixed dubs,Workout,"",4037,0,153.0,25,false,,,activities/11705568315.fit.gz,,,4037.0,4037.0,0.0,0.0,0.0,0.0,0.0,0.0,0.0,0.0,0.0,,,,,,129.0,,,437.0,,,25.0,,,,,,,,,,,0.0,,0.0,,1.0,,,,,,,,,,,,,,,,,,,,,,,,,,,0.0,0.0,0.0,,,,,,,,,,,,,,,,,""
10948139139,"Mar 13, 2024, 4:04:21 AM",Post-win night ride,Ride,"",1767,6.39,154.0,9,false,,1996 Cannondale M200 SE,activities/11705770588.fit.gz,,11.793,1767.0,1767.0,6391.0,9.858,3.617,86.0,86.0,19.2,95.2,21.4,0.3,,,,,,123.0,,,135.0,,,9.0,,,,,,,,,,,0.0,,0.0,,1.0,,,,,,,,,,,,,,,,11490857.0,,,,,,,,,,,0.0,3.617,0.0,,,,,,,,,,,,,,,,,""
10953388925,"Mar 13, 2024, 6:47:21 PM",Run to telescope coffee but they’re out of focaccia,Run,"",816,1.86,163.0,5,false,,HOKA Clifton 8,activities/11711192898.fit.gz,,,816.0,722.0,1868.8,4.874,2.588,0.0,84.4,2.6,87.0,6.7,-4.5,,,,,,129.0,,,99.0,,,5.0,,,,,,,,,,,0.0,,0.0,,1.0,1762.8,,,,,,,,,,,,,,,,14035992.0,,,,,,,,,,0.0,2.29,0.0,,,,1998.0,,,,,,,,,,,,,""
10962016676,"Mar 14, 2024, 11:17:43 PM",Run to TooGoodToGo then walk with tgtg bag,Run,"",4585,9.10,171.0,75,false,,HOKA Clifton 8,activities/11720093748.fit.gz,,,4585.0,4223.0,9101.3,4.286,2.155,79.8,79.8,3.2,94.4,34.3,-0.4,,,,,,148.0,,,525.0,,,75.0,,,,,,,,,,,0.0,,0.0,,1.0,9237.9,,,,,,,,,,,,,,,,14035992.0,,,,,,,,,,0.0,1.985,717.7,,,,10060.0,,,,,,,,,,,,,media/88A13DE8-056C-47EC-B596-0AEE7541A8B0.jpg
10975965635,"Mar 17, 2024, 4:36:11 AM",Night HIIT,Workout,,1531,0,161.0,8,false,,,activities/11734577786.fit.gz,,,1531.0,1531.0,0.0,0.0,0.0,0.0,0.0,0.0,0.0,0.0,0.0,,,,,,120.0,,,151.0,,,8.0,,,,,,,,,,,,,0.0,,1.0,,,,,,,,,,,,,,,,,,,,,,,,,,,0.0,0.0,0.0,,,,,,,,,,,,,,,,,""
10983043647,"Mar 17, 2024, 9:12:45 PM",Run to Sarah,Run,"",1284,3.39,184.0,37,false,,HOKA Clifton 8,activities/11742255682.fit.gz,,,1284.0,1190.0,3390.5,4.884,2.849,42.8,42.8,26.0,96.4,17.6,-1.1,,,,,,158.0,,,207.0,,,37.0,,,,,,,,,,,0.0,,0.0,,1.0,3397.9,,,,,,,,,,,,,,,,14035992.0,,,,,,,,,,0.0,2.641,0.0,,,,3246.0,,,,,,,,,,,,,""
10983044405,"Mar 17, 2024, 9:45:55 PM",Run group to windmill x back to 1 bus ish,Run,"",7931,16.18,179.0,210,false,,HOKA Clifton 8,activities/11742256387.fit.gz,,,7931.0,7058.0,16182.4,8.479,2.293,146.2,154.0,12.0,80.0,25.6,0.0,,,,,,158.0,,,953.0,,,210.0,,,,,,,,,,,0.0,,0.0,,1.0,16497.5,,,,,,,,,,,,,,,,14035992.0,,,,,,,,,,0.0,2.04,0.0,,,,18376.0,,,,,,,,,,,,,media/25413B3B-1624-4B1B-9194-C76F9BD36A65.jpg|media/A7937093-2920-446B-9A57-E05D866B63E5.jpg
10983594090,"Mar 18, 2024, 1:41:19 AM",Evening Tennis,Workout,,3131,0,181.0,80,false,,,activities/11742840225.fit.gz,,,3131.0,3131.0,0.0,0.0,0.0,0.0,0.0,0.0,0.0,0.0,0.0,,,,,,150.0,,,427.0,,,80.0,,,,,,,,,,,,,0.0,,1.0,,,,,,,,,,,,,,,,,,,,,,,,,,,0.0,0.0,0.0,,,,,,,,,,,,,,,,,""
10983594149,"Mar 18, 2024, 2:42:28 AM",Evening Walk,Walk,,1541,1.61,142.0,4,false,,,activities/11742840282.fit.gz,,,1541.0,1281.0,1610.3,3.328,1.257,90.4,3.0,5.0,92.4,28.0,5.4,,,,,,118.0,,,109.0,,,4.0,,,,,,,,,,,,,0.0,,1.0,,,,,,,,,,,,,,,,,,,,,,,,,,,0.0,1.045,0.0,,,,1994.0,,,,,,,,,,,,,""
10987716433,"Mar 18, 2024, 6:07:07 PM",Lunch Walk,Walk,,2212,2.33,114.0,4,false,,,activities/11747143481.fit.gz,,,2212.0,1690.0,2330.7,2.752,1.379,0.0,130.0,4.0,134.0,6.6,-5.6,,,,,,97.0,,,109.0,,,4.0,,,,,,,,,,,,,0.0,,1.0,,,,,,,,,,,,,,,,,,,,,,,,,,,0.0,1.054,0.0,,,,2594.0,,,,,,,,,,,,,""
11002948597,"Mar 20, 2024, 7:13:06 PM",Lunch Run,Run,,756,1.86,178.0,18,false,,HOKA Clifton 8,activities/11762888405.fit.gz,,,756.0,704.0,1867.7,5.606,2.653,41.8,41.8,54.2,91.0,23.9,-1.3,,,,,,155.0,,,119.0,,,18.0,,,,,,,,,,,,,0.0,,1.0,1925.4,,,,,,,,,,,,,,,,14035992.0,,,,,,,,,,0.0,2.47,0.0,,,,1834.0,,,,,,,,,,,,,""
11003377078,"Mar 20, 2024, 7:48:02 PM",Lunch Run,Run,,659,1.28,163.0,10,false,,HOKA Clifton 8,activities/11763325240.fit.gz,,,659.0,611.0,1281.8,6.026,2.098,50.8,46.2,56.8,107.6,20.7,0.4,,,,,,144.0,,,88.0,,,10.0,,,,,,,,,,,,,0.0,,1.0,1450.9,,,,,,,,,,,,,,,,14035992.0,,,,,,,,,,0.0,1.945,0.0,,,,1380.0,,,,,,,,,,,,,""
11014059994,"Mar 22, 2024, 12:16:14 PM",Afternoon Walk,Walk,,1133,1.50,108.0,2,false,,,activities/11774310001.fit.gz,,,1133.0,1108.0,1507.6,3.313,1.361,2.8,4.2,1.2,4.0,18.3,0.0,,,,,,97.0,,,64.0,,,2.0,,,,,,,,,,,,,0.0,,1.0,,,,,,,,,,,,,,,,,,,,,,,,,,,0.0,1.331,0.0,,,,1210.0,,,,,,,,,,,,,""
11022680836,"Mar 23, 2024, 1:01:54 PM",Afternoon Walk,Walk,,7547,2.09,93.0,1,false,,,activities/11783191132.fit.gz,,,7547.0,895.0,2097.5,1.662,2.344,7.0,0.0,1.8,9.4,44.0,0.2,,,,,,83.0,,,93.0,,,1.0,,,,,,,,,,,,,0.0,,1.0,,,,,,,,,,,,,,,,,,,,,,,,,,,0.0,0.278,2.7,,,,4260.0,,,,,,,,,,,,,""
11029788632,"Mar 24, 2024, 4:26:30 PM",Afternoon Walk,Walk,,63,1.09,,,false,,,activities/11790549000.fit.gz,,,63.0,63.0,1097.1,1.97,17.413,0.0,0.0,-0.6,1.0,11.7,1.3,,,,,,,,,63.0,,,,,,,,,,,,,,,,0.0,,1.0,,,,,,,,,,,,,,,,,,,,,,,,,,,0.0,17.413,0.0,,,,1198.0,,,,,,,,,,,,,""
11035543125,"Mar 25, 2024, 1:53:51 PM",Afternoon Walk,Walk,,7391,3.68,119.0,5,false,,,activities/11796493879.fit.gz,,,7391.0,3925.0,3688.3,3.698,0.94,60.6,50.8,-7.4,7.0,49.6,0.2,,,,,,76.0,,,216.0,,,5.0,,,,,,,,,,,,,0.0,,1.0,,,,,,,,,,,,,,,,,,,,,,,,,,,0.0,0.499,16.0,,,,5680.0,,,,,,,,,,,,,""
11037259806,"Mar 25, 2024, 8:06:38 PM",Boat track post-dinner,Run,"",854,1.99,166.0,22,false,,HOKA Clifton 8,activities/11798242867.fit.gz,,,854.0,850.0,1989.9,3.918,2.341,26.8,25.6,-2.8,4.2,13.3,0.0,,,,,,154.0,,,113.0,,,22.0,,,,,,,,,,,0.0,,0.0,,1.0,2073.3,,,,,,,,,,,,,,,,14035992.0,,,,,,,,,,0.0,2.33,0.0,,,,2438.0,,,,,,,,,,,,,media/1BA028D8-02D4-439D-8D2F-F5920ADDCA74.jpg
11042334709,"Mar 26, 2024, 8:08:35 AM",Morning Walk,Walk,,1273,1.20,109.0,2,false,,,activities/11803450149.fit.gz,,,1273.0,1186.0,1204.4,2.238,1.016,0.0,4.0,-0.2,4.4,46.0,-0.1,,,,,,96.0,,,48.0,,,2.0,,,,,,,,,,,,,0.0,,1.0,,,,,,,,,,,,,,,,,,,,,,,,,,,0.0,0.946,0.0,,,,1392.0,,,,,,,,,,,,,""
11042334745,"Mar 26, 2024, 3:39:53 PM",Afternoon Walk,Walk,,740,0.81,101.0,1,false,,,activities/11803450200.fit.gz,,,740.0,679.0,809.2,2.376,1.192,5.8,3.6,-1.0,4.8,14.7,0.3,,,,,,89.0,,,34.0,,,1.0,,,,,,,,,,,,,0.0,,1.0,,,,,,,,,,,,,,,,,,,,,,,,,,,0.0,1.094,0.0,,,,1032.0,,,,,,,,,,,,,""
11042779978,"Mar 26, 2024, 4:25:42 PM",Afternoon Run,Run,,1985,4.83,169.0,59,false,,HOKA Clifton 8,activities/11803950244.fit.gz,,,1985.0,1985.0,4835.2,4.222,2.436,30.0,31.6,1.0,5.4,15.7,0.0,,,,,,158.0,,,278.0,,,59.0,,,,,,,,,,,,,0.0,,1.0,4931.5,,,,,,,,,,,,,,,,14035992.0,,,,,,,,,,0.0,2.436,0.0,,,,5560.0,,,,,,,,,,,,,""
11047543504,"Mar 27, 2024, 8:39:23 AM",Morning Walk,Walk,,7452,4.87,121.0,9,false,,,activities/11809258860.fit.gz,,,7452.0,4811.0,4878.2,3.565,1.014,18.2,17.2,-0.4,5.2,23.0,0.0,,,,,,86.0,,,245.0,,,9.0,,,,,,,,,,,,,0.0,,1.0,,,,,,,,,,,,,,,,,,,,,,,,,,,0.0,0.655,126.9,,,,7580.0,,,,,,,,,,,,,""
11049015984,"Mar 27, 2024, 12:58:01 PM",Afternoon Walk,Walk,,3031,2.37,117.0,4,false,,,activities/11810787627.fit.gz,,,3031.0,1798.0,2378.4,2.474,1.323,15.0,16.0,0.0,5.6,28.8,0.0,,,,,,99.0,,,108.0,,,4.0,,,,,,,,,,,,,0.0,,1.0,,,,,,,,,,,,,,,,,,,,,,,,,,,0.0,0.785,0.0,,,,3622.0,,,,,,,,,,,,,""
11049501321,"Mar 27, 2024, 3:53:25 PM",Afternoon Walk,Walk,,1622,2.07,104.0,3,false,,,activities/11811293074.fit.gz,,,1622.0,1600.0,2078.1,4.306,1.299,9.2,12.0,0.8,6.2,12.7,-0.1,,,,,,98.0,,,76.0,,,3.0,,,,,,,,,,,,,0.0,,1.0,,,,,,,,,,,,,,,,,,,,,,,,,,,0.0,1.281,0.0,,,,2344.0,,,,,,,,,,,,,""
11055860702,"Mar 28, 2024, 2:14:55 PM",Afternoon Walk,Walk,,5464,2.23,105.0,3,false,,,activities/11817925941.fit.gz,,,5464.0,2065.0,2238.9,9.656,1.084,54.8,49.8,-7.4,8.4,47.8,0.2,,,,,,85.0,,,120.0,,,3.0,,,,,,,,,,,,,0.0,,1.0,,,,,,,,,,,,,,,,,,,,,,,,,,,0.0,0.41,0.0,,,,3890.0,,,,,,,,,,,,,""
11056154198,"Mar 28, 2024, 4:13:45 PM",Gorinchem run,Run,"",1596,4.83,164.0,50,false,,HOKA Clifton 8,activities/11818230440.fit.gz,,,1596.0,1588.0,4838.6,5.22,3.047,19.8,25.6,1.0,6.0,9.3,0.0,,,,,,158.0,,,278.0,,,50.0,,,,,,,,,,,0.0,,0.0,,1.0,4886.0,,,,,,,,,,,,,,,,14035992.0,,,,,,,,,,0.0,3.032,0.0,,,,4500.0,,,,,,,,,,,,,""
11060986260,"Mar 29, 2024, 11:01:34 AM",Xanten walk 2,Walk,"",489,0.42,108.0,1,false,,,activities/11823227178.fit.gz,,,489.0,457.0,424.8,2.126,0.929,4.4,4.2,24.0,28.2,37.5,-0.1,,,,,,98.0,,,16.0,,,1.0,,,,,,,,,,,0.0,,0.0,,1.0,,,,,,,,,,,,,,,,,,,,,,,,,,,0.0,0.869,0.0,,,,222.0,,,,,,,,,,,,,""
11060986283,"Mar 29, 2024, 9:44:52 AM",Xanten Walk,Walk,"",1507,2.51,141.0,3,false,,,activities/11823227217.fit.gz,,,1507.0,1054.0,2512.8,2.588,2.384,6.8,8.8,21.4,26.4,20.5,-0.2,,,,,,102.0,,,111.0,,,3.0,,,,,,,,,,,0.0,,0.0,,1.0,,,,,,,,,,,,,,,,,,,,,,,,,,,0.0,1.667,971.4,,,,2884.0,,,,,,,,,,,,,""
11062513122,"Mar 29, 2024, 1:59:20 PM",Wesel Run,Run,"",3789,9.76,166.0,111,false,,HOKA Clifton 8,activities/11824799764.fit.gz,,,3789.0,3768.0,9768.7,4.304,2.593,51.0,49.6,17.6,27.8,10.1,0.0,,,,,,156.0,,,560.0,,,111.0,,,,,,,,,,,0.0,,0.0,,1.0,9850.6,,,,,,,,,,,,,,,,14035992.0,,,,,,,,,,0.0,2.578,3110.2,,,,10386.0,,,,,,,,,,,,,""
11074512315,"Mar 31, 2024, 7:31:48 AM",Morning Walk,Walk,,5942,3.13,107.0,5,false,,,activities/11837927849.fit.gz,,,5942.0,3176.0,3130.4,2.748,0.986,39.4,36.8,43.0,61.0,49.4,0.1,,,,,,83.0,,,209.0,,,5.0,,,,,,,,,,,,,0.0,,1.0,,,,,,,,,,,,,,,,,,,,,,,,,,,0.0,0.527,91.5,,,,4782.0,,,,,,,,,,,,,""
11074915101,"Mar 31, 2024, 9:21:12 AM",Maastricht post-walk run,Run,"",2489,6.51,166.0,69,false,,HOKA Clifton 8,activities/11838361753.fit.gz,,,2489.0,2453.0,6512.9,5.632,2.655,23.4,22.0,44.0,49.8,14.8,0.0,,,,,,155.0,,,378.0,,,69.0,,,,,,,,,,,0.0,,0.0,,1.0,6532.0,,,,,,,,,,,,,,,,14035992.0,,,,,,,,,,0.0,2.617,50.9,,,,6760.0,,,,,,,,,,,,,""
11082332837,"Apr 1, 2024, 8:10:40 AM",Morning Walk,Walk,,10287,3.83,113.0,5,false,,,activities/11846441132.fit.gz,,,10287.0,3968.0,3835.4,17.263,0.967,13.0,13.4,4.6,8.6,21.9,0.0,,,,,,71.0,,,190.0,,,5.0,,,,,,,,,,,,,0.0,,1.0,,,,,,,,,,,,,,,,,,,,,,,,,,,0.0,0.373,0.0,,,,6752.0,,,,,,,,,,,,,""
11084536714,"Apr 1, 2024, 3:33:14 PM",Cruise track run under bridges,Run,"",1389,4.84,163.0,41,false,,HOKA Clifton 8,activities/11848790622.fit.gz,,,1389.0,1389.0,4843.5,4.248,3.487,0.0,0.0,0.0,0.0,0.0,0.0,,,,,,157.0,,,285.0,,,41.0,,,,,,,,,,,0.0,,0.0,,1.0,4835.5,,,,,,,,,,,,,,,,14035992.0,,,,,,,,,,0.0,3.487,0.0,,,,3862.0,,,,,,,,,,,,,""
11099570809,"Apr 3, 2024, 7:55:28 AM",Morning Walk,Walk,,1149,1.37,115.0,2,false,,,activities/11864518280.fit.gz,,,1149.0,1007.0,1375.8,4.061,1.366,5.4,4.4,4.4,7.6,12.9,0.1,,,,,115.0,97.0,,,55.0,,,2.0,,,,,,,,,,,,,0.0,,1.0,,,,,,,,,,,,,,,,,,,,,,,,,,,0.0,1.197,0.0,,,,1850.0,,,,,,,,,,,,,""
11099570996,"Apr 3, 2024, 4:04:29 PM",Evening Walk,Walk,,3367,2.99,154.0,3,false,,,activities/11864518352.fit.gz,,,3367.0,1566.0,2994.9,8.185,1.912,14.8,16.4,-0.4,8.6,48.8,-0.1,,,,,154.0,88.0,,,182.0,,,3.0,,,,,,,,,,,,,0.0,,1.0,,,,,,,,,,,,,,,,,,,,,,,,,,,0.0,0.889,0.0,,,,3508.0,,,,,,,,,,,,,""
11103562297,"Apr 4, 2024, 9:49:56 AM",Lunch Walk,Walk,,260,1.21,92.0,0,false,,,activities/11868615268.fit.gz,,,260.0,243.0,1216.7,2.474,5.007,5.4,0.0,5.2,11.4,40.8,2.1,,,,,92.0,86.0,,,46.0,,,0.0,,,,,,,,,,,,,0.0,,1.0,,,,,,,,,,,,,,,,,,,,,,,,,,,0.0,4.68,19.8,,,,1972.0,,,,,,,,,,,,,""
11106216921,"Apr 4, 2024, 10:41:37 AM",Lunch Walk,Walk,,2570,2.66,105.0,4,false,,,activities/11871342028.fit.gz,,,2570.0,2162.0,2666.5,2.715,1.233,24.6,45.0,3.2,29.4,49.2,-0.7,,,,,105.0,87.0,,,112.0,,,4.0,,,,,,,,,,,,,0.0,,1.0,,,,,,,,,,,,,,,,,,,,,,,,,,,0.0,1.038,0.0,,,,3658.0,,,,,,,,,,,,,""
11106217634,"Apr 4, 2024, 3:35:38 PM",Afternoon Walk,Walk,,5250,3.80,100.0,5,false,,,activities/11871342833.fit.gz,,,5250.0,3058.0,3807.6,8.941,1.245,39.2,53.2,3.8,23.0,39.0,-0.4,,,,,100.0,87.0,,,155.0,,,5.0,,,,,,,,,,,,,0.0,,1.0,,,,,,,,,,,,,,,,,,,,,,,,,,,0.0,0.725,0.0,,,,5728.0,,,,,,,,,,,,,""
11111165151,"Apr 5, 2024, 11:35:30 AM",Afternoon Walk,Walk,,1939,1.95,107.0,2,false,,,activities/11876409281.fit.gz,,,1939.0,1476.0,1949.6,3.35,1.321,40.6,16.0,36.2,67.4,42.0,1.2,,,,,107.0,85.0,,,90.0,,,2.0,,,,,,,,,,,,,0.0,,1.0,,,,,,,,,,,,,,,,,,,,,,,,,,,0.0,1.005,0.0,,,,1948.0,,,,,,,,,,,,,""
11112611411,"Apr 5, 2024, 3:31:38 PM",Afternoon Walk,Walk,,1870,2.64,90.0,2,false,,,activities/11877903952.fit.gz,,,1870.0,1408.0,2643.6,2.958,1.878,16.8,10.4,17.8,32.4,21.8,0.4,,,,,90.0,79.0,,,114.0,,,2.0,,,,,,,,,,,,,0.0,,1.0,,,,,,,,,,,,,,,,,,,,,,,,,,,0.0,1.414,0.0,,,,3440.0,,,,,,,,,,,,,""
11119702296,"Apr 6, 2024, 11:11:08 AM",Afternoon Walk,Walk,,12662,4.57,95.0,4,false,,,activities/11885238283.fit.gz,,,12662.0,3031.0,4575.1,30.004,1.509,26.2,39.4,15.4,45.0,12.6,-0.2,,,,,95.0,76.0,,,204.0,,,4.0,,,,,,,,,,,,,0.0,,1.0,,,,,,,,,,,,,,,,,,,,,,,,,,,0.0,0.361,0.0,,,,11042.0,,,,,,,,,,,,,""
11138036764,"Apr 8, 2024, 10:45:07 PM",Afternoon Run,Run,,999,3.25,189.0,44,false,,HOKA Clifton 8,activities/11904218150.fit.gz,,,999.0,999.0,3252.6,4.322,3.256,0.0,0.0,0.0,0.0,0.0,0.0,,,,,189.0,167.0,,,197.0,,,44.0,,,,,,,,,,,,,0.0,,1.0,3256.8,,,,,,,,,,,,,,,,14035992.0,,,,,,,,,,0.0,3.256,0.0,,,,2682.0,,,,,,,,,,,,,""
11146951975,"Apr 10, 2024, 5:11:07 AM",Night HIIT,Workout,,743,0,119.0,1,false,,,activities/11913333741.fit.gz,,,743.0,743.0,0.0,0.0,0.0,0.0,0.0,0.0,0.0,0.0,0.0,,,,,119.0,94.0,,,49.0,,,1.0,,,,,,,,,,,,,0.0,,1.0,,,,,,,,,,,,,,,,,,,,,,,,,,,0.0,0.0,0.0,,,,,,,,,,,,,,,,,""
11153968581,"Apr 10, 2024, 11:55:19 PM",Run to Sarah,Run,"",1334,3.42,173.0,29,false,,HOKA Clifton 8,activities/11920527937.fit.gz,,,1334.0,1243.0,3423.8,4.954,2.754,44.0,44.0,25.8,95.2,16.9,-1.0,,,,,173.0,150.0,,,211.0,,,29.0,,,,,,,,,,,0.0,,0.0,,1.0,3448.0,,,,,,,,,,,,,,,,14035992.0,,,,,,,,,,0.0,2.567,0.0,,,,3380.0,,,,,2.774,,,,,,,,""
11153968902,"Apr 11, 2024, 12:18:32 AM",Run with Sarah,Run,"",4451,9.59,172.0,93,false,,HOKA Clifton 8,activities/11920528200.fit.gz,,,4451.0,4225.0,9590.0,3.628,2.27,86.0,85.8,51.0,85.0,12.4,0.0,,,,,172.0,150.0,,,575.0,,,93.0,,,,,,,,,,,0.0,,0.0,,1.0,9728.1,,,,,,,,,,,,,,,,14035992.0,,,,,,,,,,0.0,2.155,5.9,,,,11874.0,,,,,2.303,,,,,,,,""
11154152033,"Apr 11, 2024, 1:49:50 AM",Evening Walk,Walk,,3045,3.42,141.0,8,false,,,activities/11920716247.fit.gz,,,3045.0,2716.0,3421.9,3.35,1.26,89.2,89.2,31.0,98.2,46.5,1.2,,,,,141.0,112.0,,,178.0,,,8.0,,,,,,,,,,,,,0.0,,1.0,,,,,,,,,,,,,,,,,,,,,,,,,,,0.0,1.124,0.0,,,,4466.0,,,,,,,,,,,,,""
11160583899,"Apr 11, 2024, 10:25:50 PM",Afternoon Walk,Walk,,857,1.57,164.0,9,false,,,activities/11927325275.fit.gz,,,857.0,817.0,1578.8,2.121,1.932,78.8,3.8,15.4,94.2,43.8,8.5,,,,,164.0,135.0,,,129.0,,,9.0,,,,,,,,,,,,,0.0,,1.0,,,,,,,,,,,,,,,,,,,,,,,,,,,0.0,1.842,0.0,,,,1988.0,,,,,,,,,,,,,""
11161569841,"Apr 12, 2024, 1:40:37 AM",Evening Tennis,Workout,,4844,0,171.0,39,false,,,activities/11928328324.fit.gz,,,4844.0,4844.0,0.0,0.0,0.0,0.0,0.0,0.0,0.0,0.0,0.0,,,,,171.0,132.0,,,552.0,,,39.0,,,,,,,,,,,,,0.0,,1.0,,,,,,,,,,,,,,,,,,,,,,,,,,,0.0,0.0,0.0,,,,,,,,,,,,,,,,,""
11168613326,"Apr 12, 2024, 7:16:42 PM",Lunch Elliptical,Elliptical,,2792,0,144.0,12,false,,,activities/11935566001.fit.gz,,,2792.0,2792.0,0.0,0.0,0.0,0.0,0.0,0.0,0.0,0.0,0.0,,,,,144.0,127.0,,,297.0,,,12.0,,,,,,,,,,,,,0.0,,1.0,,,,,,,,,,,,,,,,,,,,,,,,,,,0.0,0.0,0.0,,,,,,,,,,,,,,,,,""
11168613361,"Apr 13, 2024, 4:02:56 AM",Game night to Sarah bday,Walk,"",256,2.13,132.0,0,false,,,activities/11935566008.fit.gz,,,256.0,256.0,2134.9,2.207,8.34,6.0,0.0,55.0,61.0,14.4,2.0,,,,,132.0,118.0,,,97.0,,,0.0,,,,,,,,,,,0.0,,0.0,,1.0,,,,,,,,,,,,,,,,,,,,,,,,,,,0.0,8.34,0.0,,,,3096.0,,,,,,,,,,,,,""
11175981380,"Apr 13, 2024, 11:13:10 PM",Afternoon Walk,Walk,,2135,2.70,136.0,5,false,,,activities/11943159359.fit.gz,,,2135.0,2028.0,2701.8,2.945,1.332,19.6,102.6,7.8,90.8,26.8,-3.1,,,,,136.0,106.0,,,124.0,,,5.0,,,,,,,,,,,,,0.0,,1.0,,,,,,,,,,,,,,,,,,,,,,,,,,,0.0,1.265,0.0,,,,3014.0,,,,,,,,,,,,,""
11184369270,"Apr 14, 2024, 9:27:02 PM",Afternoon Run,Run,,4845,9.90,177.0,126,false,,HOKA Clifton 8,activities/11951863570.fit.gz,,,4845.0,4298.0,9902.5,4.53,2.304,92.4,92.4,26.8,93.4,14.7,-0.3,,,,,177.0,158.0,,,582.0,,,126.0,,,,,,,,,,,,,0.0,,1.0,10057.0,,,,,,,,,,,,,,,,14035992.0,,,,,,,,,,0.0,2.044,0.0,,,,11136.0,,,,,2.34,,,,,,,,""
11184709033,"Apr 14, 2024, 11:34:20 PM",Afternoon Walk,Walk,,3230,3.74,155.0,9,false,,,activities/11952219416.fit.gz,,,3230.0,2821.0,3742.8,2.573,1.327,86.2,86.2,31.6,95.0,34.1,0.7,,,,,155.0,111.0,,,186.0,,,9.0,,,,,,,,,,,,,0.0,,1.0,,,,,,,,,,,,,,,,,,,,,,,,,,,0.0,1.159,0.0,,,,5016.0,,,,,,,,,,,,,""
11192095258,"Apr 16, 2024, 1:52:53 AM",Evening Tennis,Workout,,5080,0,160.0,21,false,,,activities/11959803680.fit.gz,,,5080.0,5080.0,0.0,0.0,0.0,0.0,0.0,0.0,0.0,0.0,0.0,,,,,160.0,117.0,,,454.0,,,21.0,,,,,,,,,,,,,0.0,,1.0,,,,,,,,,,,,,,,,,,,,,,,,,,,0.0,0.0,0.0,,,,,,,,,,,,,,,,,""
11199134235,"Apr 16, 2024, 11:44:16 PM",Afternoon Elliptical,Elliptical,,2620,0,152.0,19,false,,,activities/11966996778.fit.gz,,,2620.0,2620.0,0.0,0.0,0.0,0.0,0.0,0.0,0.0,0.0,0.0,,,,,152.0,133.0,,,285.0,,,19.0,,,,,,,,,,,,,0.0,,1.0,,,,,,,,,,,,,,,,,,,,,,,,,,,0.0,0.0,0.0,,,,,,,,,,,,,,,,,""
11206426736,"Apr 17, 2024, 11:37:34 PM",Afternoon Run,Run,,1051,2.14,172.0,23,false,,HOKA Clifton 8,activities/11974468068.fit.gz,,,1051.0,837.0,2143.9,6.111,2.561,29.4,29.4,46.4,93.8,14.1,-1.5,,,,,172.0,160.0,,,130.0,,,23.0,,,,,,,,,,,,,0.0,,1.0,2181.8,,,,,,,,,,,,,,,,14035992.0,,,,,,,,,,0.0,2.04,0.0,,,,2196.0,,,,,2.607,,,,,,,,""
11211359226,"Apr 18, 2024, 5:21:09 PM",Morning Walk,Walk,,278,1.22,121.0,0,false,,,activities/11979543761.fit.gz,,,278.0,278.0,1227.4,2.224,4.415,2.4,0.0,5.4,7.8,4.9,0.4,,,,,121.0,116.0,,,56.0,,,0.0,,,,,,,,,,,,,0.0,,1.0,,,,,,,,,,,,,,,,,,,,,,,,,,,0.0,4.415,0.0,,,,,,,,,,,,,,,,,""
11219412733,"Apr 19, 2024, 9:43:08 PM",Afternoon Elliptical,Elliptical,,686,0,154.0,11,false,,,activities/11987805771.fit.gz,,,686.0,686.0,0.0,0.0,0.0,0.0,0.0,0.0,0.0,0.0,0.0,,,,,154.0,145.0,,,80.0,,,11.0,,,,,,,,,,,,,0.0,,1.0,,,,,,,,,,,,,,,,,,,,,,,,,,,0.0,0.0,0.0,,,,,,,,,,,,,,,,,""
11228080103,"Apr 21, 2024, 2:40:49 AM",Evening Walk,Walk,,660,1.69,122.0,2,false,,,activities/11996752226.fit.gz,,,660.0,660.0,1693.3,2.372,2.566,49.6,0.0,44.0,93.6,17.7,5.9,,,,,122.0,114.0,,,96.0,,,2.0,,,,,,,,,,,,,0.0,,1.0,,,,,,,,,,,,,,,,,,,,,,,,,,,0.0,2.566,0.0,,,,2058.0,,,,,,,,,,,,,""
11242790993,"Apr 23, 2024, 12:45:52 AM",Afternoon Swim,Swim,,1240,245,124.0,1,false,,,activities/12011945782.fit.gz,,,1240.0,1240.0,245.3,0.719,0.198,2.2,0.0,1.8,4.0,49.6,0.4,,,,,124.0,106.0,,,161.0,,,1.0,,,,,,,,,,,,,0.0,,1.0,,,,,,,,,,,,,,,,,,,,,,,,,,,0.0,0.198,245.3,,,,,,,,,,,,,,,,,""
11249295000,"Apr 23, 2024, 7:43:33 PM",Morning Walk,Walk,,944,1.15,118.0,1,false,,,activities/12018636268.fit.gz,,,944.0,923.0,1153.7,2.254,1.25,30.0,31.2,99.0,124.6,33.9,-0.1,,,,,118.0,91.0,,,54.0,,,1.0,,,,,,,,,,,,,0.0,,1.0,,,,,,,,,,,,,,,,,,,,,,,,,,,0.0,1.222,0.0,,,,1698.0,,,,,,,,,,,,,""
11250644724,"Apr 24, 2024, 12:41:25 AM",hawaii golf course run num1 bc im working,Run,the golf course has hills ok,2251,4.83,184.0,88,false,"",HOKA Clifton 8,activities/12019999207.fit.gz,,,2251.0,2165.0,4838.8,4.37,2.235,98.2,103.8,89.0,130.2,26.8,-0.1,,,,,184.0,166.0,,,321.0,,,88.0,,,,,,,,,,,0.0,,0.0,,1.0,5128.7,,,,,,,,,,,,,,,,14035992.0,,,,,,,,,,0.0,2.15,0.0,,,,5382.0,,,,,2.369,,,,,,,,media/07A81EF2-A3B4-4B27-8882-2EE4FDE07D00.jpg
11257912142,"Apr 24, 2024, 11:44:15 PM",Afternoon Run,Run,,16,0.05,98.0,0,false,,HOKA Clifton 8,activities/12027456080.fit.gz,,,16.0,7.0,54.3,1.048,7.753,2.0,0.0,99.4,101.4,30.5,22.0,,,,,98.0,97.0,,,7.0,,,0.0,,,,,,,,,,,,,0.0,,1.0,23.4,,,,,,,,,,,,,,,,14035992.0,,,,,,,,,,0.0,3.392,0.0,,,,76.0,,,,,3.343,,,,,,,,""
11271518530,"Apr 26, 2024, 11:06:31 PM",Afternoon Swim,Swim,,1169,311,155.0,19,false,,,activities/12041694875.fit.gz,,,1169.0,1169.0,311.2,1.19,0.266,0.0,0.0,2.2,3.6,19.0,-0.1,,,,,155.0,143.0,,,156.0,,,19.0,,,,,,,,,,,,,0.0,,1.0,,,,,,,,,,,,,,,,,,,,,,,,,,,0.0,0.266,311.2,,,,,,,,,,,,,,,,,""
11295211852,"Apr 30, 2024, 12:04:36 AM",Afternoon Walk,Walk,,4136,3.55,124.0,6,false,,,activities/12066079665.fit.gz,,,4136.0,2825.0,3558.0,2.77,1.259,34.6,32.4,9.8,27.2,47.6,0.1,,,,,124.0,97.0,,,191.0,,,6.0,,,,,,,,,,,,,0.0,,1.0,,,,,,,,,,,,,,,,,,,,,,,,,,,0.0,0.86,0.0,,,,4132.0,,,,,,,,,,,,,""
11309961364,"May 1, 2024, 5:15:00 PM",Morning Walk,Walk,,185,1.16,112.0,0,false,,,activities/12081262765.fit.gz,,,185.0,185.0,1161.7,2.632,6.28,0.0,0.0,139.4,141.0,8.8,0.2,,,,,112.0,105.0,,,59.0,,,0.0,,,,,,,,,,,,,0.0,,1.0,,,,,,,,,,,,,,,,,,,,,,,,,,,0.0,6.28,0.0,,,,1858.0,,,,,,,,,,,,,""
11309961375,"May 1, 2024, 4:25:31 PM",Morning Walk,Walk,,867,1.17,122.0,2,false,,,activities/12081262787.fit.gz,,,867.0,851.0,1171.1,2.978,1.376,22.8,28.0,123.4,145.6,29.1,-0.5,,,,,122.0,99.0,,,52.0,,,2.0,,,,,,,,,,,,,0.0,,1.0,,,,,,,,,,,,,,,,,,,,,,,,,,,0.0,1.351,0.0,,,,646.0,,,,,,,,,,,,,""
11309962404,"Apr 30, 2024, 6:52:10 PM",Lunch Run,Run,,448,1.05,159.0,9,false,,HOKA Clifton 8,activities/12081263841.fit.gz,,,448.0,407.0,1049.4,3.986,2.578,3.2,20.0,27.8,44.6,7.6,-1.6,,,,,159.0,150.0,,,59.0,,,9.0,,,,,,,,,,,,,0.0,,1.0,1013.2,,,,,,,,,,,,,,,,14035992.0,,,,,,,,,,0.0,2.342,0.0,,,,1202.0,,,,,2.489,,,,,,,,""
11319700983,"May 3, 2024, 1:30:36 AM",Evening Tennis,Workout,,6725,0,161.0,33,false,,,activities/12091256619.fit.gz,,,6725.0,6725.0,0.0,0.0,0.0,0.0,0.0,0.0,0.0,0.0,0.0,,,,,161.0,120.0,,,615.0,,,33.0,,,,,,,,,,,,,0.0,,1.0,,,,,,,,,,,,,,,,,,,,,,,,,,,0.0,0.0,0.0,,,,,,,,,,,,,,,,,""
11319700985,"May 2, 2024, 6:38:02 AM",Night HIIT,Workout,,1275,0,133.0,3,false,,,activities/12091256618.fit.gz,,,1275.0,1275.0,0.0,0.0,0.0,0.0,0.0,0.0,0.0,0.0,0.0,,,,,133.0,104.0,,,93.0,,,3.0,,,,,,,,,,,,,0.0,,1.0,,,,,,,,,,,,,,,,,,,,,,,,,,,0.0,0.0,0.0,,,,,,,,,,,,,,,,,""
11324847081,"May 3, 2024, 7:31:52 PM",Lunch Run,Run,,1428,2.72,178.0,24,false,,HOKA Clifton 8,activities/12096548805.fit.gz,,,1428.0,1286.0,2728.7,5.946,2.122,62.0,59.6,16.2,68.2,16.8,0.1,,,,,178.0,148.0,,,183.0,,,24.0,,,,,,,,,,,,,0.0,,1.0,2927.3,,,,,,,,,,,,,,,,14035992.0,,,,,,,,,,0.0,1.911,0.0,,,,3116.0,,,,,2.276,,,,,,,,""
11325805641,"May 3, 2024, 11:16:20 PM",Afternoon Walk,Walk,,1511,2.38,154.0,5,false,,,activities/12097527554.fit.gz,,,1511.0,1247.0,2386.9,2.951,1.914,45.0,45.0,54.4,95.2,18.8,0.5,,,,,154.0,108.0,,,168.0,,,5.0,,,,,,,,,,,,,0.0,,1.0,,,,,,,,,,,,,,,,,,,,,,,,,,,0.0,1.58,0.0,,,,2642.0,,,,,,,,,,,,,""
11326111194,"May 4, 2024, 12:46:31 AM",Afternoon Ride,Ride,,698,2.78,153.0,4,false,,1996 Cannondale M200 SE,activities/12097840760.fit.gz,,11.793,698.0,655.0,2788.1,12.408,4.257,6.2,44.4,18.6,61.0,25.2,-1.4,,,,,153.0,124.0,,,37.0,,,4.0,,,,,,,,,,,,,0.0,,1.0,,,,,,,,,,,,,,,,11490857.0,,,,,,,,,,,0.0,3.994,0.0,,,,,,,,,,,,,,,,,""
11342356287,"May 6, 2024, 12:45:14 AM",Afternoon Run,Run,,863,2.04,144.0,3,false,,HOKA Clifton 8,activities/12114583029.fit.gz,,,863.0,791.0,2040.2,4.012,2.579,0.0,63.0,4.2,67.2,9.4,-4.2,,,,,144.0,121.0,,,104.0,,,3.0,,,,,,,,,,,,,0.0,,1.0,1447.1,,,,,,,,,,,,,,,,14035992.0,,,,,,,,,,0.0,2.364,0.0,,,,2366.0,,,,,1.829,,,,,,,,""
11342629470,"May 6, 2024, 1:15:39 AM",Evening Tennis,Workout,,6263,0,166.0,48,false,,,activities/12114866882.fit.gz,,,6263.0,6263.0,0.0,0.0,0.0,0.0,0.0,0.0,0.0,0.0,0.0,,,,,166.0,131.0,,,655.0,,,48.0,,,,,,,,,,,,,0.0,,1.0,,,,,,,,,,,,,,,,,,,,,,,,,,,0.0,0.0,0.0,,,,,,,,,,,,,,,,,""
11347570238,"May 6, 2024, 6:40:31 PM",Lunch Run,Run,,502,1.63,162.0,1,false,,HOKA Clifton 8,activities/12119961300.fit.gz,,,502.0,457.0,1636.6,4.792,3.581,0.0,5.4,3.4,8.8,2.7,-0.6,,,,,162.0,118.0,,,86.0,,,1.0,,,,,,,,,,,,,0.0,,1.0,879.3,,,,,,,,,,,,,,,,14035992.0,,,,,,,,,,0.0,3.26,0.0,,,,1924.0,,,,,1.924,,,,,,,,""
11348011330,"May 6, 2024, 6:56:08 PM",Lunch Tennis,Workout,,3841,0,171.0,42,false,,,activities/12120413932.fit.gz,,,3841.0,3841.0,0.0,0.0,0.0,0.0,0.0,0.0,0.0,0.0,0.0,,,,,171.0,135.0,,,427.0,,,42.0,,,,,,,,,,,,,0.0,,1.0,,,,,,,,,,,,,,,,,,,,,,,,,,,0.0,0.0,0.0,,,,,,,,,,,,,,,,,""
11349046705,"May 6, 2024, 11:24:43 PM",Afternoon Run,Run,,483,1.36,166.0,15,false,,HOKA Clifton 8,activities/12121468525.fit.gz,,,483.0,483.0,1362.4,5.138,2.821,10.2,10.2,45.4,90.4,17.7,-2.9,,,,,166.0,159.0,,,75.0,,,15.0,,,,,,,,,,,,,0.0,,1.0,1319.3,,,,,,,,,,,,,,,,14035992.0,,,,,,,,,,0.0,2.821,0.0,,,,1314.0,,,,,2.731,,,,,,,,""
11349046902,"May 6, 2024, 8:15:29 PM",Afternoon Walk,Walk,,2300,1.76,171.0,11,false,,,activities/12121468660.fit.gz,,,2300.0,1288.0,1767.9,3.228,1.373,89.6,7.4,4.8,94.4,36.1,4.6,,,,,171.0,125.0,,,123.0,,,11.0,,,,,,,,,,,,,0.0,,1.0,,,,,,,,,,,,,,,,,,,,,,,,,,,0.0,0.769,0.0,,,,1840.0,,,,,,,,,,,,,""
11349197834,"May 6, 2024, 11:35:53 PM",Afternoon Run,Run,,1380,2.39,163.0,13,false,,HOKA Clifton 8,activities/12121622459.fit.gz,,,1380.0,1279.0,2395.1,3.926,1.873,28.2,61.0,13.0,60.4,15.3,-1.3,,,,,163.0,136.0,,,130.0,,,13.0,,,,,,,,,,,,,0.0,,1.0,2406.2,,,,,,,,,,,,,,,,14035992.0,,,,,,,,,,0.0,1.736,38.7,,,,3012.0,,,,,1.881,,,,,,,,""
11349992640,"May 7, 2024, 3:56:18 AM",Evening Run,Run,,277,0.84,150.0,6,false,,HOKA Clifton 8,activities/12122437840.fit.gz,,,277.0,245.0,847.1,5.029,3.458,0.0,71.0,16.4,87.4,8.1,-8.8,,,,,150.0,150.0,,,43.0,,,6.0,,,,,,,,,,,,,0.0,,1.0,752.6,,,,,,,,,,,,,,,,14035992.0,,,,,,,,,,0.0,3.058,0.0,,,,780.0,,,,,3.072,,,,,,,,""
11374377618,"May 10, 2024, 3:09:13 AM",3 sets 1st singles match of season,Workout,"",5862,0,183.0,193,false,,,activities/12147465937.fit.gz,,,5862.0,5862.0,0.0,0.0,0.0,0.0,0.0,0.0,0.0,0.0,0.0,,,,,183.0,159.0,,,845.0,,,193.0,,,,,,,,,,,0.0,,0.0,,1.0,,,,,,,,,,,,,,,,,,,,,,,,,,,0.0,0.0,0.0,,,,,,,,,,,,,,,,,""
11374377627,"May 9, 2024, 9:18:46 PM",Afternoon Walk,Walk,,642,1.65,102.0,1,false,,,activities/12147465938.fit.gz,,,642.0,642.0,1649.6,2.319,2.57,3.8,32.0,38.2,70.2,16.4,-3.7,,,,,102.0,85.0,,,75.0,,,1.0,,,,,,,,,,,,,0.0,,1.0,,,,,,,,,,,,,,,,,,,,,,,,,,,0.0,2.57,0.0,,,,2286.0,,,,,,,,,,,,,""
11380570368,"May 10, 2024, 10:37:21 PM",Afternoon Swim,Swim,,1822,741,169.0,56,false,,,activities/12153854284.fit.gz,,,1822.0,1822.0,740.7,1.83,0.407,0.0,0.0,0.0,0.0,0.0,0.0,,,,,169.0,147.0,,,221.0,,,56.0,,,,,,,,,,,,,0.0,,1.0,,,,,,,,,,,,,,,,,,,,,,,,,,,0.0,0.407,0.0,,,,,,,,,,,,,,,,,""
11425052832,"May 16, 2024, 3:41:05 PM",Morning Ride,Ride,,1099,4.58,150.0,4,false,,1996 Cannondale M200 SE,activities/12199653965.fit.gz,,11.793,1099.0,1042.0,4582.0,13.532,4.397,5.6,100.8,4.2,102.4,25.8,-2.1,,,,,150.0,116.0,,,78.0,,,4.0,,,,,,,,,,,,,0.0,,1.0,,,,,,,,,,,,,,,,11490857.0,,,,,,,,,,,0.0,4.169,0.0,,,,,,,,,,,,,,,,,""
11428178984,"May 16, 2024, 11:39:17 PM",Afternoon Ride,Ride,,2406,6.88,162.0,15,false,,1996 Cannondale M200 SE,activities/12202847565.fit.gz,,11.793,2406.0,1909.0,6884.9,11.246,3.607,72.0,11.8,3.0,69.4,18.3,0.9,,,,,162.0,129.0,,,118.0,,,15.0,,,,,,,,,,,,,0.0,,1.0,,,,,,,,,,,,,,,,11490857.0,,,,,,,,,,,0.0,2.862,0.0,,,,,,,,,,,,,,,,,""
11428726374,"May 17, 2024, 2:40:21 AM",Evening Ride,Ride,,1468,5.82,183.0,36,false,,1996 Cannondale M200 SE,activities/12203410520.fit.gz,,11.793,1468.0,1468.0,5823.1,11.71,3.967,66.4,61.2,21.6,78.6,22.0,0.1,,,,,183.0,151.0,,,127.0,,,36.0,,,,,,,,,,,,,0.0,,1.0,,,,,,,,,,,,,,,,11490857.0,,,,,,,,,,,0.0,3.967,0.0,,,,,,,,,,,,,,,,,""
11428986065,"May 17, 2024, 3:09:49 AM",Evening Tennis,Workout,,6488,0,167.0,74,false,,,activities/12203683525.fit.gz,,,6488.0,6488.0,0.0,0.0,0.0,0.0,0.0,0.0,0.0,0.0,0.0,,,,,167.0,137.0,,,728.0,,,74.0,,,,,,,,,,,,,0.0,,1.0,,,,,,,,,,,,,,,,,,,,,,,,,,,0.0,0.0,0.0,,,,,,,,,,,,,,,,,""
11429109816,"May 17, 2024, 5:04:56 AM",Night Ride,Ride,,1729,6.34,180.0,38,false,,1996 Cannondale M200 SE,activities/12203812885.fit.gz,,11.793,1729.0,1729.0,6347.0,10.492,3.671,87.2,87.2,19.6,95.4,26.1,0.3,,,,,180.0,150.0,,,147.0,,,38.0,,,,,,,,,,,,,0.0,,1.0,,,,,,,,,,,,,,,,11490857.0,,,,,,,,,,,0.0,3.671,0.0,,,,,,,,,,,,,,,,,""
11433997311,"May 17, 2024, 8:10:33 PM",Afternoon Walk,Walk,,680,1.78,142.0,2,false,,,activities/12208852387.fit.gz,,,680.0,543.0,1781.0,2.734,3.28,41.6,41.6,53.6,95.2,22.2,3.8,,,,,142.0,113.0,,,113.0,,,2.0,,,,,,,,,,,,,0.0,,1.0,,,,,,,,,,,,,,,,,,,,,,,,,,,0.0,2.619,0.0,,,,2536.0,,,,,,,,,,,,,""
11434452178,"May 17, 2024, 9:37:39 PM",Run to bay to breakers expo,Run,"",2000,5.56,173.0,68,false,,HOKA Clifton 8,activities/12209319249.fit.gz,,,2000.0,1934.0,5564.6,4.628,2.877,15.8,15.8,2.4,88.8,9.6,-1.5,,,,,173.0,161.0,,,319.0,,,68.0,,,,,,,,,,,0.0,,0.0,,1.0,5408.3,,,,,,,,,,,,,,,,14035992.0,,,,,,,,,,0.0,2.782,0.0,,,,5340.0,,,,,2.796,,,,,,,,""
11434735630,"May 17, 2024, 10:40:09 PM",Run with bay to breakers stuff,Run,"",2126,4.90,175.0,64,false,,HOKA Clifton 8,activities/12209610316.fit.gz,,,2126.0,2029.0,4904.2,4.002,2.417,61.8,16.6,4.2,62.6,14.2,1.0,,,,,175.0,159.0,,,293.0,,,64.0,,,,,,,,,,,0.0,,0.0,,1.0,5087.8,,,,,,,,,,,,,,,,14035992.0,,,,,,,,,,0.0,2.307,0.0,,,,5224.0,,,,,2.508,,,,,,,,""
11448087996,"May 19, 2024, 1:57:50 PM",ride to sarah's for b2b,Ride,"",852,3.39,174.0,7,false,"",1996 Cannondale M200 SE,activities/12223407671.fit.gz,,11.793,852.0,852.0,3394.1,8.012,3.984,38.6,38.6,21.8,94.4,15.5,-1.0,,,,,174.0,128.0,,,69.0,,,7.0,,,,,,,,,,,,,0.0,,1.0,,,,,,,,,,,,,,,,11490857.0,,,,,,,,,,,0.0,3.984,0.0,,,,,,,,,,,,,,,,,""
11449790065,"May 19, 2024, 3:36:25 PM",Bay to breakers forgot to stop watch,Run,"",7109,13.10,177.0,155,false,,HOKA Clifton 8,activities/12225165025.fit.gz,,,7109.0,5582.0,13103.6,10.319,2.347,124.0,126.0,4.0,80.2,21.8,0.0,,,,,177.0,156.0,,,757.0,,,155.0,,,,,,,,,,,0.0,,0.0,,1.0,13229.8,,,,,,,,,,,,,,,,14035992.0,,,,,,,,,,0.0,1.843,0.0,,,,15158.0,,,,,2.37,,,,,,,,media/32076988-97B6-46BF-8F54-C71FDF0723A1.jpg|media/9634B36A-C48A-4E4C-98CF-F1451F113BAF.mp4|media/D68BD771-442B-4EDF-A0E5-48A8483BBAEC.mp4
11452023309,"May 19, 2024, 8:17:14 PM",Post-b2b ride,Ride,"",935,3.08,157.0,5,false,,1996 Cannondale M200 SE,activities/12227479915.fit.gz,,11.793,935.0,888.0,3086.3,8.502,3.476,34.4,44.0,19.6,63.6,15.7,-0.3,,,,,157.0,119.0,,,57.0,,,5.0,,,,,,,,,,,0.0,,0.0,,1.0,,,,,,,,,,,,,,,,11490857.0,,,,,,,,,,,0.0,3.301,0.0,,,,,,,,,,,,,,,,,""
11457811672,"May 20, 2024, 5:16:48 PM",Milo singles tennis,Workout,"",4783,0,186.0,185,false,,,activities/12233455849.fit.gz,,,4783.0,4783.0,0.0,0.0,0.0,0.0,0.0,0.0,0.0,0.0,0.0,,,,,186.0,163.0,,,696.0,,,185.0,,,,,,,,,,,0.0,,0.0,,1.0,,,,,,,,,,,,,,,,,,,,,,,,,,,0.0,0.0,0.0,,,,,,,,,,,,,,,,,""
11458082366,"May 20, 2024, 6:41:31 PM",Lunch Walk,Walk,,2722,1.93,148.0,9,false,,,activities/12233732526.fit.gz,,,2722.0,1837.0,1930.6,2.421,1.051,93.8,2.4,4.4,95.8,28.3,4.5,,,,,148.0,121.0,,,130.0,,,9.0,,,,,,,,,,,,,0.0,,1.0,,,,,,,,,,,,,,,,,,,,,,,,,,,0.0,0.709,0.0,,,,1820.0,,,,,,,,,,,,,""
11466188201,"May 21, 2024, 7:39:49 PM",Lunch Walk,Walk,,1683,2.09,128.0,4,false,,,activities/12242057154.fit.gz,,,1683.0,1653.0,2093.4,2.795,1.266,20.2,66.4,7.2,53.4,26.0,-2.2,,,,,128.0,99.0,,,94.0,,,4.0,,,,,,,,,,,,,0.0,,1.0,,,,,,,,,,,,,,,,,,,,,,,,,,,0.0,1.244,10.8,,,,2382.0,,,,,,,,,,,,,""
11468144308,"May 22, 2024, 3:06:12 AM",Evening Ride,Ride,,1114,4.55,122.0,3,false,,1996 Cannondale M200 SE,activities/12244060751.fit.gz,,11.793,1114.0,1114.0,4559.0,9.322,4.092,70.8,17.2,6.4,60.0,21.6,1.2,,,,,122.0,104.0,,,97.0,,,3.0,,,,,,,,,,,,,0.0,,1.0,,,,,,,,,,,,,,,,11490857.0,,,,,,,,,,,0.0,4.092,227.3,,,,,,,,,,,,,,,,,""
11481937486,"May 23, 2024, 7:46:53 PM",Dubs tennis orinda country club,Workout,Humbled,4244,0,180.0,48,false,,,activities/12258240083.fit.gz,,,4244.0,4244.0,0.0,0.0,0.0,0.0,0.0,0.0,0.0,0.0,0.0,,,,,180.0,137.0,,,469.0,,,48.0,,,,,,,,,,,0.0,,0.0,,1.0,,,,,,,,,,,,,,,,,,,,,,,,,,,0.0,0.0,0.0,,,,,,,,,,,,,,,,,""
11488339815,"May 24, 2024, 6:42:55 PM",Lunch Walk,Walk,,645,1.63,99.0,0,false,,,activities/12264843540.fit.gz,,,645.0,474.0,1635.9,1.942,3.451,0.0,29.4,46.6,76.0,6.9,-4.9,,,,,99.0,83.0,,,67.0,,,0.0,,,,,,,,,,,,,0.0,,1.0,,,,,,,,,,,,,,,,,,,,,,,,,,,0.0,2.536,0.0,,,,1456.0,,,,,,,,,,,,,""
11489589873,"May 24, 2024, 11:38:46 PM",Treadmill said 2mi run ok,Run,"",1041,2.51,172.0,34,false,,HOKA Clifton 8,activities/12266129071.fit.gz,,,1041.0,1041.0,2510.6,2.866,2.412,0.0,0.0,0.0,0.0,0.0,0.0,,,,,172.0,157.0,,,145.0,,,34.0,,,,,,,,,,,0.0,,0.0,,1.0,2510.6,,,,,,,,,,,,,,,,14035992.0,,,,,,,,,,0.0,2.412,0.0,,,,2958.0,,,,,,,,,,,,,""
11489591216,"May 22, 2024, 4:45:36 PM",Morning Walk,Walk,,2177,2.84,114.0,4,false,,,activities/12266130446.fit.gz,,,2177.0,2113.0,2840.6,3.159,1.344,114.0,186.4,-41.4,80.2,49.6,-2.6,,,,,114.0,95.0,,,120.0,,,4.0,,,,,,,,,,,,,0.0,,1.0,,,,,,,,,,,,,,,,,,,,,,,,,,,0.0,1.305,0.0,,,,3506.0,,,,,,,,,,,,,""
11489652046,"May 24, 2024, 11:57:36 PM",Afternoon Weight Training,Weight Training,,729,0,168.0,10,false,,,activities/12266192992.fit.gz,,,729.0,729.0,0.0,0.0,0.0,0.0,0.0,0.0,0.0,0.0,0.0,,,,,168.0,141.0,,,77.0,,,10.0,,,,,,,,,,,,,0.0,,1.0,,,,,,,,,,,,,,,,,,,,,,,,,,,0.0,0.0,0.0,,,,,,,,,,,,,,,,,""
11506410270,"May 26, 2024, 10:19:44 PM",Afternoon Walk,Walk,,2911,2.72,132.0,6,false,,,activities/12283522897.fit.gz,,,2911.0,2764.0,2727.6,3.523,0.987,93.2,92.2,182.2,219.4,46.1,0.0,,,,,132.0,99.0,,,152.0,,,6.0,,,,,,,,,,,,,0.0,,1.0,,,,,,,,,,,,,,,,,,,,,,,,,,,0.0,0.937,368.8,,,,3522.0,,,,,,,,,,,,,""
11513419978,"May 28, 2024, 12:43:43 AM",Food to excelsior for voter registration,Ride,"",1154,4.56,175.0,19,false,,1996 Cannondale M200 SE,activities/12290741795.fit.gz,,11.793,1154.0,1115.0,4568.8,9.384,4.098,57.4,50.8,24.8,64.4,12.9,0.1,,,,,175.0,145.0,,,95.0,,,19.0,,,,,,,,,,,0.0,,0.0,,1.0,,,,,,,,,,,,,,,,11490857.0,,,,,,,,,,,0.0,3.959,0.0,,,,,,,,,,,,,,,,,""
11513420109,"May 27, 2024, 11:38:32 PM",Ride to voter registration,Ride,"",1628,5.00,133.0,3,false,,1996 Cannondale M200 SE,activities/12290741870.fit.gz,,11.793,1628.0,1265.0,5008.4,12.666,3.959,18.8,61.2,13.6,70.2,24.1,-0.9,,,,,133.0,108.0,,,75.0,,,3.0,,,,,,,,,,,0.0,,0.0,,1.0,,,,,,,,,,,,,,,,11490857.0,,,,,,,,,,,0.0,3.076,219.9,,,,,,,,,,,,,,,,,""
11513763335,"May 28, 2024, 2:33:43 AM",Ride from excelsior voter registration,Ride,"",2364,9.43,159.0,20,false,,1996 Cannondale M200 SE,activities/12291096447.fit.gz,,11.793,2364.0,2329.0,9438.4,11.951,4.053,89.6,75.0,13.4,68.6,14.8,0.2,,,,,159.0,126.0,,,172.0,,,20.0,,,,,,,,,,,0.0,,0.0,,1.0,,,,,,,,,,,,,,,,11490857.0,,,,,,,,,,,0.0,3.993,0.0,,,,,,,,,,,,,,,,,""
11519431080,"May 28, 2024, 6:59:05 PM",Lunch Ride,Ride,,1065,4.84,160.0,3,false,,1996 Cannondale M200 SE,activities/12296962889.fit.gz,,11.793,1065.0,1065.0,4844.6,11.044,4.549,8.6,94.2,4.0,92.4,5.6,-1.8,,,,,160.0,109.0,,,61.0,,,3.0,,,,,,,,,,,,,0.0,,1.0,,,,,,,,,,,,,,,,11490857.0,,,,,,,,,,,0.0,4.549,0.0,,,,,,,,,,,,,,,,,""
11521726190,"May 29, 2024, 2:47:25 AM",Evening Ride,Ride,,2240,7.90,171.0,19,false,,1996 Cannondale M200 SE,activities/12299311806.fit.gz,,11.793,2240.0,2194.0,7906.0,7.656,3.603,94.8,25.2,4.0,77.4,28.7,0.9,,,,,171.0,133.0,,,157.0,,,19.0,,,,,,,,,,,,,0.0,,1.0,,,,,,,,,,,,,,,,11490857.0,,,,,,,,,,,0.0,3.529,0.0,,,,,,,,,,,,,,,,,""
11528978376,"May 29, 2024, 10:54:44 PM",Afternoon HIIT,Workout,,2682,0,159.0,26,false,,,activities/12306768989.fit.gz,,,2682.0,2682.0,0.0,0.0,0.0,0.0,0.0,0.0,0.0,0.0,0.0,,,,,159.0,137.0,,,307.0,,,26.0,,,,,,,,,,,,,0.0,,1.0,,,,,,,,,,,,,,,,,,,,,,,,,,,0.0,0.0,0.0,,,,,,,,,,,,,,,,,""
11530104230,"May 30, 2024, 5:57:08 AM",Night Walk,Walk,,666,1.88,160.0,4,false,,,activities/12307935003.fit.gz,,,666.0,666.0,1888.5,2.412,2.836,42.8,42.8,53.8,96.6,15.7,3.3,,,,,160.0,131.0,,,144.0,,,4.0,,,,,,,,,,,,,0.0,,1.0,,,,,,,,,,,,,,,,,,,,,,,,,,,0.0,2.836,0.0,,,,2262.0,,,,,,,,,,,,,""
11537584587,"May 31, 2024, 3:42:37 AM",Evening Tennis,Workout,,4780,0,176.0,70,false,,,activities/12315633625.fit.gz,,,4780.0,4780.0,0.0,0.0,0.0,0.0,0.0,0.0,0.0,0.0,0.0,,,,,176.0,144.0,,,586.0,,,70.0,,,,,,,,,,,,,0.0,,1.0,,,,,,,,,,,,,,,,,,,,,,,,,,,0.0,0.0,0.0,,,,,,,,,,,,,,,,,""
11543682378,"Jun 1, 2024, 12:16:36 AM",Afternoon Swim,Swim,,1628,585,160.0,28,false,,,activities/12321912939.fit.gz,,,1628.0,1628.0,585.2,1.83,0.359,0.0,0.0,0.0,0.0,0.0,0.0,,,,,160.0,133.0,,,160.0,,,28.0,,,,,,,,,,,,,0.0,,1.0,,,,,,,,,,,,,,,,,,,,,,,,,,,0.0,0.359,0.0,,,,,,,,,,,,,,,,,""
11551358160,"Jun 1, 2024, 9:07:03 PM",Afternoon Run,Run,Took a tumble on McAllister rip,7694,17.36,177.0,223,false,,HOKA Clifton 8,activities/12329830594.fit.gz,,,7694.0,7357.0,17366.3,6.612,2.361,158.4,158.4,22.2,94.4,17.3,-0.4,,,,,177.0,160.0,,,1025.0,,,223.0,,,,,,,,,,,0.0,,0.0,,1.0,17534.7,,,,,,,,,,,,,,,,14035992.0,,,,,,,,,,0.0,2.257,0.0,,,,18842.0,,,,,2.383,,,,,,,,media/46D7BE9E-A863-48B1-AC92-B11FCBAE1528.jpg|media/265988DB-6E63-42DD-A475-FE211BE1698C.jpg
11551496912,"Jun 1, 2024, 11:25:48 PM",Afternoon Walk,Walk,,1404,1.80,154.0,5,false,,,activities/12329974416.fit.gz,,,1404.0,722.0,1801.2,2.805,2.495,52.2,52.2,51.6,102.6,46.8,3.8,,,,,154.0,132.0,,,135.0,,,5.0,,,,,,,,,,,,,0.0,,1.0,,,,,,,,,,,,,,,,,,,,,,,,,,,0.0,1.283,0.0,,,,2600.0,,,,,,,,,,,,,""
11552427107,"Jun 2, 2024, 5:25:50 AM",Night Walk,Walk,,895,1.94,160.0,11,false,,,activities/12330944151.fit.gz,,,895.0,895.0,1942.9,2.667,2.171,52.4,52.4,47.0,93.8,20.5,3.7,,,,,160.0,141.0,,,130.0,,,11.0,,,,,,,,,,,,,0.0,,1.0,,,,,,,,,,,,,,,,,,,,,,,,,,,0.0,2.171,0.0,,,,1728.0,,,,,,,,,,,,,""
11559931515,"Jun 2, 2024, 11:37:58 PM",Run to Sarah,Run,"",1477,3.27,164.0,22,false,,HOKA Clifton 8,activities/12338682806.fit.gz,,,1477.0,1342.0,3276.0,4.846,2.441,43.2,43.2,28.4,82.8,17.6,-0.7,,,,,164.0,145.0,,,204.0,,,22.0,,,,,,,,,,,0.0,,0.0,,1.0,3278.7,,,,,,,,,,,,,,,,14035992.0,,,,,,,,,,0.0,2.218,0.0,,,,3634.0,,,,,2.443,,,,,,,,""
11560642062,"Jun 3, 2024, 12:14:00 AM",Squad run to ocean beach then game parlour,Run,"",5567,12.14,166.0,115,false,,HOKA Clifton 8,activities/12339424416.fit.gz,,,5567.0,5332.0,12141.5,4.782,2.277,129.4,108.6,7.8,80.4,14.7,0.2,,,,,166.0,150.0,,,684.0,,,115.0,,,,,,,,,,,0.0,,0.0,,1.0,12376.2,,,,,,,,,,,,,,,,14035992.0,,,,,,,,,,0.0,2.181,11.5,,,,14758.0,,,,,2.321,,,,,,,,media/8A273A58-B56E-4881-9FB4-0024939ADCF5.jpg
11567976171,"Jun 4, 2024, 1:57:38 AM",Evening Swim,Swim,"synced with Jen lol // same ""wavelength""",1814,825,157.0,24,false,"",,activities/12346957716.fit.gz,,,1814.0,1814.0,824.8,2.012,0.455,0.0,0.0,0.0,0.0,0.0,0.0,,,,,157.0,124.0,,,201.0,,,24.0,,,,,,,,,,,,,0.0,,1.0,,,,,,,,,,,,,,,,,,,,,,,,,,,0.0,0.455,0.0,,,,,,,,,,,,,,,,,""
11574954529,"Jun 4, 2024, 9:08:02 PM",Afternoon Walk,Walk,,173,1.49,144.0,0,false,,,activities/12354131804.fit.gz,,,173.0,158.0,1497.1,1.834,9.476,2.2,2.2,646.0,655.8,32.4,-5.3,,,,,144.0,123.0,,,72.0,,,0.0,,,,,,,,,,,,,0.0,,1.0,,,,,,,,,,,,,,,,,,,,,,,,,,,0.0,8.654,0.0,,,,1066.0,,,,,,,,,,,,,""
11576018335,"Jun 5, 2024, 12:19:40 AM",Afternoon Walk,Walk,,31,1.60,143.0,0,false,,,activities/12355216860.fit.gz,,,31.0,31.0,1601.3,1.615,51.653,0.0,0.0,645.2,645.6,0.0,-1.8,,,,,143.0,140.0,,,82.0,,,0.0,,,,,,,,,,,,,0.0,,1.0,,,,,,,,,,,,,,,,,,,,,,,,,,,0.0,51.653,0.0,,,,2178.0,,,,,,,,,,,,,""
11588929020,"Jun 6, 2024, 3:37:34 PM",30 min Disney 2000s Ride with Kendall Toole,Ride,"Total Output: 171.9 kJ
Leaderboard Rank: 3,095 / 5,474",1800,12.64,,,false,,1996 Cannondale M200 SE,activities/12368487959.tcx.gz,,11.793,1800.0,1800.0,12645.8,8.892,7.025,0.0,0.0,0.0,0.0,0.0,0.0,,,116.0,76.0,,,,96.0,242.0,,,,,,,,,,,,103.0,1801.0,,,0.0,,1.0,,,,,,,,,,,,,,,,11490857.0,,,,,,,,,,,0.0,7.025,0.0,,,,,,,,,,,,,,,,,media/92d497dd-6c62-429f-b3a1-aa393382039e.jpg
11588940936,"Jun 6, 2024, 3:36:54 PM",Morning Ride,Ride,,1866,0,172.0,34,false,,1996 Cannondale M200 SE,activities/12368500297.fit.gz,,11.793,1866.0,1866.0,0.0,0.0,0.0,0.0,0.0,0.0,0.0,0.0,0.0,,,,,172.0,144.0,,,217.0,,,34.0,,,,,,,,,,,,,0.0,,1.0,,,,,,,,,,,,,,,,11490857.0,,,,,,,,,,,0.0,0.0,0.0,,,,,,,,,,,,,,,,,""
11599078785,"Jun 7, 2024, 10:38:35 PM",Afternoon Elliptical,Elliptical,,2821,0,135.0,10,false,,,activities/12378887651.fit.gz,,,2821.0,2821.0,0.0,0.0,0.0,0.0,0.0,0.0,0.0,0.0,0.0,,,,,135.0,119.0,,,236.0,,,10.0,,,,,,,,,,,,,0.0,,1.0,,,,,,,,,,,,,,,,,,,,,,,,,,,0.0,0.0,0.0,,,,,,,,,,,,,,,,,""
11606253777,"Jun 8, 2024, 7:00:45 PM",Lunch Ride,Ride,,477,1.69,132.0,1,false,,1996 Cannondale M200 SE,activities/12386278836.fit.gz,,11.793,477.0,444.0,1689.9,9.788,3.806,13.0,56.8,23.2,70.2,8.2,-2.6,,,,,132.0,108.0,,,32.0,,,1.0,,,,,,,,,,,,,0.0,,1.0,,,,,,,,,,,,,,,,11490857.0,,,,,,,,,,,0.0,3.543,0.0,,,,,,,,,,,,,,,,,""
11606470799,"Jun 8, 2024, 7:42:43 PM",Lunch Ride,Ride,,691,1.42,113.0,1,false,,1996 Cannondale M200 SE,activities/12386504579.fit.gz,,11.793,691.0,589.0,1428.8,5.994,2.426,0.0,18.8,7.8,26.8,8.4,-1.3,,,,,113.0,97.0,,,28.0,,,1.0,,,,,,,,,,,,,0.0,,1.0,,,,,,,,,,,,,,,,11490857.0,,,,,,,,,,,0.0,2.068,0.0,,,,,,,,,,,,,,,,,""
11606952994,"Jun 8, 2024, 8:59:44 PM",Afternoon Ride,Ride,,2716,4.74,168.0,8,false,,1996 Cannondale M200 SE,activities/12387004777.fit.gz,,11.793,2716.0,1592.0,4741.5,6.694,2.978,108.6,108.6,-0.2,96.8,31.5,2.0,,,,,168.0,116.0,,,114.0,,,8.0,,,,,,,,,,,,,0.0,,1.0,,,,,,,,,,,,,,,,11490857.0,,,,,,,,,,,0.0,1.746,0.0,,,,,,,,,,,,,,,,,""
11607539654,"Jun 9, 2024, 12:06:38 AM",Afternoon Swim,Swim,,1109,553,157.0,19,false,,,activities/12387615267.fit.gz,,,1109.0,1109.0,553.2,2.012,0.499,0.0,0.0,0.0,0.0,0.0,0.0,,,,,157.0,138.0,,,152.0,,,19.0,,,,,,,,,,,,,0.0,,1.0,,,,,,,,,,,,,,,,,,,,,,,,,,,0.0,0.499,0.0,,,,,,,,,,,,,,,,,""
11616360357,"Jun 10, 2024, 1:34:51 AM",Devin 1.5 sets lfg,Workout,"",6040,0,169.0,67,false,,,activities/12396733552.fit.gz,,,6040.0,6040.0,0.0,0.0,0.0,0.0,0.0,0.0,0.0,0.0,0.0,,,,,169.0,137.0,,,665.0,,,67.0,,,,,,,,,,,0.0,,0.0,,1.0,,,,,,,,,,,,,,,,,,,,,,,,,,,0.0,0.0,0.0,,,,,,,,,,,,,,,,,""
11621340152,"Jun 10, 2024, 6:31:29 PM",Lunch Walk,Walk,,1476,1.86,122.0,3,false,,,activities/12401864340.fit.gz,,,1476.0,1328.0,1864.0,3.274,1.404,19.4,36.6,7.0,27.2,23.4,-0.9,,,,,122.0,103.0,,,84.0,,,3.0,,,,,,,,,,,,,0.0,,1.0,,,,,,,,,,,,,,,,,,,,,,,,,,,0.0,1.263,0.0,,,,2054.0,,,,,,,,,,,,,""
11630882127,"Jun 11, 2024, 10:56:34 PM",Evening Walk,Walk,,98,0.89,116.0,0,false,,,activities/12411653341.fit.gz,,,98.0,98.0,895.8,1.799,9.141,0.0,0.0,307.2,311.8,10.3,-3.6,,,,,116.0,111.0,,,40.0,,,0.0,,,,,,,,,,,,,0.0,,1.0,,,,,,,,,,,,,,,,,,,,,,,,,,,0.0,9.141,0.0,,,,1110.0,,,,,,,,,,,,,""
11631192836,"Jun 11, 2024, 11:37:59 PM",Run to dinner lol,Run,"",697,2.04,169.0,18,false,"",HOKA Clifton 8,activities/12411969840.fit.gz,,,697.0,670.0,2043.3,5.632,3.05,20.6,54.8,295.0,329.4,23.1,-1.6,,,,,169.0,155.0,,,118.0,,,18.0,,,,,,,,,,,,,0.0,,1.0,2051.3,,,,,,,,,,,,,,,,14035992.0,,,,,,,,,,0.0,2.932,1.3,,,,1938.0,,,,,3.062,,,,,,,,""
11632097281,"Jun 12, 2024, 2:57:34 AM",Night HIIT,Workout,,1192,0,172.0,26,false,,,activities/12412897577.fit.gz,,,1192.0,1192.0,0.0,0.0,0.0,0.0,0.0,0.0,0.0,0.0,0.0,,,,,172.0,149.0,,,147.0,,,26.0,,,,,,,,,,,,,0.0,,1.0,,,,,,,,,,,,,,,,,,,,,,,,,,,0.0,0.0,0.0,,,,,,,,,,,,,,,,,""
11660110793,"Jun 15, 2024, 5:51:55 PM",Morning Run,Run,,492,1.47,139.0,1,false,,HOKA Clifton 8,activities/12441710839.fit.gz,,,492.0,451.0,1472.5,3.22,3.265,0.0,3.0,4.6,7.6,5.4,-0.4,,,,,139.0,121.0,,,67.0,,,1.0,,,,,,,,,,,,,0.0,,1.0,692.2,,,,,,,,,,,,,,,,14035992.0,,,,,,,,,,0.0,2.993,0.0,,,,1320.0,,,,,1.535,,,,,,,,""
11660655218,"Jun 15, 2024, 6:09:08 PM",Lunch Tennis,Workout,,5195,0,181.0,158,false,,,activities/12442275297.fit.gz,,,5195.0,5195.0,0.0,0.0,0.0,0.0,0.0,0.0,0.0,0.0,0.0,,,,,181.0,158.0,,,693.0,,,158.0,,,,,,,,,,,,,0.0,,1.0,,,,,,,,,,,,,,,,,,,,,,,,,,,0.0,0.0,0.0,,,,,,,,,,,,,,,,,""
11669533544,"Jun 16, 2024, 10:17:06 PM",Afternoon Ride,Ride,,1501,5.89,186.0,35,false,,1996 Cannondale M200 SE,activities/12451469196.fit.gz,,11.793,1501.0,1468.0,5894.1,13.962,4.015,76.2,75.0,20.4,78.4,15.1,0.0,,,,,186.0,148.0,,,123.0,,,35.0,,,,,,,,,,,,,0.0,,1.0,,,,,,,,,,,,,,,,11490857.0,,,,,,,,,,,0.0,3.927,0.0,,,,,,,,,,,,,,,,,""
11670064150,"Jun 16, 2024, 11:07:26 PM",Last dubs match of season pre-playoffs!,Workout,6-1 7-5 😅,5298,0,180.0,92,false,,,activities/12452020686.fit.gz,,,5298.0,5298.0,0.0,0.0,0.0,0.0,0.0,0.0,0.0,0.0,0.0,,,,,180.0,146.0,,,631.0,,,92.0,,,,,,,,,,,0.0,,0.0,,1.0,,,,,,,,,,,,,,,,,,,,,,,,,,,0.0,0.0,0.0,,,,,,,,,,,,,,,,,""
11670064237,"Jun 17, 2024, 1:23:15 AM",Evening Ride,Ride,,1749,6.31,170.0,23,false,,1996 Cannondale M200 SE,activities/12452020736.fit.gz,,11.793,1749.0,1730.0,6309.4,11.47,3.647,86.2,86.2,19.4,95.0,15.7,0.3,,,,,170.0,137.0,,,140.0,,,23.0,,,,,,,,,,,,,0.0,,1.0,,,,,,,,,,,,,,,,11490857.0,,,,,,,,,,,0.0,3.607,0.0,,,,,,,,,,,,,,,,,""
11678066344,"Jun 18, 2024, 2:06:43 AM",Dubs Devin Christina Saba,Workout,"",7270,0,159.0,28,false,,,activities/12460255843.fit.gz,,,7270.0,7270.0,0.0,0.0,0.0,0.0,0.0,0.0,0.0,0.0,0.0,,,,,159.0,110.0,,,611.0,,,28.0,,,,,,,,,,,0.0,,0.0,,1.0,,,,,,,,,,,,,,,,,,,,,,,,,,,0.0,0.0,0.0,,,,,,,,,,,,,,,,,""
11682386067,"Jun 18, 2024, 4:29:02 PM",Morning Walk,Walk,,648,0.81,111.0,1,false,,,activities/12464714626.fit.gz,,,648.0,603.0,813.2,2.709,1.349,0.0,61.2,30.6,93.2,3.2,-7.9,,,,,111.0,95.0,,,37.0,,,1.0,,,,,,,,,,,,,0.0,,1.0,,,,,,,,,,,,,,,,,,,,,,,,,,,0.0,1.255,0.0,,,,,,,,,,,,,,,,,""
11690872717,"Jun 19, 2024, 4:47:18 PM",Morning Ride,Ride,,972,4.21,155.0,3,false,,1996 Cannondale M200 SE,activities/12473439258.fit.gz,,11.793,972.0,953.0,4215.9,10.927,4.424,16.0,78.6,6.6,69.2,10.1,-1.5,,,,,155.0,109.0,,,69.0,,,3.0,,,,,,,,,,,,,0.0,,1.0,,,,,,,,,,,,,,,,11490857.0,,,,,,,,,,,0.0,4.337,0.0,,,,,,,,,,,,,,,,,""
11693416045,"Jun 19, 2024, 10:49:58 PM",Afternoon Ride,Ride,,1111,3.29,178.0,27,false,,1996 Cannondale M200 SE,activities/12476038426.fit.gz,,11.793,1111.0,1072.0,3289.7,12.486,3.069,105.6,105.6,7.0,96.0,32.7,2.7,,,,,178.0,152.0,,,86.0,,,27.0,,,,,,,,,,,,,0.0,,1.0,,,,,,,,,,,,,,,,11490857.0,,,,,,,,,,,0.0,2.961,0.0,,,,,,,,,,,,,,,,,""
11694297967,"Jun 20, 2024, 2:38:58 AM",Evening Ride,Ride,,1331,5.71,188.0,57,false,,1996 Cannondale M200 SE,activities/12476942880.fit.gz,,11.793,1331.0,1331.0,5711.9,10.916,4.291,67.2,53.0,21.6,78.4,24.8,0.3,,,,,188.0,165.0,,,119.0,,,57.0,,,,,,,,,,,,,0.0,,1.0,,,,,,,,,,,,,,,,11490857.0,,,,,,,,,,,0.0,4.291,0.0,,,,,,,,,,,,,,,,,""
11694732992,"Jun 20, 2024, 3:09:55 AM",Evening Tennis,Workout,,6449,0,159.0,45,false,,,activities/12477395775.fit.gz,,,6449.0,6449.0,0.0,0.0,0.0,0.0,0.0,0.0,0.0,0.0,0.0,,,,,159.0,130.0,,,656.0,,,45.0,,,,,,,,,,,,,0.0,,1.0,,,,,,,,,,,,,,,,,,,,,,,,,,,0.0,0.0,0.0,,,,,,,,,,,,,,,,,""
11694733017,"Jun 20, 2024, 5:05:01 AM",Night Ride,Ride,,1755,6.31,176.0,18,false,,1996 Cannondale M200 SE,activities/12477395774.fit.gz,,11.793,1755.0,1706.0,6310.4,9.914,3.699,89.4,89.4,19.4,95.0,25.6,0.3,,,,,176.0,133.0,,,135.0,,,18.0,,,,,,,,,,,,,0.0,,1.0,,,,,,,,,,,,,,,,11490857.0,,,,,,,,,,,0.0,3.596,0.0,,,,,,,,,,,,,,,,,""
11707812737,"Jun 21, 2024, 10:48:46 PM",Afternoon Swim,Swim,,1562,744,167.0,49,false,,,activities/12490866337.fit.gz,,,1562.0,1562.0,744.3,2.012,0.477,0.0,0.0,0.0,0.0,0.0,0.0,,,,,167.0,148.0,,,198.0,,,49.0,,,,,,,,,,,,,0.0,,1.0,,,,,,,,,,,,,,,,,,,,,,,,,,,0.0,0.477,0.0,,,,,,,,,,,,,,,,,""
11707812755,"Jun 21, 2024, 5:27:58 PM",Morning Run,Run,,859,1.90,156.0,5,false,,HOKA Clifton 8,activities/12490866340.fit.gz,,,859.0,754.0,1906.2,6.114,2.528,0.0,83.0,5.0,88.0,2.6,-4.5,,,,,156.0,128.0,,,101.0,,,5.0,,,,,,,,,,,,,0.0,,1.0,1751.6,,,,,,,,,,,,,,,,14035992.0,,,,,,,,,,0.0,2.219,0.0,,,,2044.0,,,,,2.323,,,,,,,,""
11707812762,"Jun 21, 2024, 6:28:48 PM",Lunch Run,Run,,846,1.64,171.0,11,false,,HOKA Clifton 8,activities/12490866338.fit.gz,,,846.0,786.0,1641.3,4.238,2.088,21.2,0.0,8.0,29.2,6.5,1.3,,,,,171.0,143.0,,,86.0,,,11.0,,,,,,,,,,,,,0.0,,1.0,1647.5,,,,,,,,,,,,,,,,14035992.0,,,,,,,,,,0.0,1.94,0.0,,,,1874.0,,,,,2.096,,,,,,,,""
11714441934,"Jun 22, 2024, 5:44:20 PM",Barry’s,Workout,"",3146,0,187.0,71,false,,,activities/12497699426.fit.gz,,,3146.0,3146.0,0.0,0.0,0.0,0.0,0.0,0.0,0.0,0.0,0.0,,,,,187.0,150.0,,,441.0,,,71.0,,,,,,,,,,,0.0,,0.0,,1.0,,,,,,,,,,,,,,,,,,,,,,,,,,,0.0,0.0,0.0,,,,,,,,,,,,,,,,,media/7E048AB2-70EC-40FD-AB94-B016F6379E21.jpg
11714441979,"Jun 22, 2024, 5:03:50 PM",Run to barry’s,Run,"",1537,3.92,173.0,40,false,,HOKA Clifton 8,activities/12497699493.fit.gz,,,1537.0,1415.0,3927.9,11.09,2.776,30.0,30.0,17.0,87.8,14.6,-1.2,,,,,173.0,155.0,,,233.0,,,40.0,,,,,,,,,,,0.0,,0.0,,1.0,3830.8,,,,,,,,,,,,,,,,14035992.0,,,,,,,,,,0.0,2.556,0.0,,,,3926.0,,,,,2.707,,,,,,,,""
11714856080,"Jun 22, 2024, 7:10:42 PM",Lunch Run,Run,,1456,1.83,152.0,5,false,,HOKA Clifton 8,activities/12498127608.fit.gz,,,1456.0,1176.0,1829.7,3.954,1.556,13.2,19.8,16.2,36.0,9.7,-0.3,,,,,152.0,123.0,,,90.0,,,5.0,,,,,,,,,,,,,0.0,,1.0,1842.4,,,,,,,,,,,,,,,,14035992.0,,,,,,,,,,0.0,1.257,145.6,,,,2540.0,,,,,1.567,,,,,,,,""
11715389295,"Jun 22, 2024, 9:23:11 PM",Afternoon Ride,Ride,,660,2.14,174.0,6,false,,1996 Cannondale M200 SE,activities/12498679917.fit.gz,,11.793,660.0,632.0,2144.4,12.634,3.393,25.4,53.6,38.8,73.2,18.7,-1.3,,,,,174.0,130.0,,,61.0,,,6.0,,,,,,,,,,,,,0.0,,1.0,,,,,,,,,,,,,,,,11490857.0,,,,,,,,,,,0.0,3.249,0.0,,,,,,,,,,,,,,,,,""
11715556025,"Jun 22, 2024, 10:52:01 PM",Afternoon Ride,Ride,,684,2.66,169.0,9,false,,1996 Cannondale M200 SE,activities/12498852152.fit.gz,,11.793,684.0,684.0,2667.0,10.278,3.899,57.0,39.4,51.6,95.2,39.0,0.6,,,,,169.0,134.0,,,67.0,,,9.0,,,,,,,,,,,,,0.0,,1.0,,,,,,,,,,,,,,,,11490857.0,,,,,,,,,,,0.0,3.899,0.0,,,,,,,,,,,,,,,,,""
11723090299,"Jun 23, 2024, 7:09:12 PM",Lunch Walk,Walk,,1564,2.02,141.0,4,false,,,activities/12506632132.fit.gz,,,1564.0,1524.0,2028.0,2.399,1.331,33.2,33.2,42.4,116.4,18.4,-3.5,,,,,141.0,103.0,,,97.0,,,4.0,,,,,,,,,,,,,0.0,,1.0,,,,,,,,,,,,,,,,,,,,,,,,,,,0.0,1.297,0.0,,,,2214.0,,,,,,,,,,,,,""
11724601115,"Jun 24, 2024, 1:41:43 AM",Evening Tennis,Workout,In which Devin and Lizzie are humbled in mixed dubs,4789,0,178.0,26,false,,,activities/12508199948.fit.gz,,,4789.0,4789.0,0.0,0.0,0.0,0.0,0.0,0.0,0.0,0.0,0.0,,,,,178.0,115.0,,,446.0,,,26.0,,,,,,,,,,,0.0,,0.0,,1.0,,,,,,,,,,,,,,,,,,,,,,,,,,,0.0,0.0,0.0,,,,,,,,,,,,,,,,,""
11724804775,"Jun 24, 2024, 4:28:18 AM",Night Run,Run,,1063,1.53,151.0,5,false,,HOKA Clifton 8,activities/12508413862.fit.gz,,,1063.0,1021.0,1531.0,4.998,1.499,89.4,0.0,4.8,94.2,39.5,5.9,,,,,151.0,124.0,,,103.0,,,5.0,,,,,,,,,,,,,0.0,,1.0,1961.1,,,,,,,,,,,,,,,,14035992.0,,,,,,,,,,0.0,1.44,0.0,,,,2116.0,,,,,1.921,,,,,,,,""
11731847815,"Jun 24, 2024, 11:58:59 PM",Ride where Lizzie mixed up event venues,Ride,"",832,3.71,122.0,2,false,,1996 Cannondale M200 SE,activities/12515662267.fit.gz,,11.793,832.0,798.0,3718.4,9.994,4.66,26.2,25.6,4.0,17.2,12.7,-0.1,,,,,122.0,105.0,,,66.0,,,2.0,,,,,,,,,,,0.0,,0.0,,1.0,,,,,,,,,,,,,,,,11490857.0,,,,,,,,,,,0.0,4.469,0.0,,,,,,,,,,,,,,,,,""
11733116445,"Jun 25, 2024, 6:03:01 AM",Night HIIT,Workout,,530,0,156.0,3,false,,,activities/12516975512.fit.gz,,,530.0,530.0,0.0,0.0,0.0,0.0,0.0,0.0,0.0,0.0,0.0,,,,,156.0,119.0,,,50.0,,,3.0,,,,,,,,,,,,,0.0,,1.0,,,,,,,,,,,,,,,,,,,,,,,,,,,0.0,0.0,0.0,,,,,,,,,,,,,,,,,""
11739929728,"Jun 25, 2024, 10:15:03 PM",Afternoon Walk,Walk,,1208,1.72,118.0,3,false,,,activities/12523829778.fit.gz,,,1208.0,1133.0,1728.4,3.928,1.525,18.2,22.4,5.8,19.2,49.2,-0.3,,,,,118.0,107.0,,,87.0,,,3.0,,,,,,,,,,,,,0.0,,1.0,,,,,,,,,,,,,,,,,,,,,,,,,,,0.0,1.431,0.0,,,,1476.0,,,,,,,,,,,,,""
11748935236,"Jun 27, 2024, 1:26:46 AM",Wind is a killer on Marina going to east beach run,Run,"",3920,9.10,171.0,84,false,,HOKA Clifton 8,activities/12533091139.fit.gz,,,3920.0,3817.0,9105.8,5.328,2.386,82.0,82.0,3.0,96.4,22.1,-0.4,,,,,171.0,149.0,,,544.0,,,84.0,,,,,,,,,,,0.0,,0.0,,1.0,9224.2,,,,,,,,,,,,,,,,14035992.0,,,,,,,,,,0.0,2.323,1250.2,,,,9448.0,,,,,2.417,,,,,,,,""
11753206258,"Jun 27, 2024, 3:42:03 PM",Morning Walk,Walk,,666,1.73,95.0,1,false,,,activities/12537510828.fit.gz,,,666.0,666.0,1733.9,2.672,2.603,0.0,30.0,12.4,42.4,2.6,-3.3,,,,,95.0,89.0,,,71.0,,,1.0,,,,,,,,,,,,,0.0,,1.0,,,,,,,,,,,,,,,,,,,,,,,,,,,0.0,2.603,0.0,,,,1866.0,,,,,,,,,,,,,""
11760959261,"Jun 28, 2024, 4:42:40 PM",Morning Walk,Walk,,615,1.72,91.0,1,false,,,activities/12545498668.fit.gz,,,615.0,615.0,1725.4,2.359,2.806,0.0,39.2,40.0,80.0,2.5,-5.3,,,,,91.0,86.0,,,72.0,,,1.0,,,,,,,,,,,,,0.0,,1.0,,,,,,,,,,,,,,,,,,,,,,,,,,,0.0,2.806,0.0,,,,2176.0,,,,,,,,,,,,,""
11761990841,"Jun 28, 2024, 6:46:28 PM",Ride to Ian I missed the turn and had to walk up hella hills,Ride,"",1290,3.46,168.0,9,false,,1996 Cannondale M200 SE,activities/12546558568.fit.gz,,11.793,1290.0,1290.0,3468.6,10.608,2.689,70.6,70.6,19.0,98.0,26.7,-0.4,,,,,168.0,120.0,,,85.0,,,9.0,,,,,,,,,,,0.0,,0.0,,1.0,,,,,,,,,,,,,,,,11490857.0,,,,,,,,,,,0.0,2.689,0.0,,,,,,,,,,,,,,,,,""
11762249039,"Jun 28, 2024, 8:35:41 PM",Ride from Sarah,Ride,"",289,0.98,165.0,2,false,,1996 Cannondale M200 SE,activities/12546824463.fit.gz,,11.793,289.0,289.0,982.8,6.376,3.401,22.2,3.6,41.6,64.0,22.5,1.9,,,,,165.0,128.0,,,23.0,,,2.0,,,,,,,,,,,0.0,,0.0,,1.0,,,,,,,,,,,,,,,,11490857.0,,,,,,,,,,,0.0,3.401,0.0,,,,,,,,,,,,,,,,,""
11762644857,"Jun 28, 2024, 8:54:47 PM",Ride from Alta,Ride,"",805,2.76,174.0,10,false,,1996 Cannondale M200 SE,activities/12547233867.fit.gz,,11.793,805.0,805.0,2764.9,7.142,3.435,64.8,45.6,54.0,94.8,21.5,0.7,,,,,174.0,133.0,,,81.0,,,10.0,,,,,,,,,,,0.0,,0.0,,1.0,,,,,,,,,,,,,,,,11490857.0,,,,,,,,,,,0.0,3.435,0.0,,,,,,,,,,,,,,,,,media/BB975322-E4DA-4EE0-8913-92A5CBAFDC73.jpg
11770774712,"Jun 29, 2024, 11:05:22 PM",Afternoon Ride,Ride,,1310,5.55,125.0,3,false,,1996 Cannondale M200 SE,activities/12555640573.fit.gz,,11.793,1310.0,1291.0,5556.1,10.018,4.304,75.2,23.8,7.2,58.6,42.2,0.9,,,,,125.0,103.0,,,132.0,,,3.0,,,,,,,,,,,,,0.0,,1.0,,,,,,,,,,,,,,,,11490857.0,,,,,,,,,,,0.0,4.241,0.0,,,,,,,,,,,,,,,,,""
11771196546,"Jun 30, 2024, 1:15:51 AM",Evening Walk,Walk,,228,1.30,112.0,0,false,,,activities/12556077684.fit.gz,,,228.0,228.0,1300.7,2.213,5.705,0.0,12.6,46.2,58.8,2.5,-3.5,,,,,112.0,108.0,,,60.0,,,0.0,,,,,,,,,,,,,0.0,,1.0,,,,,,,,,,,,,,,,,,,,,,,,,,,0.0,5.705,0.0,,,,908.0,,,,,,,,,,,,,""
11778392153,"Jun 30, 2024, 7:47:15 PM",Ride to the laundromat for bagels,Ride,"",2253,9.15,170.0,26,false,,1996 Cannondale M200 SE,activities/12563536491.fit.gz,,11.793,2253.0,2186.0,9153.3,8.056,4.187,107.4,122.0,39.6,96.8,15.8,-0.2,,,,,170.0,135.0,,,194.0,,,26.0,,,,,,,,,,,0.0,,0.0,,1.0,,,,,,,,,,,,,,,,11490857.0,,,,,,,,,,,0.0,4.063,0.0,,,,,,,,,,,,,,,,,media/7BD48E79-4704-4B1F-8E9F-5F4D4A2ADF59.jpg
11778392225,"Jun 30, 2024, 8:36:04 PM",Ride from bagel pickup and farmers market,Ride,"",3882,10.15,163.0,23,false,,1996 Cannondale M200 SE,activities/12563536551.fit.gz,,11.793,3882.0,2915.0,10157.7,9.476,3.485,148.4,110.2,44.8,97.0,14.9,0.4,,,,,163.0,129.0,,,219.0,,,23.0,,,,,,,,,,,0.0,,0.0,,1.0,,,,,,,,,,,,,,,,11490857.0,,,,,,,,,,,0.0,2.617,0.0,,,,,,,,,,,,,,,,,""
11818433173,"Jul 6, 2024, 2:09:53 AM",Evening Walk,Walk,covid getting better lah,2046,2.86,143.0,9,false,"",,activities/12604848962.fit.gz,,,2046.0,2046.0,2863.6,2.62,1.4,27.8,27.6,84.2,94.2,31.2,0.0,,,,,143.0,124.0,,,113.0,,,9.0,,,,,,,,,,,,,0.0,,1.0,,,,,,,,,,,,,,,,,,,,,,,,,,,0.0,1.4,0.0,,,,3346.0,,,,,,,,,,,,,""
11825329596,"Jul 6, 2024, 9:42:42 PM",Afternoon Walk,Walk,,1465,1.31,115.0,1,false,,,activities/12611993507.fit.gz,,,1465.0,420.0,1314.9,5.372,3.131,16.4,0.0,28.6,45.0,18.1,3.4,,,,,115.0,101.0,,,74.0,,,1.0,,,,,,,,,,,,,0.0,,1.0,,,,,,,,,,,,,,,,,,,,,,,,,,,0.0,0.898,0.0,,,,1508.0,,,,,,,,,,,,,""
11833325110,"Jul 7, 2024, 8:37:31 PM",Easy first swim back,Swim,FINALLY NEGATIVE,836,342,116.0,3,false,,,activities/12620269819.fit.gz,,,836.0,836.0,342.0,2.012,0.409,0.0,0.0,0.0,0.0,0.0,0.0,,,,,116.0,111.0,,,89.0,,,3.0,,,,,,,,,,,0.0,,0.0,,1.0,,,,,,,,,,,,,,,,,,,,,,,,,,,0.0,0.409,0.0,,,,,,,,,,,,,,,,,""
11833821546,"Jul 7, 2024, 10:07:00 PM",Afternoon Walk,Walk,,201,1.31,101.0,0,false,,,activities/12620784261.fit.gz,,,201.0,201.0,1315.1,2.409,6.543,0.0,10.2,49.6,60.0,0.0,-3.7,,,,,101.0,97.0,,,53.0,,,0.0,,,,,,,,,,,,,0.0,,1.0,,,,,,,,,,,,,,,,,,,,,,,,,,,0.0,6.543,0.0,,,,1586.0,,,,,,,,,,,,,""
11839177311,"Jul 8, 2024, 4:35:08 PM",Morning Walk,Walk,,1747,2.24,130.0,4,false,,,activities/12626351036.fit.gz,,,1747.0,1693.0,2248.1,2.764,1.328,35.8,95.4,43.0,102.6,41.7,-2.7,,,,,130.0,99.0,,,104.0,,,4.0,,,,,,,,,,,,,0.0,,1.0,,,,,,,,,,,,,,,,,,,,,,,,,,,0.0,1.287,0.0,,,,2108.0,,,,,,,,,,,,,""
11840109497,"Jul 8, 2024, 6:20:02 PM",Lunch Walk,Walk,,1687,1.91,135.0,3,false,,,activities/12627304532.fit.gz,,,1687.0,1561.0,1916.6,2.724,1.228,70.2,70.2,51.8,96.0,26.8,2.3,,,,,135.0,98.0,,,103.0,,,3.0,,,,,,,,,,,,,0.0,,1.0,,,,,,,,,,,,,,,,,,,,,,,,,,,0.0,1.136,0.0,,,,2230.0,,,,,,,,,,,,,""
11850264447,"Jul 9, 2024, 11:20:38 PM",Afternoon Ride,Ride,"Watch didn’t track ride to office this morning, new route going there on 5th to Folsom",1950,5.79,169.0,27,false,,1996 Cannondale M200 SE,activities/12637741374.fit.gz,,11.793,1950.0,1901.0,5792.5,7.938,3.047,132.6,132.6,-9.0,95.2,46.4,1.5,,,,,169.0,140.0,,,122.0,,,27.0,,,,,,,,,,,0.0,,0.0,,1.0,,,,,,,,,,,,,,,,11490857.0,,,,,,,,,,,0.0,2.97,0.0,,,,,,,,,,,,,,,,,""
11855925975,"Jul 10, 2024, 4:35:02 PM",Morning Walk,Walk,,2696,3.24,115.0,5,false,,,activities/12643599522.fit.gz,,,2696.0,2385.0,3247.0,4.318,1.361,26.2,156.6,6.4,142.4,48.5,-4.0,,,,,115.0,99.0,,,150.0,,,5.0,,,,,,,,,,,,,0.0,,1.0,,,,,,,,,,,,,,,,,,,,,,,,,,,0.0,1.204,13.5,,,,2858.0,,,,,,,,,,,,,""
11859135213,"Jul 11, 2024, 3:09:19 AM",Evening Ride,E-Bike Ride,"",1155,4.75,122.0,3,false,,1996 Cannondale M200 SE,activities/12646903678.fit.gz,,11.793,1155.0,1155.0,4755.4,10.48,4.117,67.6,31.2,8.2,58.8,26.7,0.8,,,,,122.0,105.0,,,105.0,,,3.0,,,,,,,,,,,0.0,,0.0,,1.0,,,,,,,,,,,,,,,,11490857.0,,,,,,,,,,,0.0,4.117,227.7,,,,,,,,,,,,,,,,,""
11864003805,"Jul 11, 2024, 5:04:47 PM",Morning Walk,Walk,,1317,1.82,124.0,3,false,,,activities/12651956848.fit.gz,,,1317.0,1271.0,1828.6,3.08,1.439,0.0,87.8,4.6,92.4,9.0,-4.7,,,,,124.0,100.0,,,77.0,,,3.0,,,,,,,,,,,,,0.0,,1.0,,,,,,,,,,,,,,,,,,,,,,,,,,,0.0,1.388,0.0,,,,1574.0,,,,,,,,,,,,,""
11867018713,"Jul 12, 2024, 2:19:00 AM",Run to tennis no rackets,Run,"",316,1.08,158.0,2,false,,HOKA Clifton 8,activities/12655074425.fit.gz,,,316.0,316.0,1086.4,6.006,3.438,0.0,3.4,5.0,8.4,2.3,-0.4,,,,,158.0,132.0,,,55.0,,,2.0,,,,,,,,,,,0.0,,0.0,,1.0,731.9,,,,,,,,,,,,,,,,14035992.0,,,,,,,,,,0.0,3.438,0.0,,,,806.0,,,,,2.316,,,,,,,,""
11867339501,"Jul 12, 2024, 2:35:59 AM",Evening Tennis,Workout,,5162,0,174.0,58,false,,,activities/12655410012.fit.gz,,,5162.0,5162.0,0.0,0.0,0.0,0.0,0.0,0.0,0.0,0.0,0.0,,,,,174.0,134.0,,,565.0,,,58.0,,,,,,,,,,,,,0.0,,1.0,,,,,,,,,,,,,,,,,,,,,,,,,,,0.0,0.0,0.0,,,,,,,,,,,,,,,,,""
11873091224,"Jul 12, 2024, 10:03:25 PM",Afternoon HIIT,Workout,,1452,0,129.0,3,false,,,activities/12661376974.fit.gz,,,1452.0,1452.0,0.0,0.0,0.0,0.0,0.0,0.0,0.0,0.0,0.0,,,,,129.0,101.0,,,68.0,,,3.0,,,,,,,,,,,,,0.0,,1.0,,,,,,,,,,,,,,,,,,,,,,,,,,,0.0,0.0,0.0,,,,,,,,,,,,,,,,,""
11880554723,"Jul 13, 2024, 6:29:36 PM",Lunch Walk,Walk,,1718,2.52,111.0,4,false,,,activities/12669114613.fit.gz,,,1718.0,1718.0,2528.2,2.98,1.472,13.0,85.8,74.2,158.0,16.0,-2.9,,,,,111.0,99.0,,,101.0,,,4.0,,,,,,,,,,,,,0.0,,1.0,,,,,,,,,,,,,,,,,,,,,,,,,,,0.0,1.472,0.0,,,,3444.0,,,,,,,,,,,,,""
11881575709,"Jul 13, 2024, 11:13:46 PM",Afternoon Walk,Walk,,1289,1.75,122.0,3,false,,,activities/12670178177.fit.gz,,,1289.0,1258.0,1758.5,2.72,1.398,7.4,102.2,10.0,104.8,15.4,-5.4,,,,,122.0,98.0,,,79.0,,,3.0,,,,,,,,,,,,,0.0,,1.0,,,,,,,,,,,,,,,,,,,,,,,,,,,0.0,1.364,0.0,,,,1518.0,,,,,,,,,,,,,""
11882227168,"Jul 14, 2024, 2:01:37 AM",Evening Walk,Walk,,1289,1.45,156.0,4,false,,,activities/12670857831.fit.gz,,,1289.0,1201.0,1457.8,3.997,1.214,83.6,0.0,9.4,93.0,36.6,5.7,,,,,156.0,112.0,,,91.0,,,4.0,,,,,,,,,,,,,0.0,,1.0,,,,,,,,,,,,,,,,,,,,,,,,,,,0.0,1.131,0.0,,,,1480.0,,,,,,,,,,,,,""
11894685980,"Jul 15, 2024, 3:24:08 PM",Lunch Elliptical,Elliptical,,1941,0,164.0,34,false,,,activities/12683804213.fit.gz,,,1941.0,1941.0,0.0,0.0,0.0,0.0,0.0,0.0,0.0,0.0,0.0,,,,,164.0,146.0,,,232.0,,,34.0,,,,,,,,,,,,,0.0,,1.0,,,,,,,,,,,,,,,,,,,,,,,,,,,0.0,0.0,0.0,,,,,,,,,,,,,,,,,""
11903408612,"Jul 16, 2024, 4:35:14 PM",Lunch Walk,Walk,,1098,1.44,120.0,2,false,,,activities/12692813544.fit.gz,,,1098.0,945.0,1440.8,5.495,1.525,0.0,0.0,18.6,20.0,2.7,0.1,,,,,120.0,108.0,,,61.0,,,2.0,,,,,,,,,,,,,0.0,,1.0,,,,,,,,,,,,,,,,,,,,,,,,,,,0.0,1.312,0.0,,,,480.0,,,,,,,,,,,,,""
11906549273,"Jul 17, 2024, 12:00:15 AM",Evening Walk,Walk,,1922,2.18,121.0,4,false,,,activities/12696030580.fit.gz,,,1922.0,1773.0,2184.6,2.672,1.232,2.2,6.2,12.4,16.4,8.4,-0.2,,,,,121.0,104.0,,,121.0,,,4.0,,,,,,,,,,,,,0.0,,1.0,,,,,,,,,,,,,,,,,,,,,,,,,,,0.0,1.137,0.0,,,,2454.0,,,,,,,,,,,,,""
11912317380,"Jul 17, 2024, 4:41:06 PM",Lunch Walk,Walk,,2116,1.87,119.0,3,false,,,activities/12702022175.fit.gz,,,2116.0,1228.0,1874.7,6.399,1.527,3.0,2.0,12.4,15.4,10.4,0.1,,,,,119.0,102.0,,,92.0,,,3.0,,,,,,,,,,,,,0.0,,1.0,,,,,,,,,,,,,,,,,,,,,,,,,,,0.0,0.886,0.0,,,,2632.0,,,,,,,,,,,,,""
11931691425,"Jul 20, 2024, 12:56:27 AM",Evening Walk,Walk,,3465,1.35,120.0,2,false,,,activities/12722109900.fit.gz,,,3465.0,1021.0,1353.0,5.943,1.325,0.0,3.0,11.4,14.4,0.0,-0.2,,,,,120.0,105.0,,,93.0,,,2.0,,,,,,,,,,,,,0.0,,1.0,,,,,,,,,,,,,,,,,,,,,,,,,,,0.0,0.39,0.0,,,,1778.0,,,,,,,,,,,,,""
11947508091,"Jul 21, 2024, 6:12:34 PM",Lunch Tennis,Workout,[strava://athletes/95700893/12]julie colson [strava://athletes/55573677/16]Jen Gaarder-Wang,10779,0,184.0,135,false,,,activities/12738578684.fit.gz,,,10779.0,10779.0,0.0,0.0,0.0,0.0,0.0,0.0,0.0,0.0,0.0,,,,,184.0,136.0,,,1248.0,,,135.0,,,,,,,,,,,0.0,,0.0,,1.0,,,,,,,,,,,,,,,,,,,,,,,,,,,0.0,0.0,0.0,,,,,,,,,,,,,,,,,""
11955055610,"Jul 22, 2024, 8:11:03 PM",Run to pickup glasses then Nijiya bag too heavy,Run,"",2243,2.59,170.0,20,false,,HOKA Clifton 8,activities/12746426730.fit.gz,,,2243.0,1114.0,2598.6,7.575,2.333,45.6,45.6,41.6,95.8,49.1,-1.6,,,,,170.0,149.0,,,154.0,,,20.0,,,,,,,,,,,0.0,,0.0,,1.0,2844.1,,,,,,,,,,,,,,,,14035992.0,,,,,,,,,,0.0,1.159,0.0,,,,2998.0,,,,,2.553,,,,,,,,""
11955255334,"Jul 22, 2024, 8:48:35 PM",Afternoon Walk,Walk,,2113,1.78,147.0,5,false,,,activities/12746632243.fit.gz,,,2113.0,1324.0,1788.6,2.816,1.351,71.0,71.0,46.4,96.4,24.2,2.3,,,,,147.0,117.0,,,105.0,,,5.0,,,,,,,,,,,,,0.0,,1.0,,,,,,,,,,,,,,,,,,,,,,,,,,,0.0,0.846,0.0,,,,1756.0,,,,,,,,,,,,,""
11956231213,"Jul 23, 2024, 12:05:18 AM",Run to tennis pick up books,Run,"",1483,2.12,167.0,5,false,,HOKA Clifton 8,activities/12747635600.fit.gz,,,1483.0,1153.0,2127.5,7.287,1.845,0.0,44.0,4.8,48.8,2.5,-1.9,,,,,167.0,123.0,,,99.0,,,5.0,,,,,,,,,,,0.0,,0.0,,1.0,2174.3,,,,,,,,,,,,,,,,14035992.0,,,,,,,,,,0.0,1.435,0.0,,,,2678.0,,,,,1.886,,,,,,,,""
11956512265,"Jul 23, 2024, 12:34:47 AM",Afternoon Tennis,Workout,[strava://athletes/95700893/12]julie colson,3393,0,179.0,90,false,,,activities/12747925750.fit.gz,,,3393.0,3393.0,0.0,0.0,0.0,0.0,0.0,0.0,0.0,0.0,0.0,,,,,179.0,154.0,,,476.0,,,90.0,,,,,,,,,,,0.0,,0.0,,1.0,,,,,,,,,,,,,,,,,,,,,,,,,,,0.0,0.0,0.0,,,,,,,,,,,,,,,,,""
11956626426,"Jul 23, 2024, 1:36:36 AM",Evening Walk,Walk,,1607,1.92,157.0,8,false,,,activities/12748044799.fit.gz,,,1607.0,1580.0,1924.5,3.571,1.218,90.0,0.0,3.6,93.6,18.6,4.6,,,,,157.0,124.0,,,133.0,,,8.0,,,,,,,,,,,,,0.0,,1.0,,,,,,,,,,,,,,,,,,,,,,,,,,,0.0,1.198,0.0,,,,2266.0,,,,,,,,,,,,,""
11962928443,"Jul 23, 2024, 6:20:34 PM",Lunch Walk,Walk,,1339,1.68,130.0,3,false,,,activities/12754576241.fit.gz,,,1339.0,1046.0,1683.8,7.051,1.61,0.0,0.0,4.0,5.0,2.6,-0.1,,,,,130.0,108.0,,,84.0,,,3.0,,,,,,,,,,,,,0.0,,1.0,,,,,,,,,,,,,,,,,,,,,,,,,,,0.0,1.258,0.0,,,,1002.0,,,,,,,,,,,,,""
11965518883,"Jul 24, 2024, 12:49:57 AM",Tennis #1 with Patrick + he initiated,Workout,and walked 40 mins wtf,2484,0,166.0,22,false,"",,activities/12757238041.fit.gz,,,2484.0,2484.0,0.0,0.0,0.0,0.0,0.0,0.0,0.0,0.0,0.0,,,,,166.0,129.0,,,268.0,,,22.0,,,,,,,,,,,,,0.0,,1.0,,,,,,,,,,,,,,,,,,,,,,,,,,,0.0,0.0,0.0,,,,,,,,,,,,,,,,,""
11980088156,"Jul 25, 2024, 4:33:38 PM",Walk to work feat coffee,Walk,"",2464,2.84,110.0,4,false,,,activities/12772344752.fit.gz,,,2464.0,2226.0,2841.9,2.595,1.277,25.0,115.4,7.4,97.8,25.9,-3.2,,,,,110.0,91.0,,,127.0,,,4.0,,,,,,,,,,,0.0,,0.0,,1.0,,,,,,,,,,,,,,,,,,,,,,,,,,,0.0,1.153,0.0,,,,3978.0,,,,,,,,,,,,,""
11982907324,"Jul 26, 2024, 4:41:25 AM",Craig ebike back,Ride,"",909,3.23,115.0,2,false,,1996 Cannondale M200 SE,activities/12775271317.fit.gz,,11.793,909.0,886.0,3229.3,7.972,3.645,54.4,3.8,8.6,59.2,15.3,1.5,,,,,115.0,96.0,,,71.0,,,2.0,,,,,,,,,,,0.0,,0.0,,1.0,,,,,,,,,,,,,,,,11490857.0,,,,,,,,,,,0.0,3.553,228.4,,,,,,,,,,,,,,,,,""
11987973877,"Jul 26, 2024, 6:17:37 PM",Lunch Run,Run,,953,1.65,159.0,5,false,,HOKA Clifton 8,activities/12780540548.fit.gz,,,953.0,867.0,1651.7,5.275,1.905,0.0,40.8,4.4,45.2,4.3,-2.4,,,,,159.0,129.0,,,84.0,,,5.0,,,,,,,,,,,,,0.0,,1.0,1597.9,,,,,,,,,,,,,,,,14035992.0,,,,,,,,,,0.0,1.733,0.0,,,,1672.0,,,,,1.843,,,,,,,,""
11988467119,"Jul 26, 2024, 6:39:54 PM",Lunch Tennis,Workout,[strava://athletes/95700893/12]julie colson,5095,0,187.0,113,false,,,activities/12781055087.fit.gz,,,5095.0,5095.0,0.0,0.0,0.0,0.0,0.0,0.0,0.0,0.0,0.0,,,,,187.0,148.0,,,653.0,,,113.0,,,,,,,,,,,0.0,,0.0,,1.0,,,,,,,,,,,,,,,,,,,,,,,,,,,0.0,0.0,0.0,,,,,,,,,,,,,,,,,media/220CD66A-2B9F-4D05-858B-6A30439AF9FA.jpg
11988607739,"Jul 26, 2024, 8:11:59 PM",Afternoon Walk,Walk,,1574,1.78,172.0,12,false,,,activities/12781201798.fit.gz,,,1574.0,1514.0,1785.9,2.568,1.18,91.6,29.6,4.8,94.2,32.7,3.4,,,,,172.0,129.0,,,145.0,,,12.0,,,,,,,,,,,,,0.0,,1.0,,,,,,,,,,,,,,,,,,,,,,,,,,,0.0,1.135,0.0,,,,2286.0,,,,,,,,,,,,,""
11995977244,"Jul 27, 2024, 5:02:25 PM",Morning Walk,Walk,,2124,2.51,110.0,4,false,,,activities/12788894971.fit.gz,,,2124.0,1973.0,2512.6,3.618,1.273,22.0,85.4,81.2,156.6,19.7,-2.5,,,,,110.0,91.0,,,104.0,,,4.0,,,,,,,,,,,,,0.0,,1.0,,,,,,,,,,,,,,,,,,,,,,,,,,,0.0,1.183,0.0,,,,3264.0,,,,,,,,,,,,,""
11996889376,"Jul 27, 2024, 6:04:55 PM",walk and talk,Walk,back together?,7146,7.48,119.0,13,false,"",,activities/12789845022.fit.gz,,,7146.0,5893.0,7485.0,3.101,1.27,53.4,127.2,2.2,79.8,36.4,-1.0,,,,,119.0,94.0,,,310.0,,,13.0,,,,,,,,,,,0.0,,0.0,,1.0,,,,,,,,,,,,,,,,,,,,,,,,,,,0.0,1.047,14.1,,,,9882.0,,,,,,,,,,,,,""
11997729235,"Jul 27, 2024, 11:19:47 PM",Afternoon Swim,Swim,,943,503,144.0,15,false,,,activities/12790726283.fit.gz,,,943.0,943.0,502.9,2.012,0.533,0.0,0.0,0.0,0.0,0.0,0.0,,,,,144.0,135.0,,,126.0,,,15.0,,,,,,,,,,,,,0.0,,1.0,,,,,,,,,,,,,,,,,,,,,,,,,,,0.0,0.533,0.0,,,,,,,,,,,,,,,,,""
12006577977,"Jul 28, 2024, 11:13:29 PM",Post-brunch borough to south run,Run,"Claw clip ponytail no bueno, morning Benedict also no bueno, weather bueno",4564,9.98,173.0,121,false,,HOKA Clifton 8,activities/12799956210.fit.gz,,,4564.0,4096.0,9988.9,4.36,2.439,160.4,191.4,15.0,71.8,49.8,-0.3,,,,,173.0,157.0,,,589.0,,,121.0,,,,,,,,,,,0.0,,0.0,,1.0,10381.7,,,,,,,,,,,,,,,,14035992.0,,,,,,,,,,0.0,2.189,0.0,,,,11200.0,,,,,2.535,,,,,,,,""
12021964102,"Jul 30, 2024, 7:54:29 PM",Afternoon Walk,Walk,,1614,0.98,129.0,1,false,,,activities/12815927914.fit.gz,,,1614.0,777.0,989.0,1.948,1.273,6.8,8.8,285.0,291.8,28.1,-0.2,,,,,129.0,92.0,,,53.0,,,1.0,,,,,,,,,,,,,0.0,,1.0,,,,,,,,,,,,,,,,,,,,,,,,,,,0.0,0.613,0.0,,,,440.0,,,,,,,,,,,,,""
12023308666,"Jul 31, 2024, 12:05:04 AM",Evening Elliptical,Elliptical,,1685,0,154.0,29,false,,,activities/12817315283.fit.gz,,,1685.0,1685.0,0.0,0.0,0.0,0.0,0.0,0.0,0.0,0.0,0.0,,,,,154.0,144.0,,,204.0,,,29.0,,,,,,,,,,,,,0.0,,1.0,,,,,,,,,,,,,,,,,,,,,,,,,,,0.0,0.0,0.0,,,,,,,,,,,,,,,,,""
12046554625,"Aug 2, 2024, 7:59:52 PM",Lunch Walk,Walk,,2740,2.24,106.0,3,false,,,activities/12841514146.fit.gz,,,2740.0,2038.0,2243.7,2.568,1.101,36.6,36.6,46.4,94.8,18.8,-2.1,,,,,106.0,84.0,,,116.0,,,3.0,,,,,,,,,,,,,0.0,,1.0,,,,,,,,,,,,,,,,,,,,,,,,,,,0.0,0.819,0.0,,,,2854.0,,,,,,,,,,,,,""
12054622421,"Aug 3, 2024, 5:58:11 PM",Morning Walk,Walk,,3173,3.34,107.0,5,false,,,activities/12849928579.fit.gz,,,3173.0,2884.0,3348.3,2.435,1.161,23.6,23.6,8.4,97.0,19.2,-2.6,,,,,107.0,86.0,,,135.0,,,5.0,,,,,,,,,,,,,0.0,,1.0,,,,,,,,,,,,,,,,,,,,,,,,,,,0.0,1.055,0.0,,,,4746.0,,,,,,,,,,,,,""
12055565006,"Aug 3, 2024, 10:03:40 PM",Afternoon Walk,Walk,,2011,2.03,120.0,4,false,,,activities/12850918272.fit.gz,,,2011.0,1845.0,2036.1,4.298,1.104,68.4,68.4,31.0,94.0,23.2,2.5,,,,,120.0,93.0,,,117.0,,,4.0,,,,,,,,,,,,,0.0,,1.0,,,,,,,,,,,,,,,,,,,,,,,,,,,0.0,1.012,0.0,,,,2764.0,,,,,,,,,,,,,""
12055969974,"Aug 3, 2024, 11:41:02 PM",Afternoon Swim,Swim,,395,111,111.0,1,false,,,activities/12851343782.fit.gz,,,395.0,395.0,110.6,2.01,0.28,0.0,0.0,0.0,0.0,0.0,0.0,,,,,111.0,98.0,,,56.0,,,1.0,,,,,,,,,,,,,0.0,,1.0,,,,,,,,,,,,,,,,,,,,,,,,,,,0.0,0.28,0.0,,,,,,,,,,,,,,,,,""
12056336066,"Aug 4, 2024, 1:04:32 AM",Evening Walk,Walk,,2458,2.46,113.0,4,false,,,activities/12851726573.fit.gz,,,2458.0,2175.0,2466.7,2.037,1.134,27.2,27.2,17.6,105.8,43.2,-3.4,,,,,113.0,88.0,,,111.0,,,4.0,,,,,,,,,,,,,0.0,,1.0,,,,,,,,,,,,,,,,,,,,,,,,,,,0.0,1.004,0.0,,,,3156.0,,,,,,,,,,,,,""
12073099409,"Aug 6, 2024, 12:40:56 AM",Run to bay club spin class,Run,"",784,2.00,157.0,15,false,,HOKA Clifton 8,activities/12869286030.fit.gz,,,784.0,752.0,2001.8,4.65,2.662,6.6,92.0,5.0,90.6,5.9,-4.3,,,,,157.0,147.0,,,114.0,,,15.0,,,,,,,,,,,0.0,,0.0,,1.0,1919.1,,,,,,,,,,,,,,,,14035992.0,,,,,,,,,,0.0,2.553,0.0,,,,2104.0,,,,,2.552,,,,,,,,""
12073333120,"Aug 6, 2024, 1:00:08 AM",BC spin with Samantha,Ride,"",2849,0,185.0,116,false,,1996 Cannondale M200 SE,activities/12869529235.fit.gz,,11.793,2849.0,2849.0,0.0,0.0,0.0,0.0,0.0,0.0,0.0,0.0,0.0,,,,,185.0,163.0,,,426.0,,,116.0,,,,,,,,,,,0.0,,0.0,,1.0,,,,,,,,,,,,,,,,11490857.0,,,,,,,,,,,0.0,0.0,0.0,,,,,,,,,,,,,,,,,""
12073455371,"Aug 6, 2024, 1:54:19 AM",Evening Walk,Walk,,2022,2.30,135.0,6,false,,,activities/12869656324.fit.gz,,,2022.0,1903.0,2305.3,3.108,1.211,112.4,22.0,4.6,95.0,48.1,3.9,,,,,135.0,112.0,,,134.0,,,6.0,,,,,,,,,,,,,0.0,,1.0,,,,,,,,,,,,,,,,,,,,,,,,,,,0.0,1.14,0.0,,,,2938.0,,,,,,,,,,,,,""
12082874336,"Aug 7, 2024, 1:48:58 AM",Evening Tennis,Workout,,6113,0,155.0,21,false,,,activities/12879496059.fit.gz,,,6113.0,6113.0,0.0,0.0,0.0,0.0,0.0,0.0,0.0,0.0,0.0,,,,,155.0,110.0,,,474.0,,,21.0,,,,,,,,,,,,,0.0,,1.0,,,,,,,,,,,,,,,,,,,,,,,,,,,0.0,0.0,0.0,,,,,,,,,,,,,,,,,""
12089186405,"Aug 7, 2024, 6:00:39 PM",Lunch Walk,Walk,,1803,2.40,119.0,4,false,,,activities/12886100102.fit.gz,,,1803.0,1773.0,2400.7,3.45,1.354,18.6,51.6,7.8,41.0,31.0,-1.4,,,,,119.0,96.0,,,105.0,,,4.0,,,,,,,,,,,,,0.0,,1.0,,,,,,,,,,,,,,,,,,,,,,,,,,,0.0,1.331,0.0,,,,2314.0,,,,,,,,,,,,,""
12091669461,"Aug 8, 2024, 3:09:32 AM",Evening Ride,Ride,,1053,4.38,113.0,2,false,,1996 Cannondale M200 SE,activities/12888682209.fit.gz,,11.793,1053.0,1033.0,4382.8,9.256,4.243,74.2,24.2,7.0,60.6,24.3,1.1,,,,,113.0,99.0,,,107.0,,,2.0,,,,,,,,,,,,,0.0,,1.0,,,,,,,,,,,,,,,,11490857.0,,,,,,,,,,,0.0,4.162,241.8,,,,,,,,,,,,,,,,,""
12099294118,"Aug 8, 2024, 11:46:23 PM",Afternoon Swim,Swim,,1201,604,148.0,21,false,,,activities/12896663616.fit.gz,,,1201.0,1201.0,603.5,2.012,0.502,0.0,0.0,0.0,0.0,0.0,0.0,,,,,148.0,137.0,,,142.0,,,21.0,,,,,,,,,,,,,0.0,,1.0,,,,,,,,,,,,,,,,,,,,,,,,,,,0.0,0.502,0.0,,,,,,,,,,,,,,,,,""
12100035539,"Aug 9, 2024, 2:31:31 AM",Evening Tennis,Workout,,2062,0,154.0,12,false,,,activities/12897433792.fit.gz,,,2062.0,2062.0,0.0,0.0,0.0,0.0,0.0,0.0,0.0,0.0,0.0,,,,,154.0,128.0,,,208.0,,,12.0,,,,,,,,,,,,,0.0,,1.0,,,,,,,,,,,,,,,,,,,,,,,,,,,0.0,0.0,0.0,,,,,,,,,,,,,,,,,""
12124798786,"Aug 12, 2024, 12:06:12 AM",Afternoon Tennis,Workout,,12346,0,181.0,102,false,,,activities/12923501486.fit.gz,,,12346.0,12346.0,0.0,0.0,0.0,0.0,0.0,0.0,0.0,0.0,0.0,,,,,181.0,118.0,,,1124.0,,,102.0,,,,,,,,,,,,,0.0,,1.0,,,,,,,,,,,,,,,,,,,,,,,,,,,0.0,0.0,0.0,,,,,,,,,,,,,,,,,""
12133099590,"Aug 13, 2024, 2:08:37 AM","Jen, Sabrina, Elaine dubs",Workout,"",5345,0,176.0,81,false,,,activities/12932203194.fit.gz,,,5345.0,5345.0,0.0,0.0,0.0,0.0,0.0,0.0,0.0,0.0,0.0,,,,,176.0,141.0,,,623.0,,,81.0,,,,,,,,,,,0.0,,0.0,,1.0,,,,,,,,,,,,,,,,,,,,,,,,,,,0.0,0.0,0.0,,,,,,,,,,,,,,,,,""
12133175038,"Aug 13, 2024, 3:42:26 AM",Evening Tennis,Workout,,1525,0,157.0,9,false,,,activities/12932283548.fit.gz,,,1525.0,1525.0,0.0,0.0,0.0,0.0,0.0,0.0,0.0,0.0,0.0,,,,,157.0,124.0,,,131.0,,,9.0,,,,,,,,,,,,,0.0,,1.0,,,,,,,,,,,,,,,,,,,,,,,,,,,0.0,0.0,0.0,,,,,,,,,,,,,,,,,""
12138473175,"Aug 13, 2024, 4:59:39 PM",Morning Ride,Ride,,939,4.19,151.0,3,false,,1996 Cannondale M200 SE,activities/12937848911.fit.gz,,11.793,939.0,939.0,4194.7,9.264,4.467,16.6,79.0,6.4,68.8,7.3,-1.5,,,,,151.0,113.0,,,63.0,,,3.0,,,,,,,,,,,,,0.0,,1.0,,,,,,,,,,,,,,,,11490857.0,,,,,,,,,,,0.0,4.467,0.0,,,,,,,,,,,,,,,,,""
12141548815,"Aug 14, 2024, 12:10:42 AM",Post-work ride,Ride,"",1760,5.20,162.0,24,false,,1996 Cannondale M200 SE,activities/12941039421.fit.gz,,11.793,1760.0,1741.0,5206.6,11.954,2.991,111.8,111.8,8.4,95.6,48.0,1.6,,,,,162.0,140.0,,,117.0,,,24.0,,,,,,,,,,,0.0,,0.0,,1.0,,,,,,,,,,,,,,,,11490857.0,,,,,,,,,,,0.0,2.958,235.4,,,,,,,,,,,,,,,,,""
12142445285,"Aug 14, 2024, 3:39:47 AM",Sectionals singles practice Lindsay,Workout,"Like Nadal, first she takes your legs. Then she takes your spirit.",4613,0,182.0,166,false,,,activities/12941978743.fit.gz,,,4613.0,4613.0,0.0,0.0,0.0,0.0,0.0,0.0,0.0,0.0,0.0,,,,,182.0,161.0,,,584.0,,,166.0,,,,,,,,,,,0.0,,0.0,,1.0,,,,,,,,,,,,,,,,,,,,,,,,,,,0.0,0.0,0.0,,,,,,,,,,,,,,,,,""
12142445306,"Aug 14, 2024, 3:08:35 AM",Ride to sectionals practice late,Ride,"",1546,5.76,179.0,36,false,,1996 Cannondale M200 SE,activities/12941978740.fit.gz,,11.793,1546.0,1546.0,5759.4,9.808,3.725,67.4,63.4,21.4,78.4,14.2,0.1,,,,,179.0,149.0,,,124.0,,,36.0,,,,,,,,,,,0.0,,0.0,,1.0,,,,,,,,,,,,,,,,11490857.0,,,,,,,,,,,0.0,3.725,0.0,,,,,,,,,,,,,,,,,""
12142565316,"Aug 14, 2024, 5:09:05 AM",Post-sectionals practice night ride,Ride,"",1727,6.33,174.0,26,false,,1996 Cannondale M200 SE,activities/12942105674.fit.gz,,11.793,1727.0,1688.0,6338.5,12.738,3.755,87.6,87.6,19.6,95.0,16.5,0.2,,,,,174.0,143.0,,,144.0,,,26.0,,,,,,,,,,,0.0,,0.0,,1.0,,,,,,,,,,,,,,,,11490857.0,,,,,,,,,,,0.0,3.67,0.0,,,,,,,,,,,,,,,,,""
12148690876,"Aug 14, 2024, 7:52:53 PM",Lunch Ride,Ride,,904,3.97,154.0,4,false,,1996 Cannondale M200 SE,activities/12948520584.fit.gz,,11.793,904.0,904.0,3976.0,9.768,4.398,19.8,79.8,6.4,66.4,8.4,-1.5,,,,,154.0,120.0,,,76.0,,,4.0,,,,,,,,,,,,,0.0,,1.0,,,,,,,,,,,,,,,,11490857.0,,,,,,,,,,,0.0,4.398,0.0,,,,,,,,,,,,,,,,,""
12149835168,"Aug 14, 2024, 11:54:48 PM",Afternoon Ride,Ride,,1677,5.19,173.0,37,false,,1996 Cannondale M200 SE,activities/12949717494.fit.gz,,11.793,1677.0,1592.0,5196.1,10.214,3.264,107.8,107.8,6.8,95.4,20.6,1.7,,,,,173.0,151.0,,,120.0,,,37.0,,,,,,,,,,,,,0.0,,1.0,,,,,,,,,,,,,,,,11490857.0,,,,,,,,,,,0.0,3.098,237.1,,,,,,,,,,,,,,,,,""
12159010296,"Aug 16, 2024, 2:14:37 AM",Evening Ride,E-Bike Ride,"",653,3.11,157.0,2,false,,1996 Cannondale M200 SE,activities/12960967600.fit.gz,,11.793,653.0,636.0,3115.3,10.1,4.898,40.4,48.0,18.0,59.4,13.6,-0.2,,,,,157.0,117.0,,,78.0,,,2.0,,,,,,,,,,,0.0,,0.0,,1.0,,,,,,,,,,,,,,,,11490857.0,,,,,,,,,,,0.0,4.771,0.0,,,,,,,,,,,,,,,,,""
12164191411,"Aug 16, 2024, 5:13:55 PM",Morning Ride,Ride,,726,2.42,144.0,2,false,,1996 Cannondale M200 SE,activities/12966810511.fit.gz,,11.793,726.0,691.0,2426.3,7.218,3.511,3.0,54.2,19.4,71.6,2.0,-2.1,,,,,144.0,107.0,,,45.0,,,2.0,,,,,,,,,,,,,0.0,,1.0,,,,,,,,,,,,,,,,11490857.0,,,,,,,,,,,0.0,3.342,0.0,,,,,,,,,,,,,,,,,""
12164485995,"Aug 16, 2024, 5:47:31 PM",Morning Ride,Ride,,1075,2.50,160.0,13,false,,1996 Cannondale M200 SE,activities/12967133486.fit.gz,,11.793,1075.0,1058.0,2501.6,8.978,2.364,75.2,75.2,19.4,94.6,16.7,3.0,,,,,160.0,136.0,,,63.0,,,13.0,,,,,,,,,,,,,0.0,,1.0,,,,,,,,,,,,,,,,11490857.0,,,,,,,,,,,0.0,2.327,0.0,,,,,,,,,,,,,,,,,""
12175381063,"Aug 18, 2024, 12:57:55 AM",Sectionals 4 and 1 I cri,Workout,"",5281,0,201.0,319,false,,,activities/12979431908.fit.gz,,,5281.0,5281.0,0.0,0.0,0.0,0.0,0.0,0.0,0.0,0.0,0.0,,,,,201.0,179.0,,,907.0,,,319.0,,,,,,,,,,,0.0,,0.0,,1.0,,,,,,,,,,,,,,,,,,,,,,,,,,,0.0,0.0,0.0,,,,,,,,,,,,,,,,,""
12191947081,"Aug 20, 2024, 12:51:39 AM",Afternoon Elliptical,Elliptical,,1504,0,131.0,5,false,,,activities/12997835941.fit.gz,,,1504.0,1504.0,0.0,0.0,0.0,0.0,0.0,0.0,0.0,0.0,0.0,,,,,131.0,122.0,,,144.0,,,5.0,,,,,,,,,,,,,0.0,,1.0,,,,,,,,,,,,,,,,,,,,,,,,,,,0.0,0.0,0.0,,,,,,,,,,,,,,,,,""
12198549993,"Aug 20, 2024, 6:16:14 PM",Lunch Ride,Ride,,1129,4.39,145.0,3,false,,1996 Cannondale M200 SE,activities/13005098506.fit.gz,,11.793,1129.0,1129.0,4391.2,10.328,3.889,17.6,84.0,7.6,74.0,17.9,-1.5,,,,,145.0,101.0,,,71.0,,,3.0,,,,,,,,,,,,,0.0,,1.0,,,,,,,,,,,,,,,,11490857.0,,,,,,,,,,,0.0,3.889,138.3,,,,,,,,,,,,,,,,,""
12200613540,"Aug 20, 2024, 11:01:51 PM",Afternoon Ride,Ride,,3197,7.99,179.0,29,false,,1996 Cannondale M200 SE,activities/13007341046.fit.gz,,11.793,3197.0,2269.0,7998.4,9.854,3.525,165.2,165.2,3.4,95.6,47.6,1.1,,,,,179.0,138.0,,,201.0,,,29.0,,,,,,,,,,,,,0.0,,1.0,,,,,,,,,,,,,,,,11490857.0,,,,,,,,,,,0.0,2.502,0.0,,,,,,,,,,,,,,,,,""
12207703448,"Aug 21, 2024, 6:13:02 PM",Lunch Walk,Walk,,2068,2.66,118.0,4,false,,,activities/13014815689.fit.gz,,,2068.0,2068.0,2665.8,3.522,1.289,25.6,109.4,7.4,91.2,37.7,-3.1,,,,,118.0,97.0,,,127.0,,,4.0,,,,,,,,,,,,,0.0,,1.0,,,,,,,,,,,,,,,,,,,,,,,,,,,0.0,1.289,0.0,,,,3650.0,,,,,,,,,,,,,""
12210387122,"Aug 22, 2024, 3:46:16 AM",Evening Ride,Ride,,940,4.40,129.0,2,false,,1996 Cannondale M200 SE,activities/13017578028.fit.gz,,11.793,940.0,922.0,4405.8,10.38,4.779,67.4,16.4,8.2,59.2,41.0,1.2,,,,,129.0,108.0,,,94.0,,,2.0,,,,,,,,,,,,,0.0,,1.0,,,,,,,,,,,,,,,,11490857.0,,,,,,,,,,,0.0,4.687,230.0,,,,,,,,,,,,,,,,,""
12224689513,"Aug 23, 2024, 8:05:24 PM",Afternoon Walk,Walk,,2111,2.48,114.0,3,false,,,activities/13032456456.fit.gz,,,2111.0,1948.0,2484.9,2.934,1.276,34.8,34.8,17.0,106.8,41.8,-3.6,,,,,114.0,84.0,,,109.0,,,3.0,,,,,,,,,,,,,0.0,,1.0,,,,,,,,,,,,,,,,,,,,,,,,,,,0.0,1.177,0.0,,,,2502.0,,,,,,,,,,,,,""
12224871339,"Aug 23, 2024, 9:06:29 PM",Afternoon Walk,Walk,,1074,1.24,108.0,0,false,,,activities/13032646221.fit.gz,,,1074.0,399.0,1239.8,7.29,3.107,4.2,0.0,14.0,18.2,6.0,0.6,,,,,108.0,86.0,,,51.0,,,0.0,,,,,,,,,,,,,0.0,,1.0,,,,,,,,,,,,,,,,,,,,,,,,,,,0.0,1.154,0.0,,,,938.0,,,,,,,,,,,,,""
12225575513,"Aug 23, 2024, 11:33:07 PM",Afternoon Walk,Walk,,1166,1.32,124.0,2,false,,,activities/13033373362.fit.gz,,,1166.0,867.0,1321.6,6.755,1.524,0.0,0.0,21.6,23.2,5.4,0.1,,,,,124.0,101.0,,,66.0,,,2.0,,,,,,,,,,,,,0.0,,1.0,,,,,,,,,,,,,,,,,,,,,,,,,,,0.0,1.133,0.0,,,,988.0,,,,,,,,,,,,,""
12232378686,"Aug 24, 2024, 4:24:00 PM",Morning Ride,Ride,,1930,5.86,164.0,16,false,,1996 Cannondale M200 SE,activities/13040462416.fit.gz,,11.793,1930.0,1575.0,5865.0,8.32,3.724,67.8,78.2,21.6,84.8,21.1,-0.2,,,,,164.0,127.0,,,109.0,,,16.0,,,,,,,,,,,,,0.0,,1.0,,,,,,,,,,,,,,,,11490857.0,,,,,,,,,,,0.0,3.039,0.0,,,,,,,,,,,,,,,,,""
12233593011,"Aug 24, 2024, 7:24:41 PM",Lunch Tennis,Workout,,7228,0,183.0,97,false,,,activities/13041735929.fit.gz,,,7228.0,7228.0,0.0,0.0,0.0,0.0,0.0,0.0,0.0,0.0,0.0,,,,,183.0,139.0,,,832.0,,,97.0,,,,,,,,,,,,,0.0,,1.0,,,,,,,,,,,,,,,,,,,,,,,,,,,0.0,0.0,0.0,,,,,,,,,,,,,,,,,""
12233593039,"Aug 24, 2024, 9:45:14 PM",Afternoon Ride,Ride,,1725,6.26,182.0,41,false,,1996 Cannondale M200 SE,activities/13041735979.fit.gz,,11.793,1725.0,1707.0,6265.6,8.806,3.671,91.0,91.0,19.6,96.2,17.6,0.3,,,,,182.0,152.0,,,150.0,,,41.0,,,,,,,,,,,,,0.0,,1.0,,,,,,,,,,,,,,,,11490857.0,,,,,,,,,,,0.0,3.632,0.0,,,,,,,,,,,,,,,,,""
12248968132,"Aug 26, 2024, 4:29:09 PM",Bike ride to Sarah,Ride,"",900,3.25,164.0,5,false,,1996 Cannondale M200 SE,activities/13057783820.fit.gz,,11.793,900.0,900.0,3251.7,8.012,3.613,39.0,59.4,21.4,80.8,21.7,-0.6,,,,,164.0,114.0,,,62.0,,,5.0,,,,,,,,,,,0.0,,0.0,,1.0,,,,,,,,,,,,,,,,11490857.0,,,,,,,,,,,0.0,3.613,0.0,,,,,,,,,,,,,,,,,""
12248968344,"Aug 26, 2024, 4:46:57 PM",Sarah swyx jog and talk,Run,"",2803,5.58,167.0,24,false,,HOKA Clifton 8,activities/13057783971.fit.gz,,,2803.0,2550.0,5584.1,3.586,2.19,41.2,42.4,51.4,81.8,34.5,0.0,,,,,167.0,137.0,,,317.0,,,24.0,,,,,,,,,,,0.0,,0.0,,1.0,5645.5,,,,,,,,,,,,,,,,14035992.0,,,,,,,,,,0.0,1.992,0.0,,,,6988.0,,,,,2.214,,,,,,,,""
12249230297,"Aug 26, 2024, 5:54:16 PM",Ride to Trader Joe’s,Ride,"",2724,3.25,150.0,6,false,,1996 Cannondale M200 SE,activities/13058053585.fit.gz,,11.793,2724.0,1165.0,3258.4,7.734,2.797,48.6,42.6,20.4,69.0,42.0,0.2,,,,,150.0,117.0,,,64.0,,,6.0,,,,,,,,,,,0.0,,0.0,,1.0,,,,,,,,,,,,,,,,11490857.0,,,,,,,,,,,0.0,1.196,0.0,,,,,,,,,,,,,,,,,""
12251638787,"Aug 27, 2024, 1:08:30 AM",Evening Walk,Walk,,1976,1.70,107.0,2,false,,,activities/13060541220.fit.gz,,,1976.0,1281.0,1701.9,5.381,1.329,0.0,29.2,13.2,42.4,18.5,-1.7,,,,,107.0,96.0,,,72.0,,,2.0,,,,,,,,,,,,,0.0,,1.0,,,,,,,,,,,,,,,,,,,,,,,,,,,0.0,0.861,0.0,,,,2516.0,,,,,,,,,,,,,""
12260859396,"Aug 28, 2024, 3:09:23 AM",Evening Walk,Walk,,1523,1.61,128.0,4,false,,,activities/13070108588.fit.gz,,,1523.0,1491.0,1616.6,2.863,1.084,97.2,11.4,4.4,94.2,41.4,5.3,,,,,128.0,106.0,,,117.0,,,4.0,,,,,,,,,,,,,0.0,,1.0,,,,,,,,,,,,,,,,,,,,,,,,,,,0.0,1.061,0.0,,,,2048.0,,,,,,,,,,,,,""
12269614176,"Aug 29, 2024, 3:12:57 AM","Walk from CNCF, Solomon Hykes the man that you are",Walk,"",1419,1.46,132.0,4,false,"",,activities/13079733482.fit.gz,,,1419.0,1360.0,1467.9,2.521,1.079,86.8,8.8,15.2,100.0,37.3,5.3,,,,,132.0,112.0,,,105.0,,,4.0,,,,,,,,,,,,,0.0,,1.0,,,,,,,,,,,,,,,,,,,,,,,,,,,0.0,1.034,0.0,,,,2082.0,,,,,,,,,,,,,""
12275361833,"Aug 29, 2024, 6:07:44 PM",Run to dim sum and Jen,Run,"",540,1.39,162.0,7,false,,HOKA Clifton 8,activities/13085928917.fit.gz,,,540.0,476.0,1392.6,4.94,2.926,0.0,67.4,23.0,90.4,5.7,-4.8,,,,,162.0,144.0,,,75.0,,,7.0,,,,,,,,,,,0.0,,0.0,,1.0,1298.6,,,,,,,,,,,,,,,,14035992.0,,,,,,,,,,0.0,2.579,0.0,,,,1288.0,,,,,2.728,,,,,,,,""
12276014667,"Aug 29, 2024, 7:40:34 PM",Post Dim Sum Walk/Run,Run,"",888,1.29,161.0,6,false,"",HOKA Clifton 8,activities/13086602091.fit.gz,,,888.0,851.0,1297.6,3.348,1.525,70.6,0.0,24.6,95.2,22.6,5.4,,,,,161.0,133.0,,,85.0,,,6.0,,,,,,,,,,,,,0.0,,1.0,1588.7,,,,,,,,,,,,,,,,14035992.0,,,,,,,,,,0.0,1.461,0.0,,,,1732.0,,,,,1.867,,,,,,,,""
12277729415,"Aug 30, 2024, 1:20:06 AM",Evening HIIT,Workout,,787,0,152.0,8,false,,,activities/13088381578.fit.gz,,,787.0,787.0,0.0,0.0,0.0,0.0,0.0,0.0,0.0,0.0,0.0,,,,,152.0,138.0,,,90.0,,,8.0,,,,,,,,,,,,,0.0,,1.0,,,,,,,,,,,,,,,,,,,,,,,,,,,0.0,0.0,0.0,,,,,,,,,,,,,,,,,""
12284559398,"Aug 30, 2024, 10:17:19 PM",Afternoon HIIT,Workout,,1597,0,157.0,12,false,,,activities/13095520650.fit.gz,,,1597.0,1597.0,0.0,0.0,0.0,0.0,0.0,0.0,0.0,0.0,0.0,,,,,157.0,130.0,,,164.0,,,12.0,,,,,,,,,,,,,0.0,,1.0,,,,,,,,,,,,,,,,,,,,,,,,,,,0.0,0.0,0.0,,,,,,,,,,,,,,,,,""
12292194526,"Aug 31, 2024, 6:29:04 PM",Lunch Walk,Walk,,1372,1.70,120.0,4,false,,,activities/13103511334.fit.gz,,,1372.0,1372.0,1707.4,2.008,1.244,12.4,92.2,11.2,91.0,40.6,-4.7,,,,,120.0,108.0,,,75.0,,,4.0,,,,,,,,,,,,,0.0,,1.0,,,,,,,,,,,,,,,,,,,,,,,,,,,0.0,1.244,0.0,,,,1920.0,,,,,,,,,,,,,""
12301733913,"Sep 1, 2024, 8:07:13 PM",Afternoon Walk,Walk,,1258,1.51,110.0,3,false,,,activities/13113668514.fit.gz,,,1258.0,1218.0,1515.4,2.366,1.244,17.4,17.4,82.8,157.0,18.2,-4.2,,,,,110.0,99.0,,,67.0,,,3.0,,,,,,,,,,,,,0.0,,1.0,,,,,,,,,,,,,,,,,,,,,,,,,,,0.0,1.205,0.0,,,,2270.0,,,,,,,,,,,,,""
12309361464,"Sep 2, 2024, 6:43:40 PM",Lunch Run,Run,,3019,7.11,179.0,111,false,,HOKA Clifton 8,activities/13122253147.fit.gz,,,3019.0,2884.0,7118.3,4.236,2.468,53.6,53.6,1.8,97.2,27.0,-0.9,,,,,179.0,165.0,,,424.0,,,111.0,,,,,,,,,,,,,0.0,,1.0,7281.9,,,,,,,,,,,,,,,,14035992.0,,,,,,,,,,0.0,2.358,368.3,,,,7826.0,,,,,2.525,,,,,,,,""
12309613468,"Sep 2, 2024, 7:35:05 PM",Lunch Walk,Walk,,2106,2.27,154.0,9,false,,,activities/13122514969.fit.gz,,,2106.0,1917.0,2274.0,2.219,1.186,81.8,81.8,30.6,96.0,19.0,2.2,,,,,154.0,125.0,,,155.0,,,9.0,,,,,,,,,,,,,0.0,,1.0,,,,,,,,,,,,,,,,,,,,,,,,,,,0.0,1.08,0.0,,,,2452.0,,,,,,,,,,,,,""
12317310483,"Sep 3, 2024, 5:22:51 PM",Morning Walk,Walk,,2462,2.81,126.0,4,false,,,activities/13130869935.fit.gz,,,2462.0,2225.0,2811.5,3.454,1.264,33.8,122.4,-6.4,95.0,47.9,-3.1,,,,,126.0,93.0,,,126.0,,,4.0,,,,,,,,,,,,,0.0,,1.0,,,,,,,,,,,,,,,,,,,,,,,,,,,0.0,1.142,0.0,,,,3696.0,,,,,,,,,,,,,""
12320724968,"Sep 4, 2024, 3:15:25 AM",Evening Ride,Ride,,520,1.84,97.0,1,false,,1996 Cannondale M200 SE,activities/13134913970.fit.gz,,11.793,520.0,520.0,1842.0,7.63,3.542,24.4,16.4,5.0,22.0,21.0,0.4,,,,,97.0,96.0,,,31.0,,,1.0,,,,,,,,,,,,,0.0,,1.0,,,,,,,,,,,,,,,,11490857.0,,,,,,,,,,,0.0,3.542,0.0,,,,,,,,,,,,,,,,,""
12320921413,"Sep 4, 2024, 4:23:59 AM",Night Walk,Walk,,678,0.72,131.0,1,false,,,activities/13135131150.fit.gz,,,678.0,443.0,728.3,5.285,1.644,4.8,0.0,87.8,92.6,45.2,0.7,,,,,131.0,115.0,,,68.0,,,1.0,,,,,,,,,,,,,0.0,,1.0,,,,,,,,,,,,,,,,,,,,,,,,,,,0.0,1.074,0.0,,,,322.0,,,,,,,,,,,,,""
12327579903,"Sep 4, 2024, 7:36:34 PM",Lunch HIIT,Workout,,2558,0,162.0,25,false,,,activities/13142714482.fit.gz,,,2558.0,2558.0,0.0,0.0,0.0,0.0,0.0,0.0,0.0,0.0,0.0,,,,,162.0,135.0,,,278.0,,,25.0,,,,,,,,,,,,,0.0,,1.0,,,,,,,,,,,,,,,,,,,,,,,,,,,0.0,0.0,0.0,,,,,,,,,,,,,,,,,""
12327579912,"Sep 4, 2024, 8:25:17 PM",Afternoon Run,Run,,655,1.48,178.0,20,false,,HOKA Clifton 8,activities/13142714489.fit.gz,,,655.0,633.0,1482.9,3.76,2.343,41.0,15.8,11.4,50.4,18.0,1.7,,,,,178.0,158.0,,,99.0,,,20.0,,,,,,,,,,,,,0.0,,1.0,1633.1,,,,,,,,,,,,,,,,14035992.0,,,,,,,,,,0.0,2.264,0.0,,,,1700.0,,,,,2.58,,,,,,,,""
12330313611,"Sep 4, 2024, 7:21:48 PM",Lunch Run,Run,,773,2.26,158.0,16,false,,HOKA Clifton 8,activities/13145607062.fit.gz,,,773.0,745.0,2262.7,5.876,3.037,2.2,88.4,5.2,91.6,6.3,-3.8,,,,,158.0,149.0,,,125.0,,,16.0,,,,,,,,,,,,,0.0,,1.0,2137.6,,,,,,,,,,,,,,,,14035992.0,,,,,,,,,,0.0,2.927,0.0,,,,2094.0,,,,,2.869,,,,,,,,""
12334289229,"Sep 5, 2024, 4:49:19 PM",Morning Ride,Ride,,1103,4.73,139.0,3,false,,1996 Cannondale M200 SE,activities/13150016153.fit.gz,,11.793,1103.0,1103.0,4732.6,10.85,4.291,19.4,99.2,6.0,85.8,12.0,-1.7,,,,,139.0,105.0,,,79.0,,,3.0,,,,,,,,,,,,,0.0,,1.0,,,,,,,,,,,,,,,,11490857.0,,,,,,,,,,,0.0,4.291,0.0,,,,,,,,,,,,,,,,,""
12337727475,"Sep 6, 2024, 12:15:44 AM",Afternoon Ride,Ride,,1660,5.13,174.0,34,false,,1996 Cannondale M200 SE,activities/13153686903.fit.gz,,11.793,1660.0,1619.0,5133.2,8.444,3.171,115.6,115.6,5.8,96.6,20.4,1.7,,,,,174.0,149.0,,,117.0,,,34.0,,,,,,,,,,,,,0.0,,1.0,,,,,,,,,,,,,,,,11490857.0,,,,,,,,,,,0.0,3.092,0.0,,,,,,,,,,,,,,,,,""
12337727482,"Sep 6, 2024, 2:10:42 AM",Evening Ride,Ride,,1470,5.90,176.0,33,false,,1996 Cannondale M200 SE,activities/13153686904.fit.gz,,11.793,1470.0,1470.0,5900.4,9.192,4.014,68.6,70.4,21.4,79.0,14.3,0.0,,,,,176.0,149.0,,,131.0,,,33.0,,,,,,,,,,,,,0.0,,1.0,,,,,,,,,,,,,,,,11490857.0,,,,,,,,,,,0.0,4.014,0.0,,,,,,,,,,,,,,,,,""
12338038201,"Sep 6, 2024, 2:39:29 AM",Evening Tennis,Workout,,5141,0,172.0,73,false,,,activities/13154027913.fit.gz,,,5141.0,5141.0,0.0,0.0,0.0,0.0,0.0,0.0,0.0,0.0,0.0,,,,,172.0,141.0,,,587.0,,,73.0,,,,,,,,,,,,,0.0,,1.0,,,,,,,,,,,,,,,,,,,,,,,,,,,0.0,0.0,0.0,,,,,,,,,,,,,,,,,""
12338038434,"Sep 6, 2024, 4:10:35 AM",Night Ride,Ride,,1815,6.36,168.0,24,false,,1996 Cannondale M200 SE,activities/13154028125.fit.gz,,11.793,1815.0,1815.0,6359.5,10.106,3.504,86.8,86.8,19.4,95.6,43.5,0.3,,,,,168.0,137.0,,,145.0,,,24.0,,,,,,,,,,,,,0.0,,1.0,,,,,,,,,,,,,,,,11490857.0,,,,,,,,,,,0.0,3.504,0.0,,,,,,,,,,,,,,,,,""
12352741328,"Sep 7, 2024, 7:44:03 PM",Afternoon Walk,Walk,,1454,0.91,103.0,1,false,,,activities/13169885672.fit.gz,,,1454.0,783.0,913.7,10.703,1.167,6.8,9.0,157.2,162.0,34.9,-0.2,,,,,103.0,89.0,,,47.0,,,1.0,,,,,,,,,,,,,0.0,,1.0,,,,,,,,,,,,,,,,,,,,,,,,,,,0.0,0.628,0.0,,,,890.0,,,,,,,,,,,,,""
12360463821,"Sep 8, 2024, 3:44:17 PM",Morning Walk,Walk,,3739,0.88,117.0,1,false,,,activities/13178167294.fit.gz,,,3739.0,546.0,881.7,6.253,1.615,0.0,5.2,190.8,196.4,6.2,-0.3,,,,,117.0,85.0,,,44.0,,,1.0,,,,,,,,,,,,,0.0,,1.0,,,,,,,,,,,,,,,,,,,,,,,,,,,2.0,0.236,0.0,,,,2192.0,,,,,,,,,,,,,""
12369142818,"Sep 9, 2024, 7:41:59 PM",Lunch Walk,Walk,,1019,1.27,112.0,2,false,,,activities/13187524910.fit.gz,,,1019.0,969.0,1276.6,2.521,1.317,4.2,83.8,10.4,94.2,22.3,-6.2,,,,,112.0,92.0,,,56.0,,,2.0,,,,,,,,,,,,,0.0,,1.0,,,,,,,,,,,,,,,,,,,,,,,,,,,0.0,1.253,224.0,,,,1118.0,,,,,,,,,,,,,""
12370021863,"Sep 9, 2024, 10:02:14 PM",Afternoon Walk,Walk,,1390,1.27,145.0,4,false,,,activities/13188453201.fit.gz,,,1390.0,1127.0,1271.2,6.708,1.128,18.8,0.0,75.8,107.2,36.5,2.6,,,,,145.0,117.0,,,109.0,,,4.0,,,,,,,,,,,,,0.0,,1.0,,,,,,,,,,,,,,,,,,,,,,,,,,,0.0,0.915,0.0,,,,1860.0,,,,,,,,,,,,,""
12370615431,"Sep 10, 2024, 12:14:17 AM",Afternoon HIIT,Workout,,326,0,151.0,1,false,,,activities/13189076710.fit.gz,,,326.0,326.0,0.0,0.0,0.0,0.0,0.0,0.0,0.0,0.0,0.0,,,,,151.0,130.0,,,33.0,,,1.0,,,,,,,,,,,,,0.0,,1.0,,,,,,,,,,,,,,,,,,,,,,,,,,,0.0,0.0,0.0,,,,,,,,,,,,,,,,,""
12370615438,"Sep 9, 2024, 11:56:52 PM",Afternoon Elliptical,Elliptical,,961,0,151.0,7,false,,,activities/13189076711.fit.gz,,,961.0,961.0,0.0,0.0,0.0,0.0,0.0,0.0,0.0,0.0,0.0,,,,,151.0,135.0,,,103.0,,,7.0,,,,,,,,,,,,,0.0,,1.0,,,,,,,,,,,,,,,,,,,,,,,,,,,0.0,0.0,0.0,,,,,,,,,,,,,,,,,""
12379579893,"Sep 10, 2024, 10:57:58 PM",Walk and talk cara,Walk,"",3083,2.95,132.0,6,false,,,activities/13198520645.fit.gz,,,3083.0,2311.0,2954.4,4.306,1.278,124.8,23.0,-5.0,102.6,49.1,3.6,,,,,132.0,104.0,,,176.0,,,6.0,,,,,,,,,,,0.0,,0.0,,1.0,,,,,,,,,,,,,,,,,,,,,,,,,,,0.0,0.958,0.0,,,,3254.0,,,,,,,,,,,,,""
12388787643,"Sep 12, 2024, 3:32:00 AM",Post-Pranav meetup,E-Bike Ride,"",1072,4.95,111.0,2,false,,1996 Cannondale M200 SE,activities/13208347198.fit.gz,,11.793,1072.0,1072.0,4955.0,14.84,4.622,72.0,22.2,7.2,59.2,23.7,1.0,,,,,111.0,95.0,,,91.0,,,2.0,,,,,,,,,,,0.0,,0.0,,1.0,,,,,,,,,,,,,,,,11490857.0,,,,,,,,,,,0.0,4.622,263.7,,,,,,,,,,,,,,,,,""
12395921533,"Sep 12, 2024, 5:05:32 PM",Morning Walk,Walk,,2470,2.86,125.0,5,false,,,activities/13216005085.fit.gz,,,2470.0,2272.0,2868.2,2.898,1.262,19.4,108.0,5.6,94.2,31.3,-3.1,,,,,125.0,102.0,,,136.0,,,5.0,,,,,,,,,,,,,0.0,,1.0,,,,,,,,,,,,,,,,,,,,,,,,,,,0.0,1.161,0.0,,,,3320.0,,,,,,,,,,,,,""
12402374338,"Sep 13, 2024, 8:23:42 PM",Afternoon Run,Run,,382,0.97,161.0,3,false,,HOKA Clifton 8,activities/13222976212.fit.gz,,,382.0,345.0,969.8,6.102,2.811,4.6,4.6,54.6,107.0,5.3,-4.9,,,,,161.0,139.0,,,57.0,,,3.0,,,,,,,,,,,,,0.0,,1.0,928.5,,,,,,,,,,,,,,,,14035992.0,,,,,,,,,,0.0,2.539,0.0,,,,918.0,,,,,2.691,,,,,,,,""
12403135309,"Sep 13, 2024, 10:58:59 PM","Swim Patrick has meetings, contemplate hack night",Swim,"",1814,956,148.0,25,false,"",,activities/13223787849.fit.gz,,,1814.0,1814.0,955.5,2.012,0.527,0.0,0.0,0.0,0.0,0.0,0.0,,,,,148.0,123.0,,,247.0,,,25.0,,,,,,,,,,,,,0.0,,1.0,,,,,,,,,,,,,,,,,,,,,,,,,,,0.0,0.527,0.0,,,,,,,,,,,,,,,,,""
12403862670,"Sep 14, 2024, 1:32:48 AM",Chinatown night market,Walk,"",3087,1.69,101.0,2,false,,,activities/13224563786.fit.gz,,,3087.0,1638.0,1698.5,6.322,1.037,8.0,10.6,24.0,36.0,42.1,-0.2,,,,,101.0,83.0,,,97.0,,,2.0,,,,,,,,,,,0.0,,0.0,,1.0,,,,,,,,,,,,,,,,,,,,,,,,,,,0.0,0.55,0.0,,,,2372.0,,,,,,,,,,,,,""
12421049565,"Sep 16, 2024, 12:52:52 AM",Walk and talk kat Rachel,Walk,"",2009,2.20,150.0,8,false,,,activities/13243003504.fit.gz,,,2009.0,1904.0,2208.5,2.341,1.16,90.4,90.4,53.6,111.6,24.3,1.4,,,,,150.0,119.0,,,143.0,,,8.0,,,,,,,,,,,0.0,,0.0,,1.0,,,,,,,,,,,,,,,,,,,,,,,,,,,0.0,1.099,0.0,,,,2170.0,,,,,,,,,,,,,""
12421060554,"Sep 15, 2024, 11:04:39 PM",Sunyay runyay post-Pat fam feat some run and talk with kat and Rachel,Run,"",6448,14.53,183.0,218,false,,HOKA Clifton 8,activities/13243015179.fit.gz,,,6448.0,6281.0,14532.3,7.476,2.314,239.6,239.6,39.6,96.2,47.9,-0.2,,,,,183.0,161.0,,,875.0,,,218.0,,,,,,,,,,,0.0,,0.0,,1.0,15211.3,,,,,,,,,,,,,,,,14035992.0,,,,,,,,,,0.0,2.254,1544.4,,,,16822.0,,,,,2.422,,,,,,,,media/C7B641FC-A87A-43EF-9515-EEFB885A3C70.jpg|media/028E3A5B-30BA-4054-B051-0FCAC946FE34.jpg
12427772810,"Sep 16, 2024, 9:17:32 PM",Afternoon Walk,Walk,,958,1.43,122.0,2,false,,,activities/13250220433.fit.gz,,,958.0,925.0,1435.8,3.614,1.552,2.8,91.2,7.0,95.4,9.1,-6.2,,,,,122.0,102.0,,,70.0,,,2.0,,,,,,,,,,,,,0.0,,1.0,,,,,,,,,,,,,,,,,,,,,,,,,,,0.0,1.499,0.0,,,,712.0,,,,,,,,,,,,,""
12428600570,"Sep 16, 2024, 11:27:32 PM",Afternoon Walk,Walk,,1205,1.37,134.0,3,false,,,activities/13251088038.fit.gz,,,1205.0,939.0,1372.1,7.228,1.461,13.4,0.0,79.2,92.6,16.6,1.0,,,,,134.0,113.0,,,105.0,,,3.0,,,,,,,,,,,,,0.0,,1.0,,,,,,,,,,,,,,,,,,,,,,,,,,,0.0,1.139,0.0,,,,1476.0,,,,,,,,,,,,,""
12428930217,"Sep 17, 2024, 12:26:09 AM",Run loop to new bi-rite,Run,"Popping, it’s like mollie stones",1343,3.22,176.0,30,false,,HOKA Clifton 8,activities/13251433215.fit.gz,,,1343.0,1262.0,3223.0,4.862,2.554,33.8,33.8,27.4,94.0,21.9,-1.5,,,,,176.0,154.0,,,193.0,,,30.0,,,,,,,,,,,0.0,,0.0,,1.0,3202.8,,,,,,,,,,,,,,,,14035992.0,,,,,,,,,,0.0,2.4,0.0,,,,3494.0,,,,,2.538,,,,,,,,""
12429045835,"Sep 17, 2024, 1:03:12 AM",Evening Run,Run,,135,0.25,155.0,1,false,,HOKA Clifton 8,activities/13251554908.fit.gz,,,135.0,127.0,255.3,3.043,2.01,7.4,4.2,62.2,69.8,9.8,1.3,,,,,155.0,140.0,,,18.0,,,1.0,,,,,,,,,,,,,0.0,,1.0,275.2,,,,,,,,,,,,,,,,14035992.0,,,,,,,,,,0.0,1.891,0.0,,,,348.0,,,,,2.167,,,,,,,,""
12434004319,"Sep 17, 2024, 4:10:17 PM",Morning Ride,Ride,"Pat walked down so took non-Polk route, more hills",746,2.86,132.0,2,false,"",1996 Cannondale M200 SE,activities/13256880239.fit.gz,,11.793,746.0,707.0,2867.6,9.684,4.056,12.8,51.6,7.0,46.0,7.1,-1.4,,,,,132.0,107.0,,,53.0,,,2.0,,,,,,,,,,,,,0.0,,1.0,,,,,,,,,,,,,,,,11490857.0,,,,,,,,,,,0.0,3.844,12.1,,,,,,,,,,,,,,,,,""
12437810793,"Sep 18, 2024, 12:09:37 AM",Afternoon Ride,Ride,,1975,5.33,159.0,13,false,,1996 Cannondale M200 SE,activities/13260881754.fit.gz,,11.793,1975.0,1880.0,5333.0,10.298,2.837,107.4,107.4,6.4,94.8,40.0,1.7,,,,,159.0,121.0,,,113.0,,,13.0,,,,,,,,,,,,,0.0,,1.0,,,,,,,,,,,,,,,,11490857.0,,,,,,,,,,,0.0,2.7,248.8,,,,,,,,,,,,,,,,,""
12438614525,"Sep 18, 2024, 4:20:46 AM","Post-match tennis, watch didn’t record 6-3 6-1",Workout,"",1419,0,171.0,10,false,,,activities/13261740257.fit.gz,,,1419.0,1419.0,0.0,0.0,0.0,0.0,0.0,0.0,0.0,0.0,0.0,,,,,171.0,133.0,,,152.0,,,10.0,,,,,,,,,,,0.0,,0.0,,1.0,,,,,,,,,,,,,,,,,,,,,,,,,,,0.0,0.0,0.0,,,,,,,,,,,,,,,,,""
12438614548,"Sep 18, 2024, 2:31:38 AM",Evening Ride,Ride,,1493,5.88,175.0,19,false,,1996 Cannondale M200 SE,activities/13261740258.fit.gz,,11.793,1493.0,1435.0,5879.9,9.108,4.097,67.0,63.4,21.6,79.0,15.5,0.1,,,,,175.0,136.0,,,127.0,,,19.0,,,,,,,,,,,,,0.0,,1.0,,,,,,,,,,,,,,,,11490857.0,,,,,,,,,,,0.0,3.938,0.0,,,,,,,,,,,,,,,,,""
12438727027,"Sep 18, 2024, 4:49:53 AM",Night Ride,Ride,,1792,6.45,167.0,18,false,,1996 Cannondale M200 SE,activities/13261861437.fit.gz,,11.793,1792.0,1725.0,6458.0,14.256,3.744,85.8,85.8,19.6,94.8,14.8,0.3,,,,,167.0,134.0,,,137.0,,,18.0,,,,,,,,,,,,,0.0,,1.0,,,,,,,,,,,,,,,,11490857.0,,,,,,,,,,,0.0,3.604,0.0,,,,,,,,,,,,,,,,,""
12445301268,"Sep 18, 2024, 8:32:41 PM",Ride from Daniel cowork,Ride,"",910,3.16,154.0,4,false,"",1996 Cannondale M200 SE,activities/13268881057.fit.gz,,11.793,910.0,894.0,3161.0,11.11,3.536,46.2,40.8,19.4,65.6,9.7,0.2,,,,,154.0,115.0,,,49.0,,,4.0,,,,,,,,,,,,,0.0,,1.0,,,,,,,,,,,,,,,,11490857.0,,,,,,,,,,,0.0,3.474,0.0,,,,,,,,,,,,,,,,,""
12445301420,"Sep 18, 2024, 5:24:47 PM",Ride to Daniel cowork,Ride,"",982,3.50,160.0,7,false,"",1996 Cannondale M200 SE,activities/13268881281.fit.gz,,11.793,982.0,982.0,3506.9,10.404,3.571,38.6,62.6,20.8,72.8,15.6,-0.7,,,,,160.0,122.0,,,75.0,,,7.0,,,,,,,,,,,,,0.0,,1.0,,,,,,,,,,,,,,,,11490857.0,,,,,,,,,,,0.0,3.571,0.0,,,,,,,,,,,,,,,,,""
12446351122,"Sep 18, 2024, 11:25:23 PM",Afternoon Swim,Swim,,1522,795,147.0,16,false,,,activities/13269988574.fit.gz,,,1522.0,1522.0,794.6,2.012,0.522,0.0,0.0,0.0,0.0,0.0,0.0,,,,,147.0,122.0,,,216.0,,,16.0,,,,,,,,,,,,,0.0,,1.0,,,,,,,,,,,,,,,,,,,,,,,,,,,0.0,0.522,0.0,,,,,,,,,,,,,,,,,""
12452062929,"Sep 19, 2024, 4:49:49 PM",Morning Ride,Ride,,774,2.93,120.0,1,false,,1996 Cannondale M200 SE,activities/13276119094.fit.gz,,11.793,774.0,723.0,2934.9,10.914,4.059,16.6,47.2,6.0,36.6,9.9,-1.0,,,,,120.0,98.0,,,45.0,,,1.0,,,,,,,,,,,,,0.0,,1.0,,,,,,,,,,,,,,,,11490857.0,,,,,,,,,,,0.0,3.792,86.5,,,,,,,,,,,,,,,,,""
12455538548,"Sep 20, 2024, 12:45:21 AM",8.5 bay club match,Workout,1 and 2 🧹 🧹,6226,0,175.0,60,false,,,activities/13279792683.fit.gz,,,6226.0,6226.0,0.0,0.0,0.0,0.0,0.0,0.0,0.0,0.0,0.0,,,,,175.0,137.0,,,672.0,,,60.0,,,,,,,,,,,0.0,,0.0,,1.0,,,,,,,,,,,,,,,,,,,,,,,,,,,0.0,0.0,0.0,,,,,,,,,,,,,,,,,""
12455538751,"Sep 20, 2024, 12:00:55 AM",office to tennis match,Ride,laptop heavy,2171,8.03,164.0,26,false,"",1996 Cannondale M200 SE,activities/13279792848.fit.gz,,11.793,2171.0,2025.0,8037.8,11.982,3.969,95.8,27.2,7.4,78.8,33.0,0.9,,,,,164.0,140.0,,,164.0,,,26.0,,,,,,,,,,,,,0.0,,1.0,,,,,,,,,,,,,,,,11490857.0,,,,,,,,,,,0.0,3.702,0.0,,,,,,,,,,,,,,,,,""
12455769323,"Sep 20, 2024, 2:59:39 AM",Evening Ride,Ride,,1866,6.57,170.0,24,false,,1996 Cannondale M200 SE,activities/13280041954.fit.gz,,11.793,1866.0,1849.0,6575.3,11.678,3.556,89.4,89.4,19.2,95.8,17.3,0.3,,,,,170.0,138.0,,,135.0,,,24.0,,,,,,,,,,,,,0.0,,1.0,,,,,,,,,,,,,,,,11490857.0,,,,,,,,,,,0.0,3.524,0.0,,,,,,,,,,,,,,,,,""
12470778856,"Sep 21, 2024, 10:28:59 PM",Afternoon Walk,Walk,,927,0.78,155.0,1,false,,,activities/13296150478.fit.gz,,,927.0,588.0,784.0,6.226,1.333,34.6,2.4,91.6,123.8,48.6,4.2,,,,,155.0,101.0,,,55.0,,,1.0,,,,,,,,,,,,,0.0,,1.0,,,,,,,,,,,,,,,,,,,,,,,,,,,0.0,0.846,594.6,,,,472.0,,,,,,,,,,,,,""
12471203234,"Sep 21, 2024, 10:51:59 PM",Afternoon Walk,Walk,,4571,3.18,115.0,5,false,,,activities/13296599575.fit.gz,,,4571.0,3055.0,3180.2,2.41,1.041,33.8,110.2,41.8,126.8,46.6,-2.4,,,,,115.0,85.0,,,140.0,,,5.0,,,,,,,,,,,,,0.0,,1.0,,,,,,,,,,,,,,,,,,,,,,,,,,,0.0,0.696,130.8,,,,4036.0,,,,,,,,,,,,,""
12471557570,"Sep 22, 2024, 12:53:43 AM",Afternoon Walk,Walk,,2908,3.14,103.0,4,false,,,activities/13296977931.fit.gz,,,2908.0,2136.0,3144.6,5.231,1.472,27.8,3.0,48.8,73.6,15.7,0.9,,,,,103.0,88.0,,,134.0,,,4.0,,,,,,,,,,,,,0.0,,1.0,,,,,,,,,,,,,,,,,,,,,,,,,,,0.0,1.081,0.0,,,,3902.0,,,,,,,,,,,,,""
12479283224,"Sep 22, 2024, 7:33:40 PM",Pickleball with #2 Philly pickler,Workout,"",3261,0,162.0,18,false,,,activities/13305226190.fit.gz,,,3261.0,3261.0,0.0,0.0,0.0,0.0,0.0,0.0,0.0,0.0,0.0,,,,,162.0,119.0,,,257.0,,,18.0,,,,,,,,,,,0.0,,0.0,,1.0,,,,,,,,,,,,,,,,,,,,,,,,,,,0.0,0.0,0.0,,,,,,,,,,,,,,,,,""
12488518431,"Sep 24, 2024, 1:53:01 AM",Evening Walk,Walk,,1476,1.81,173.0,11,false,,,activities/13315082030.fit.gz,,,1476.0,1130.0,1810.4,8.975,1.602,26.4,26.4,85.6,107.6,28.4,0.2,,,,,173.0,133.0,,,128.0,,,11.0,,,,,,,,,,,,,0.0,,1.0,,,,,,,,,,,,,,,,,,,,,,,,,,,0.0,1.227,0.0,,,,1414.0,,,,,,,,,,,,,""
12493549797,"Sep 24, 2024, 4:44:47 PM",Morning Ride,Ride,,577,2.67,152.0,2,false,,1996 Cannondale M200 SE,activities/13320473459.fit.gz,,11.793,577.0,556.0,2677.2,9.014,4.815,15.2,65.2,7.0,57.0,4.9,-1.9,,,,,152.0,114.0,,,47.0,,,2.0,,,,,,,,,,,,,0.0,,1.0,,,,,,,,,,,,,,,,11490857.0,,,,,,,,,,,0.0,4.64,14.7,,,,,,,,,,,,,,,,,""
12497855968,"Sep 25, 2024, 3:09:52 AM",Evening Tennis,Workout,,6619,0,159.0,53,false,,,activities/13325014905.fit.gz,,,6619.0,6619.0,0.0,0.0,0.0,0.0,0.0,0.0,0.0,0.0,0.0,,,,,159.0,132.0,,,702.0,,,53.0,,,,,,,,,,,,,0.0,,1.0,,,,,,,,,,,,,,,,,,,,,,,,,,,0.0,0.0,0.0,,,,,,,,,,,,,,,,,""
12497856021,"Sep 25, 2024, 1:43:07 AM",Office to tennis wiggle,Ride,"",2016,8.13,169.0,34,false,,1996 Cannondale M200 SE,activities/13325014907.fit.gz,,11.793,2016.0,1929.0,8131.9,7.834,4.216,92.8,25.6,7.0,79.0,19.8,0.8,,,,,169.0,145.0,,,174.0,,,34.0,,,,,,,,,,,0.0,,0.0,,1.0,,,,,,,,,,,,,,,,11490857.0,,,,,,,,,,,0.0,4.034,383.7,,,,,,,,,,,,,,,,,""
12497856046,"Sep 25, 2024, 5:07:34 AM",Night Ride,Ride,,1627,6.28,164.0,13,false,,1996 Cannondale M200 SE,activities/13325015013.fit.gz,,11.793,1627.0,1607.0,6282.4,12.282,3.909,86.2,86.2,19.4,94.4,15.3,0.3,,,,,164.0,126.0,,,126.0,,,13.0,,,,,,,,,,,,,0.0,,1.0,,,,,,,,,,,,,,,,11490857.0,,,,,,,,,,,0.0,3.861,0.0,,,,,,,,,,,,,,,,,""
12502963940,"Sep 25, 2024, 5:43:43 PM",Walk to office birthday week,Walk,"",2565,3.11,117.0,6,false,,,activities/13330479398.fit.gz,,,2565.0,2498.0,3116.6,3.848,1.248,20.6,111.6,7.0,98.0,35.2,-2.9,,,,,117.0,98.0,,,134.0,,,6.0,,,,,,,,,,,0.0,,0.0,,1.0,,,,,,,,,,,,,,,,,,,,,,,,,,,0.0,1.215,0.0,,,,4130.0,,,,,,,,,,,,,""
12510345748,"Sep 26, 2024, 4:15:43 PM",Patrick walk to Instagram office halfway ish,Walk,"",2220,2.66,114.0,5,false,"",,activities/13338345073.fit.gz,,,2220.0,2167.0,2661.4,2.32,1.228,20.4,105.2,7.4,92.2,25.9,-3.2,,,,,114.0,101.0,,,114.0,,,5.0,,,,,,,,,,,,,0.0,,1.0,,,,,,,,,,,,,,,,,,,,,,,,,,,0.0,1.199,0.0,,,,2918.0,,,,,,,,,,,,,""
12520145835,"Sep 28, 2024, 2:46:06 AM",Walk to Chad and Sandy welcome dinner,Walk,"",936,1.19,120.0,2,false,,,activities/13348798687.fit.gz,,,936.0,885.0,1191.8,2.148,1.347,15.8,5.4,282.4,296.2,19.6,0.8,,,,,120.0,107.0,,,61.0,,,2.0,,,,,,,,,,,0.0,,0.0,,1.0,,,,,,,,,,,,,,,,,,,,,,,,,,,0.0,1.273,0.0,,,,738.0,,,,,,,,,,,,,""
12520325969,"Sep 28, 2024, 4:41:51 AM",Walk from Chad and Sandy welcome dinner,Walk,Ty Devin,1680,1.93,118.0,4,false,,,activities/13348994871.fit.gz,,,1680.0,1572.0,1935.4,2.634,1.231,5.8,15.0,284.2,295.4,21.1,-0.5,,,,,118.0,109.0,,,104.0,,,4.0,,,,,,,,,,,0.0,,0.0,,1.0,,,,,,,,,,,,,,,,,,,,,,,,,,,0.0,1.152,0.0,,,,2504.0,,,,,,,,,,,,,media/5D6D86AD-487B-4D3C-95EB-43020791AD43.jpg
12526734281,"Sep 28, 2024, 7:50:39 PM",Run to find wedding card,Run,"",352,0.80,162.0,6,false,,HOKA Clifton 8,activities/13355838808.fit.gz,,,352.0,321.0,802.7,3.596,2.501,9.6,9.6,283.6,293.4,9.8,0.4,,,,,162.0,150.0,,,47.0,,,6.0,,,,,,,,,,,0.0,,0.0,,1.0,827.9,,,,,,,,,,,,,,,,14035992.0,,,,,,,,,,0.0,2.281,0.0,,,,926.0,,,,,2.579,,,,,,,,""
12526903598,"Sep 28, 2024, 8:39:02 PM",Run back,Run,"",205,0.56,101.0,0,false,,HOKA Clifton 8,activities/13356022082.fit.gz,,,205.0,201.0,566.7,3.976,2.819,2.2,22.6,284.8,305.2,4.3,-3.3,,,,,101.0,101.0,,,30.0,,,0.0,,,,,,,,,,,0.0,,0.0,,1.0,578.0,,,,,,,,,,,,,,,,14035992.0,,,,,,,,,,0.0,2.764,0.0,,,,562.0,,,,,2.876,,,,,,,,""
12536875398,"Sep 30, 2024, 12:57:35 AM",Treadmill post-flight run,Run,I swear I ran 2.5 mi on treadmill idk why watch doesn’t agree,1253,3.20,170.0,38,false,,HOKA Clifton 8,activities/13366660529.fit.gz,,,1253.0,1253.0,3207.6,3.01,2.56,0.0,0.0,0.0,0.0,0.0,0.0,,,,,170.0,157.0,,,183.0,,,38.0,,,,,,,,,,,0.0,,0.0,,1.0,3207.6,,,,,,,,,,,,,,,,14035992.0,,,,,,,,,,0.0,2.56,0.0,,,,3530.0,,,,,,,,,,,,,""
12536924157,"Sep 30, 2024, 1:21:45 AM",Evening Weight Training,Weight Training,,882,0,168.0,9,false,,,activities/13366712730.fit.gz,,,882.0,882.0,0.0,0.0,0.0,0.0,0.0,0.0,0.0,0.0,0.0,,,,,168.0,136.0,,,96.0,,,9.0,,,,,,,,,,,,,0.0,,1.0,,,,,,,,,,,,,,,,,,,,,,,,,,,0.0,0.0,0.0,,,,,,,,,,,,,,,,,""
12543621347,"Sep 30, 2024, 10:09:48 PM",Walk to Rhiannon coffee,Walk,"",1932,1.99,128.0,4,false,,,activities/13373909606.fit.gz,,,1932.0,1628.0,1997.6,2.928,1.227,12.8,12.8,30.6,97.6,10.8,-3.4,,,,,128.0,102.0,,,100.0,,,4.0,,,,,,,,,,,0.0,,0.0,,1.0,,,,,,,,,,,,,,,,,,,,,,,,,,,0.0,1.034,0.0,,,,2568.0,,,,,,,,,,,,,""
12544447713,"Oct 1, 2024, 12:58:15 AM",Rhiannon coffee to Langchain/Replit meetup pre-jeffiel new hacker space happy hour,Ride,"",911,3.99,133.0,2,false,,1996 Cannondale M200 SE,activities/13374778701.fit.gz,,11.793,911.0,893.0,3990.4,13.48,4.469,40.4,55.2,7.6,59.2,44.9,-0.4,,,,,133.0,108.0,,,77.0,,,2.0,,,,,,,,,,,0.0,,0.0,,1.0,,,,,,,,,,,,,,,,11490857.0,,,,,,,,,,,0.0,4.38,0.0,,,,,,,,,,,,,,,,,""
12549611272,"Oct 1, 2024, 3:41:49 PM",Walk to dev day,Walk,"",2688,3.40,128.0,6,false,,,activities/13380330657.fit.gz,,,2688.0,2558.0,3401.2,2.61,1.33,9.2,9.2,3.2,95.8,10.3,-2.7,,,,,128.0,104.0,,,153.0,,,6.0,,,,,,,,,,,0.0,,0.0,,1.0,,,,,,,,,,,,,,,,,,,,,,,,,,,0.0,1.265,0.0,,,,4084.0,,,,,,,,,,,,,""
12553234598,"Oct 2, 2024, 1:07:54 AM",Walk from dev day,Walk,"",2479,3.32,147.0,9,false,,,activities/13384142103.fit.gz,,,2479.0,2449.0,3321.9,2.87,1.356,113.2,24.4,5.0,107.2,25.5,2.6,,,,,147.0,122.0,,,195.0,,,9.0,,,,,,,,,,,0.0,,0.0,,1.0,,,,,,,,,,,,,,,,,,,,,,,,,,,0.0,1.34,0.0,,,,3424.0,,,,,,,,,,,,,media/606EC50E-3CBB-4CDF-B029-7C911DB70BA7.jpg
12553669833,"Oct 2, 2024, 3:09:24 AM",8.5 dubs,Workout,"",5592,0,169.0,44,false,,,activities/13384613083.fit.gz,,,5592.0,5592.0,0.0,0.0,0.0,0.0,0.0,0.0,0.0,0.0,0.0,,,,,169.0,132.0,,,595.0,,,44.0,,,,,,,,,,,0.0,,0.0,,1.0,,,,,,,,,,,,,,,,,,,,,,,,,,,0.0,0.0,0.0,,,,,,,,,,,,,,,,,""
12553669928,"Oct 2, 2024, 2:39:32 AM",Ride I’m late to tennis,Ride,"",1559,5.86,177.0,27,false,,1996 Cannondale M200 SE,activities/13384613180.fit.gz,,11.793,1559.0,1532.0,5863.3,9.704,3.827,65.6,62.0,21.8,78.6,22.9,0.1,,,,,177.0,144.0,,,134.0,,,27.0,,,,,,,,,,,0.0,,0.0,,1.0,,,,,,,,,,,,,,,,11490857.0,,,,,,,,,,,0.0,3.761,0.0,,,,,,,,,,,,,,,,,""
12558756943,"Oct 2, 2024, 4:49:32 AM",Night Ride,Ride,,1575,6.29,173.0,17,false,,1996 Cannondale M200 SE,activities/13390069757.fit.gz,,11.793,1575.0,1538.0,6293.3,12.534,4.092,88.2,88.2,19.6,96.0,16.0,0.3,,,,,173.0,132.0,,,124.0,,,17.0,,,,,,,,,,,,,0.0,,1.0,,,,,,,,,,,,,,,,11490857.0,,,,,,,,,,,0.0,3.996,0.0,,,,,,,,,,,,,,,,,""
12558757663,"Oct 2, 2024, 5:32:01 PM",Morning Walk,Walk,,2682,3.33,125.0,5,false,,,activities/13390070525.fit.gz,,,2682.0,2526.0,3337.1,2.819,1.321,25.2,85.6,7.2,67.6,25.1,-1.8,,,,,125.0,95.0,,,140.0,,,5.0,,,,,,,,,,,,,0.0,,1.0,,,,,,,,,,,,,,,,,,,,,,,,,,,0.0,1.244,0.0,,,,3940.0,,,,,,,,,,,,,""
12566153145,"Oct 3, 2024, 3:30:12 PM",Morning Walk,Walk,,2156,2.54,120.0,5,false,,,activities/13397985142.fit.gz,,,2156.0,2014.0,2541.8,3.276,1.262,23.6,118.2,7.6,107.0,48.7,-3.7,,,,,120.0,102.0,,,124.0,,,5.0,,,,,,,,,,,,,0.0,,1.0,,,,,,,,,,,,,,,,,,,,,,,,,,,0.0,1.179,0.0,,,,3372.0,,,,,,,,,,,,,""
12569477361,"Oct 4, 2024, 1:00:19 AM",Evening Walk,Walk,,1348,1.52,120.0,2,false,,,activities/13401506864.fit.gz,,,1348.0,1107.0,1525.6,7.327,1.378,0.0,0.0,8.0,9.6,13.0,0.0,,,,,120.0,102.0,,,66.0,,,2.0,,,,,,,,,,,,,0.0,,1.0,,,,,,,,,,,,,,,,,,,,,,,,,,,0.0,1.132,0.0,,,,1380.0,,,,,,,,,,,,,""
12593921075,"Oct 6, 2024, 8:15:56 PM",Christina x Devin tennisss,Workout,"",6196,0,182.0,92,false,,,activities/13426907391.fit.gz,,,6196.0,6196.0,0.0,0.0,0.0,0.0,0.0,0.0,0.0,0.0,0.0,,,,,182.0,137.0,,,589.0,,,92.0,,,,,,,,,,,0.0,,0.0,,1.0,,,,,,,,,,,,,,,,,,,,,,,,,,,0.0,0.0,0.0,,,,,,,,,,,,,,,,,""
12593921157,"Oct 6, 2024, 7:42:17 PM",Lunch Walk,Walk,,1312,1.86,161.0,4,false,,,activities/13426907409.fit.gz,,,1312.0,1113.0,1861.0,8.977,1.672,2.2,3.2,4.0,7.2,7.6,-0.1,,,,,161.0,98.0,,,84.0,,,4.0,,,,,,,,,,,,,0.0,,1.0,,,,,,,,,,,,,,,,,,,,,,,,,,,0.0,1.418,0.0,,,,2332.0,,,,,,,,,,,,,""
12593921317,"Oct 6, 2024, 10:16:44 PM",Afternoon Walk,Walk,,1676,1.90,169.0,14,false,,,activities/13426907537.fit.gz,,,1676.0,1613.0,1907.2,2.519,1.182,94.0,2.4,2.4,94.0,46.0,4.8,,,,,169.0,127.0,,,130.0,,,14.0,,,,,,,,,,,,,0.0,,1.0,,,,,,,,,,,,,,,,,,,,,,,,,,,0.0,1.138,0.0,,,,1984.0,,,,,,,,,,,,,""
12594240389,"Oct 6, 2024, 11:34:33 PM",Quick swim pre-Griff,Swim,"",804,382,161.0,10,false,,,activities/13427250031.fit.gz,,,804.0,804.0,382.2,2.012,0.475,0.0,0.0,0.0,0.0,0.0,0.0,,,,,161.0,121.0,,,106.0,,,10.0,,,,,,,,,,,0.0,,0.0,,1.0,,,,,,,,,,,,,,,,,,,,,,,,,,,0.0,0.475,0.0,,,,,,,,,,,,,,,,,media/87B2950E-5274-4524-9DBF-2BE12A7E938A.jpg
12601340737,"Oct 7, 2024, 8:10:17 PM","Elaine, Caroline, Yuki sauna tennis dubs",Workout,"",7515,0,179.0,87,false,,,activities/13434847222.fit.gz,,,7515.0,7515.0,0.0,0.0,0.0,0.0,0.0,0.0,0.0,0.0,0.0,,,,,179.0,136.0,,,823.0,,,87.0,,,,,,,,,,,0.0,,0.0,,1.0,,,,,,,,,,,,,,,,,,,,,,,,,,,0.0,0.0,0.0,,,,,,,,,,,,,,,,,""
12617469728,"Oct 9, 2024, 9:51:41 PM",Bmc walk,Walk,"",1415,1.43,124.0,3,false,,,activities/13452002526.fit.gz,,,1415.0,1153.0,1437.2,7.448,1.247,5.2,5.2,126.2,131.2,7.8,-0.2,,,,,124.0,110.0,,,71.0,,,3.0,,,,,,,,,,,0.0,,0.0,,1.0,,,,,,,,,,,,,,,,,,,,,,,,,,,0.0,1.016,0.0,,,,1942.0,,,,,,,,,,,,,""
12618690735,"Oct 10, 2024, 1:25:39 AM",Matcha to the W night walk post-bryn mawr,Walk,Biden still in town bc traffic?,1052,1.38,113.0,2,false,,,activities/13453295904.fit.gz,,,1052.0,1027.0,1384.2,3.462,1.348,6.8,3.4,12.8,16.6,7.9,0.2,,,,,113.0,101.0,,,66.0,,,2.0,,,,,,,,,,,0.0,,0.0,,1.0,,,,,,,,,,,,,,,,,,,,,,,,,,,0.0,1.316,0.0,,,,1110.0,,,,,,,,,,,,,""
12632152406,"Oct 11, 2024, 9:18:33 PM",30 min 2000s Ride with Cody Rigsby,Ride,"Total Output: 217.8 kJ
Leaderboard Rank: 2,989 / 8,319",1800,13.49,,,false,,1996 Cannondale M200 SE,activities/13467790309.tcx.gz,,11.793,1800.0,1800.0,13493.7,11.032,7.497,0.0,0.0,0.0,0.0,0.0,0.0,,,129.0,74.0,,,,121.0,307.0,,,,,,,,,,,,133.0,1800.0,,,0.0,,1.0,,,,,,,,,,,,,,,,11490857.0,,,,,,,,,,,0.0,7.497,0.0,,,,,,,73.0,121.0,,,,,,,,,media/23c6f7d8-8177-4ad1-8590-5cf9af4871e6.jpg
12632179872,"Oct 11, 2024, 9:19:49 PM",Afternoon Ride,Ride,,1742,0,181.0,50,false,,1996 Cannondale M200 SE,activities/13467819913.fit.gz,,11.793,1742.0,1742.0,0.0,0.0,0.0,0.0,0.0,0.0,0.0,0.0,0.0,,,,,181.0,154.0,,,224.0,,,50.0,,,,,,,,,,,,,0.0,,1.0,,,,,,,,,,,,,,,,11490857.0,,,,,,,,,,,0.0,0.0,0.0,,,,,,,,,,,,,,,,,""
12633256610,"Oct 12, 2024, 1:21:47 AM",Night Walk,Walk,,1595,1.88,121.0,4,false,,,activities/13468967480.fit.gz,,,1595.0,1525.0,1881.0,2.48,1.233,7.4,4.0,8.6,16.0,12.0,0.1,,,,,121.0,108.0,,,80.0,,,4.0,,,,,,,,,,,,,0.0,,1.0,,,,,,,,,,,,,,,,,,,,,,,,,,,0.0,1.179,0.0,,,,1524.0,,,,,,,,,,,,,""
12637087083,"Oct 12, 2024, 1:06:06 PM",30 min 2010s Ride with Bradley Rose,Ride,"Total Output: 188.7 kJ
Leaderboard Rank: 10,210 / 17,977",1800,13.06,,,false,,1996 Cannondale M200 SE,activities/13473125747.tcx.gz,,11.793,1800.0,1800.0,13068.5,9.314,7.26,0.0,0.0,0.0,0.0,0.0,0.0,,,113.0,72.0,,,,105.0,266.0,,,,,,,,,,,,112.0,1801.0,,,0.0,,1.0,,,,,,,,,,,,,,,,11490857.0,,,,,,,,,,,0.0,7.26,0.0,,,,,,,51.0,102.0,,,,,,,,,media/2ac07915-3034-41e2-863f-a5dae3b8c8fc.jpg
12637106085,"Oct 12, 2024, 1:05:46 PM",Morning Ride,Ride,,1825,0,178.0,29,false,,1996 Cannondale M200 SE,activities/13473146322.fit.gz,,11.793,1825.0,1825.0,0.0,0.0,0.0,0.0,0.0,0.0,0.0,0.0,0.0,,,,,178.0,143.0,,,214.0,,,29.0,,,,,,,,,,,,,0.0,,1.0,,,,,,,,,,,,,,,,11490857.0,,,,,,,,,,,0.0,0.0,0.0,,,,,,,,,,,,,,,,,""
12640778233,"Oct 12, 2024, 10:56:52 PM",Evening Walk,Walk,,779,0.85,122.0,1,false,,,activities/13477135212.fit.gz,,,779.0,742.0,857.9,2.823,1.156,12.0,12.8,4.6,14.2,17.2,-0.1,,,,,122.0,97.0,,,36.0,,,1.0,,,,,,,,,,,,,0.0,,1.0,,,,,,,,,,,,,,,,,,,,,,,,,,,0.0,1.101,0.0,,,,1048.0,,,,,,,,,,,,,""
12650011921,"Oct 13, 2024, 11:07:37 PM",Evening Walk,Walk,,1631,1.43,109.0,1,false,,,activities/13487072544.fit.gz,,,1631.0,759.0,1435.8,4.788,1.892,0.0,0.0,12.2,13.2,5.3,-0.1,,,,,109.0,77.0,,,59.0,,,1.0,,,,,,,,,,,,,0.0,,1.0,,,,,,,,,,,,,,,,,,,,,,,,,,,0.0,0.88,0.0,,,,1842.0,,,,,,,,,,,,,""
12654678489,"Oct 14, 2024, 4:26:41 PM",45 min Pop Ride with Olivia Amato,Ride,"Total Output: 297.5 kJ
Leaderboard Rank: 2,927 / 5,245",2700,19.98,,,false,,1996 Cannondale M200 SE,activities/13492139153.tcx.gz,,11.793,2700.0,2700.0,19985.9,10.246,7.402,0.0,0.0,0.0,0.0,0.0,0.0,,,125.0,72.0,,,,110.0,419.0,,,,,,,,,,,,119.0,2701.0,,,0.0,,1.0,,,,,,,,,,,,,,,,11490857.0,,,,,,,,,,,0.0,7.402,0.0,,,,,,,87.0,108.0,,,,,,,,,media/363c3245-7ab7-46dd-b245-65e798cb0552.jpg
12654715715,"Oct 14, 2024, 4:26:42 PM",Lunch Ride,Ride,,2702,0,179.0,59,false,,1996 Cannondale M200 SE,activities/13492178892.fit.gz,,11.793,2702.0,2702.0,0.0,0.0,0.0,0.0,0.0,0.0,0.0,0.0,0.0,,,,,179.0,148.0,,,384.0,,,59.0,,,,,,,,,,,,,0.0,,1.0,,,,,,,,,,,,,,,,11490857.0,,,,,,,,,,,0.0,0.0,0.0,,,,,,,,,,,,,,,,,""
12663698521,"Oct 15, 2024, 6:20:20 PM",Afternoon Walk,Walk,,1346,1.37,107.0,1,false,,,activities/13501789863.fit.gz,,,1346.0,557.0,1371.1,1.974,2.461,7.6,0.0,23.2,30.8,8.2,1.2,,,,,107.0,105.0,,,63.0,,,1.0,,,,,,,,,,,,,0.0,,1.0,,,,,,,,,,,,,,,,,,,,,,,,,,,0.0,1.019,0.0,,,,986.0,,,,,,,,,,,,,""
12663698530,"Oct 15, 2024, 5:37:54 PM",Rickyyy,Walk,"",1782,1.71,121.0,4,false,,,activities/13501789827.fit.gz,,,1782.0,1678.0,1718.3,5.99,1.024,9.2,9.2,3.0,12.2,40.5,0.5,,,,,121.0,103.0,,,72.0,,,4.0,,,,,,,,,,,0.0,,0.0,,1.0,,,,,,,,,,,,,,,,,,,,,,,,,,,0.0,0.964,123.0,,,,2032.0,,,,,,,,,,,,,""
12665087661,"Oct 15, 2024, 9:57:39 PM",Walk to outsiders Broadway,Walk,"",2496,3.09,126.0,6,false,,,activities/13503256687.fit.gz,,,2496.0,2389.0,3096.1,3.6,1.296,21.2,25.4,10.0,20.0,20.5,-0.1,,,,,126.0,101.0,,,151.0,,,6.0,,,,,,,,,,,0.0,,0.0,,1.0,,,,,,,,,,,,,,,,,,,,,,,,,,,0.0,1.24,3.2,,,,3144.0,,,,,,,,,,,,,""
12666109862,"Oct 13, 2024, 10:00:53 PM",Evening Walk,Walk,,1168,1.41,112.0,2,false,,,activities/13504328305.fit.gz,,,1168.0,1168.0,1411.0,7.614,1.208,0.0,0.0,0.0,0.0,0.0,0.0,,,,,112.0,96.0,,,55.0,,,2.0,,,,,,,,,,,,,0.0,,1.0,,,,,,,,,,,,,,,,,,,,,,,,,,,0.0,1.208,0.0,,,,1332.0,,,,,,,,,,,,,""
12666264985,"Oct 16, 2024, 1:53:58 AM",Walk from outsiders bway Patrick dinner,Walk,"",2724,3.23,125.0,6,false,,,activities/13504494775.fit.gz,,,2724.0,2467.0,3234.5,4.686,1.311,4.4,17.4,12.4,25.4,10.8,-0.4,,,,,125.0,98.0,,,160.0,,,6.0,,,,,,,,,,,0.0,,0.0,,1.0,,,,,,,,,,,,,,,,,,,,,,,,,,,0.0,1.187,0.0,,,,3844.0,,,,,,,,,,,,,""
12672718780,"Oct 16, 2024, 8:32:04 PM",30 min Disney 2000s Ride with Sam Yo,Ride,"Total Output: 209.1 kJ
Leaderboard Rank: 4,829 / 13,864",1800,13.57,,,false,,1996 Cannondale M200 SE,activities/13511393168.tcx.gz,,11.793,1800.0,1800.0,13578.5,10.504,7.544,0.0,0.0,0.0,0.0,0.0,0.0,,,103.0,78.0,,,,116.0,295.0,,,,,,,,,,,,126.0,1801.0,,,0.0,,1.0,,,,,,,,,,,,,,,,11490857.0,,,,,,,,,,,0.0,7.544,0.0,,,,,,,65.0,115.0,,,,,,,,,media/14b7306a-560c-4152-b819-97453cda6d2b.jpg
12672727365,"Oct 16, 2024, 8:31:44 PM",Afternoon Ride,Ride,,1824,0,187.0,73,false,,1996 Cannondale M200 SE,activities/13511402361.fit.gz,,11.793,1824.0,1824.0,0.0,0.0,0.0,0.0,0.0,0.0,0.0,0.0,0.0,,,,,187.0,163.0,,,283.0,,,73.0,,,,,,,,,,,,,0.0,,1.0,,,,,,,,,,,,,,,,11490857.0,,,,,,,,,,,0.0,0.0,0.0,,,,,,,,,,,,,,,,,""
12678761510,"Oct 17, 2024, 3:14:07 PM",Lunch Walk,Walk,,3268,2.60,121.0,3,false,,,activities/13517866115.fit.gz,,,3268.0,2107.0,2603.6,2.584,1.236,11.2,6.8,7.4,14.2,12.4,0.2,,,,,121.0,84.0,,,115.0,,,3.0,,,,,,,,,,,,,0.0,,1.0,,,,,,,,,,,,,,,,,,,,,,,,,,,0.0,0.797,0.0,,,,3912.0,,,,,,,,,,,,,""
12680270517,"Oct 17, 2024, 7:37:45 PM",Afternoon Ride,Ride,,1803,0,176.0,36,false,,1996 Cannondale M200 SE,activities/13519466379.fit.gz,,11.793,1803.0,1803.0,0.0,0.0,0.0,0.0,0.0,0.0,0.0,0.0,0.0,,,,,176.0,146.0,,,238.0,,,36.0,,,,,,,,,,,,,0.0,,1.0,,,,,,,,,,,,,,,,11490857.0,,,,,,,,,,,0.0,0.0,0.0,,,,,,,,,,,,,,,,,""
12680324586,"Oct 17, 2024, 7:37:40 PM",30 min 2000s Pop Ride with Camila Ramón,Ride,"Total Output: 182.2 kJ
Leaderboard Rank: 11,105 / 20,999",1801,12.77,,,false,,1996 Cannondale M200 SE,activities/13519523247.tcx.gz,,11.793,1801.0,1801.0,12774.0,9.468,7.093,0.0,0.0,0.0,0.0,0.0,0.0,,,115.0,75.0,,,,101.0,257.0,,,,,,,,,,,,111.0,1802.0,,,0.0,,1.0,,,,,,,,,,,,,,,,11490857.0,,,,,,,,,,,0.0,7.093,0.0,,,,,,,51.0,101.0,,,,,,,,,media/dfababa9-f30b-43e6-bc53-dbcf3525410a.jpg
12684919216,"Oct 18, 2024, 12:00:58 PM",Morning Pickleball,Workout,,5186,0,131.0,13,false,,,activities/13524456779.fit.gz,,,5186.0,5186.0,0.0,0.0,0.0,0.0,0.0,0.0,0.0,0.0,0.0,,,,,131.0,101.0,,,324.0,,,13.0,,,,,,,,,,,,,0.0,,1.0,,,,,,,,,,,,,,,,,,,,,,,,,,,0.0,0.0,0.0,,,,,,,,,,,,,,,,,""
12686453148,"Oct 18, 2024, 4:46:12 PM",20 min Country Pop Ride with Ally Love,Ride,"Total Output: 142.3 kJ
Leaderboard Rank: 4,499 / 11,500",1200,9.20,,,false,,1996 Cannondale M200 SE,activities/13526101880.tcx.gz,,11.793,1200.0,1200.0,9203.0,9.596,7.669,0.0,0.0,0.0,0.0,0.0,0.0,,,108.0,74.0,,,,119.0,200.0,,,,,,,,,,,,127.0,1201.0,,,0.0,,1.0,,,,,,,,,,,,,,,,11490857.0,,,,,,,,,,,0.0,7.669,0.0,,,,,,,44.0,115.0,,,,,,,,,media/3970409d-4cca-41a3-be5b-c2084b12d2b8.jpg
12686467986,"Oct 18, 2024, 4:55:40 PM",Lunch Ride,Ride,,644,0,184.0,18,false,,1996 Cannondale M200 SE,activities/13526117688.fit.gz,,11.793,644.0,644.0,0.0,0.0,0.0,0.0,0.0,0.0,0.0,0.0,0.0,,,,,184.0,155.0,,,96.0,,,18.0,,,,,,,,,,,,,0.0,,1.0,,,,,,,,,,,,,,,,11490857.0,,,,,,,,,,,0.0,0.0,0.0,,,,,,,,,,,,,,,,,""
12697410960,"Oct 20, 2024, 3:48:49 AM",Evening HIIT,Workout,,632,0,149.0,2,false,,,activities/13537908320.fit.gz,,,632.0,632.0,0.0,0.0,0.0,0.0,0.0,0.0,0.0,0.0,0.0,,,,,149.0,116.0,,,66.0,,,2.0,,,,,,,,,,,,,0.0,,1.0,,,,,,,,,,,,,,,,,,,,,,,,,,,0.0,0.0,0.0,,,,,,,,,,,,,,,,,""
12703525773,"Oct 20, 2024, 5:02:10 PM",Morning Ride to yes on k rally,Ride,"",1436,7.86,139.0,5,false,,1996 Cannondale M200 SE,activities/13544469563.fit.gz,,11.793,1436.0,1436.0,7861.7,8.9,5.475,33.6,83.4,9.0,79.4,6.5,-0.7,,,,,139.0,113.0,,,115.0,,,5.0,,,,,,,,,,,0.0,,0.0,,1.0,,,,,,,,,,,,,,,,11490857.0,,,,,,,,,,,0.0,5.475,0.0,,,,,,,,,,,,,,,,,media/78833947-C62A-41A6-A844-1B957D6A22A7.jpg|media/19CD4398-659F-409A-B5CD-701152EF7FAA.jpg
12703868772,"Oct 20, 2024, 5:53:30 PM",Yes on K rally to great highway to toast n egg ride,Ride,SF VOTE YES ON K,2199,9.94,171.0,13,false,,1996 Cannondale M200 SE,activities/13544837204.fit.gz,,11.793,2199.0,2199.0,9943.3,7.342,4.522,73.2,15.6,9.0,71.8,17.1,0.6,,,,,171.0,120.0,,,191.0,,,13.0,,,,,,,,,,,0.0,,0.0,,1.0,,,,,,,,,,,,,,,,11490857.0,,,,,,,,,,,0.0,4.522,0.0,,,,,,,,,,,,,,,,,media/52A92FFC-AC79-414E-A7E4-2410895531E6.mp4
12704350909,"Oct 20, 2024, 7:19:40 PM",Toast n egg to more air in tires to catbird ride,Ride,"",2385,7.50,172.0,13,false,,1996 Cannondale M200 SE,activities/13545362440.fit.gz,,11.793,2385.0,1950.0,7502.2,9.262,3.847,70.8,80.2,63.0,92.6,31.0,-0.1,,,,,172.0,125.0,,,161.0,,,13.0,,,,,,,,,,,0.0,,0.0,,1.0,,,,,,,,,,,,,,,,11490857.0,,,,,,,,,,,0.0,3.146,0.0,,,,,,,,,,,,,,,,,""
12705131571,"Oct 20, 2024, 10:28:04 PM",Walk to hackathon judge,Walk,"",2069,2.86,124.0,6,false,,,activities/13546214211.fit.gz,,,2069.0,2019.0,2865.8,3.34,1.419,3.4,3.4,10.6,95.2,27.7,-3.0,,,,,124.0,109.0,,,130.0,,,6.0,,,,,,,,,,,0.0,,0.0,,1.0,,,,,,,,,,,,,,,,,,,,,,,,,,,0.0,1.385,0.0,,,,2934.0,,,,,,,,,,,,,""
12711655333,"Oct 21, 2024, 7:49:31 PM",Run to Kathy matcha,Run,"",487,1.22,170.0,19,false,,HOKA Clifton 8,activities/13553267537.fit.gz,,,487.0,414.0,1221.0,8.829,2.949,0.0,0.0,15.8,58.0,6.2,-3.4,,,,,170.0,167.0,,,68.0,,,19.0,,,,,,,,,,,0.0,,0.0,,1.0,1176.5,,,,,,,,,,,,,,,,14035992.0,,,,,,,,,,0.0,2.507,0.0,,,,1232.0,,,,,2.842,,,,,,,,""
12712747591,"Oct 21, 2024, 11:07:52 PM",Afternoon Swim,Swim,,827,433,140.0,10,false,,,activities/13554423737.fit.gz,,,827.0,827.0,432.5,2.012,0.523,0.0,0.0,0.0,0.0,0.0,0.0,,,,,140.0,129.0,,,116.0,,,10.0,,,,,,,,,,,,,0.0,,1.0,,,,,,,,,,,,,,,,,,,,,,,,,,,0.0,0.523,0.0,,,,,,,,,,,,,,,,,""
12719259818,"Oct 22, 2024, 5:33:41 PM",Post-P pre-meeting pre-flight laps,Run,"",1766,4.84,171.0,58,false,,HOKA Clifton 8,activities/13561396820.fit.gz,,,1766.0,1762.0,4840.5,4.5,2.747,4.8,4.8,88.2,91.0,5.0,0.0,,,,,171.0,158.0,,,279.0,,,58.0,,,,,,,,,,,0.0,,0.0,,1.0,4860.2,,,,,,,,,,,,,,,,14035992.0,,,,,,,,,,0.0,2.741,0.0,,,,4702.0,,,,,2.758,,,,,,,,""
12734898022,"Oct 24, 2024, 3:37:04 PM",Medellin walk for coffee,Walk,"",1982,2.28,162.0,6,false,,,activities/13578142854.fit.gz,,,1982.0,1797.0,2288.5,2.387,1.274,46.0,9.2,1487.2,1533.2,36.1,1.5,,,,,162.0,110.0,,,127.0,,,6.0,,,,,,,,,,,0.0,,0.0,,1.0,,,,,,,,,,,,,,,,,,,,,,,,,,,0.0,1.155,3.5,,,,3214.0,,,,,,,,,,,,,""
12735757632,"Oct 24, 2024, 4:54:04 PM",Medellin explore walk,Walk,"",4188,3.54,136.0,7,false,,,activities/13579047272.fit.gz,,,4188.0,2972.0,3543.9,2.38,1.192,68.8,81.6,1509.0,1556.6,46.6,-0.3,,,,,136.0,99.0,,,192.0,,,7.0,,,,,,,,,,,0.0,,0.0,,1.0,,,,,,,,,,,,,,,,,,,,,,,,,,,0.0,0.846,39.2,,,,4546.0,,,,,,,,,,,,,media/8E783724-9483-44AB-85DC-55634387DBAB.jpg|media/D6B5FA00-D7D6-4A7E-82C2-488A9E58DD1D.jpg|media/0B54337B-C189-4CB3-93E7-883FAC691604.jpg|media/43516E69-CAA5-4A7A-ADC2-2B2CDAC88D84.jpg
12737054384,"Oct 24, 2024, 7:00:43 PM",Medellin back to work walk,Walk,"",1938,2.35,120.0,5,false,,,activities/13580422595.fit.gz,,,1938.0,1842.0,2351.2,2.36,1.276,15.0,43.0,1481.6,1514.4,12.9,-1.2,,,,,120.0,105.0,,,109.0,,,5.0,,,,,,,,,,,0.0,,0.0,,1.0,,,,,,,,,,,,,,,,,,,,,,,,,,,0.0,1.213,0.0,,,,2610.0,,,,,,,,,,,,,""
12752918930,"Oct 26, 2024, 10:05:28 PM",Last night in Medellin jog,Run,Post-meat holy crow,1830,4.84,178.0,52,false,,HOKA Clifton 8,activities/13597661297.fit.gz,,,1830.0,1826.0,4840.8,4.39,2.651,32.8,32.8,1483.4,1493.2,11.8,-0.1,,,,,178.0,158.0,,,284.0,,,52.0,,,,,,,,,,,0.0,,0.0,,1.0,4872.3,,,,,,,,,,,,,,,,14035992.0,,,,,,,,,,0.0,2.645,0.0,,,,5110.0,,,,,2.668,,,,,,,,""
12765274944,"Oct 28, 2024, 1:31:33 PM",Raleigh run a few sights good morning ATO,Run,"",1933,4.84,170.0,46,false,,HOKA Clifton 8,activities/13611071773.fit.gz,,,1933.0,1783.0,4848.0,4.592,2.719,45.6,49.6,90.0,109.8,32.4,-0.1,,,,,170.0,155.0,,,288.0,,,46.0,,,,,,,,,,,0.0,,0.0,,1.0,4939.5,,,,,,,,,,,,,,,,14035992.0,,,,,,,,,,0.0,2.508,66.9,,,,5106.0,,,,,2.77,,,,,,,,media/0467EE11-54BC-4851-8B2A-5E57A41C803F.jpg|media/7C412590-DEBF-4260-9497-3679DA89C29B.jpg|media/FE47CA0F-CB99-4F94-8C40-B4DFD17EBAC7.jpg
12773400474,"Oct 29, 2024, 1:35:58 PM",Run for good bagels into other speakers whomp,Run,"",1553,4.05,162.0,42,false,"",HOKA Clifton 8,activities/13619803429.fit.gz,,,1553.0,1509.0,4056.3,4.299,2.688,31.4,40.2,90.8,110.4,17.5,-0.2,,,,,162.0,155.0,,,228.0,,,42.0,,,,,,,,,,,,,0.0,,1.0,4106.3,,,,,,,,,,,,,,,,14035992.0,,,,,,,,,,0.0,2.612,37.7,,,,4332.0,,,,,2.721,,,,,,,,""
12783854354,"Oct 30, 2024, 6:50:55 PM",Lunch Ride,Ride,,571,2.53,129.0,1,false,,1996 Cannondale M200 SE,activities/13630979210.fit.gz,,11.793,571.0,571.0,2533.7,9.04,4.437,13.6,51.6,6.8,44.8,7.3,-1.5,,,,,129.0,99.0,,,36.0,,,1.0,,,,,,,,,,,,,0.0,,1.0,,,,,,,,,,,,,,,,11490857.0,,,,,,,,,,,0.0,4.437,0.0,,,,,,,,,,,,,,,,,""
12793882300,"Oct 31, 2024, 5:43:05 PM",Morning Run,Run,,503,1.36,162.0,9,false,,HOKA Clifton 8,activities/13641770812.fit.gz,,,503.0,484.0,1361.2,6.34,2.812,2.4,68.6,25.8,92.0,9.6,-4.9,,,,,162.0,149.0,,,73.0,,,9.0,,,,,,,,,,,,,0.0,,1.0,1302.2,,,,,,,,,,,,,,,,14035992.0,,,,,,,,,,0.0,2.706,0.0,,,,1352.0,,,,,2.69,,,,,,,,""
12801511734,"Nov 2, 2024, 2:50:55 AM",Ride to bike party meeting pt,Ride,"",366,1.55,135.0,1,false,,1996 Cannondale M200 SE,activities/13650025846.fit.gz,,11.793,366.0,347.0,1558.9,9.98,4.493,0.0,50.2,13.4,67.6,0.0,-3.5,,,,,135.0,115.0,,,28.0,,,1.0,,,,,,,,,,,0.0,,0.0,,1.0,,,,,,,,,,,,,,,,11490857.0,,,,,,,,,,,0.0,4.259,0.0,,,,,,,,,,,,,,,,,""
12801512496,"Nov 2, 2024, 3:10:40 AM",Sf bike party ride 2 stops,Ride,"",8978,22.28,152.0,19,false,,1996 Cannondale M200 SE,activities/13650026613.fit.gz,,11.793,8978.0,6292.0,22282.8,12.02,3.541,454.2,378.0,-5.4,94.6,48.3,0.3,,,,,152.0,104.0,,,366.0,,,19.0,,,,,,,,,,,0.0,,0.0,,1.0,,,,,,,,,,,,,,,,11490857.0,,,,,,,,,,,0.0,2.482,455.6,,,,,,,,,,,,,,,,,media/35ECA1A5-A7B7-4B51-B39D-AFD932EE2C90.jpg|media/9AD1D522-7DC9-45A0-B776-22BE23871402.mp4|media/161CB52D-A325-4647-B833-91B4B6477FD6.jpg
12823463041,"Nov 3, 2024, 7:04:49 PM",Lunch Pickleball,Workout,,4976,0,144.0,12,false,,,activities/13673647704.fit.gz,,,4976.0,4976.0,0.0,0.0,0.0,0.0,0.0,0.0,0.0,0.0,0.0,,,,,144.0,100.0,,,387.0,,,12.0,,,,,,,,,,,,,0.0,,1.0,,,,,,,,,,,,,,,,,,,,,,,,,,,0.0,0.0,0.0,,,,,,,,,,,,,,,,,""
12823463137,"Nov 4, 2024, 4:38:36 PM",Patrick work walk,Walk,"",1597,1.75,115.0,2,false,,,activities/13673647707.fit.gz,,,1597.0,1417.0,1752.3,2.3,1.237,10.8,123.0,36.0,156.6,18.2,-6.4,,,,,115.0,88.0,,,75.0,,,2.0,,,,,,,,,,,0.0,,0.0,,1.0,,,,,,,,,,,,,,,,,,,,,,,,,,,0.0,1.097,0.0,,,,2148.0,,,,,,,,,,,,,""
12823464017,"Nov 4, 2024, 7:35:42 PM",Run to bilal hq to pick up sign on stick,Run,"Hills coming back hard, run quickly and carry a big stick",2001,4.73,185.0,77,false,,HOKA Clifton 8,activities/13673648148.fit.gz,,,2001.0,1861.0,4732.7,6.94,2.543,105.0,102.6,38.2,94.6,17.7,0.1,,,,,185.0,164.0,,,310.0,,,77.0,,,,,,,,,,,0.0,,0.0,,1.0,4966.4,,,,,,,,,,,,,,,,14035992.0,,,,,,,,,,0.0,2.365,0.0,,,,4642.0,,,,,2.669,,,,,,,,""
12823892057,"Nov 4, 2024, 8:35:52 PM",Bay club spin class ride,Ride,"",2542,0,191.0,118,false,,1996 Cannondale M200 SE,activities/13674100677.fit.gz,,11.793,2542.0,2542.0,0.0,0.0,0.0,0.0,0.0,0.0,0.0,0.0,0.0,,,,,191.0,169.0,,,393.0,,,118.0,,,,,,,,,,,0.0,,0.0,,1.0,,,,,,,,,,,,,,,,11490857.0,,,,,,,,,,,0.0,0.0,0.0,,,,,,,,,,,,,,,,,""
12823892210,"Nov 4, 2024, 8:20:05 PM",Run to bay club late to spin class,Run,"",785,2.24,178.0,27,false,,HOKA Clifton 8,activities/13674100728.fit.gz,,,785.0,756.0,2248.4,4.94,2.974,7.2,89.0,5.2,90.6,5.8,-3.6,,,,,178.0,161.0,,,122.0,,,27.0,,,,,,,,,,,0.0,,0.0,,1.0,2147.0,,,,,,,,,,,,,,,,14035992.0,,,,,,,,,,0.0,2.864,0.0,,,,1932.0,,,,,2.84,,,,,,,,""
12824601354,"Nov 4, 2024, 9:27:04 PM",Afternoon Walk,Walk,,2524,2.46,178.0,23,false,,,activities/13674851233.fit.gz,,,2524.0,2229.0,2462.9,2.44,1.105,143.6,60.2,8.6,94.8,49.5,3.4,,,,,178.0,134.0,,,189.0,,,23.0,,,,,,,,,,,,,0.0,,1.0,,,,,,,,,,,,,,,,,,,,,,,,,,,0.0,0.976,0.0,,,,3008.0,,,,,,,,,,,,,""
12830936441,"Nov 5, 2024, 6:06:15 PM",Election day walk to city hall yes on k,Walk,"",1342,1.73,121.0,3,false,,,activities/13681653720.fit.gz,,,1342.0,1323.0,1732.4,3.0,1.309,0.0,74.2,19.6,93.8,4.9,-4.3,,,,,121.0,107.0,,,74.0,,,3.0,,,,,,,,,,,0.0,,0.0,,1.0,,,,,,,,,,,,,,,,,,,,,,,,,,,0.0,1.291,0.0,,,,1426.0,,,,,,,,,,,,,""
12833070346,"Nov 5, 2024, 11:26:55 PM",Election Day go michael,Walk,"",2215,2.22,132.0,4,false,,,activities/13683902372.fit.gz,,,2215.0,1596.0,2228.9,5.478,1.397,44.6,4.8,47.4,92.6,18.7,1.8,,,,,132.0,99.0,,,124.0,,,4.0,,,,,,,,,,,0.0,,0.0,,1.0,,,,,,,,,,,,,,,,,,,,,,,,,,,0.0,1.006,188.7,,,,2656.0,,,,,,,,,,,,,""
12848187315,"Nov 7, 2024, 10:21:22 PM",Walk to moma free day,Walk,"",1197,1.62,120.0,3,false,,,activities/13700115539.fit.gz,,,1197.0,1150.0,1619.1,3.46,1.408,4.0,80.6,9.4,90.0,14.4,-4.7,,,,,120.0,102.0,,,65.0,,,3.0,,,,,,,,,,,0.0,,0.0,,1.0,,,,,,,,,,,,,,,,,,,,,,,,,,,0.0,1.353,0.0,,,,2068.0,,,,,,,,,,,,,""
12848654517,"Nov 7, 2024, 11:34:32 PM",Walk from moma,Walk,"",2321,1.87,156.0,5,false,,,activities/13700610067.fit.gz,,,2321.0,1618.0,1872.1,4.983,1.157,87.6,2.2,6.0,93.6,34.1,4.3,,,,,156.0,110.0,,,122.0,,,5.0,,,,,,,,,,,0.0,,0.0,,1.0,,,,,,,,,,,,,,,,,,,,,,,,,,,0.0,0.807,0.0,,,,2238.0,,,,,,,,,,,,,media/2613F091-9A78-4CDA-8ACE-E0738964F460.jpg
12850181836,"Nov 8, 2024, 1:29:14 AM",Marina run,Run,"",3550,8.05,169.0,87,false,,HOKA Clifton 8,activities/13702273683.fit.gz,,,3550.0,3163.0,8058.4,5.0,2.548,70.0,120.6,2.4,101.8,20.7,-0.6,,,,,169.0,155.0,,,471.0,,,87.0,,,,,,,,,,,0.0,,0.0,,1.0,8134.4,,,,,,,,,,,,,,,,14035992.0,,,,,,,,,,0.0,2.27,250.4,,,,8544.0,,,,,2.572,,,,,,,,media/50AD0F3B-EF26-4BD7-9F39-54F0B95697BA.jpg
12854802742,"Nov 8, 2024, 9:21:35 PM",Afternoon Swim,Swim,,1241,573,143.0,10,false,,,activities/13707260645.fit.gz,,,1241.0,1241.0,573.3,2.02,0.462,0.0,0.0,0.0,0.0,0.0,0.0,,,,,143.0,127.0,,,148.0,,,10.0,,,,,,,,,,,,,0.0,,1.0,,,,,,,,,,,,,,,,,,,,,,,,,,,0.0,0.462,0.0,,,,,,,,,,,,,,,,,""
12856049686,"Nov 9, 2024, 1:29:47 AM",Walk from wine bar with griffin to Pat pre-parents sf restaurant week,Walk,"",1749,2.21,115.0,3,false,,,activities/13708594474.fit.gz,,,1749.0,1404.0,2215.3,7.619,1.578,2.0,21.2,6.4,25.6,6.8,-0.8,,,,,115.0,104.0,,,98.0,,,3.0,,,,,,,,,,,0.0,,0.0,,1.0,,,,,,,,,,,,,,,,,,,,,,,,,,,0.0,1.267,0.0,,,,2966.0,,,,,,,,,,,,,""
12862907282,"Nov 9, 2024, 9:13:24 PM",Walk and talk Diane Pat,Walk,"",1461,1.74,117.0,3,false,,,activities/13715979007.fit.gz,,,1461.0,1461.0,1742.3,3.2,1.193,46.6,46.6,149.4,168.6,33.3,-0.1,,,,,117.0,97.0,,,89.0,,,3.0,,,,,,,,,,,0.0,,0.0,,1.0,,,,,,,,,,,,,,,,,,,,,,,,,,,0.0,1.193,11.2,,,,1828.0,,,,,,,,,,,,,""
12872080515,"Nov 10, 2024, 11:42:08 PM",Run to Sarah slight loop to Polk,Run,"Almost skipped rip, kitchen story Bloody Mary is the best",1577,3.52,182.0,40,false,,HOKA Clifton 8,activities/13725857096.fit.gz,,,1577.0,1367.0,3520.2,5.38,2.575,38.2,79.2,24.4,91.6,15.3,-1.0,,,,,182.0,161.0,,,203.0,,,40.0,,,,,,,,,,,0.0,,0.0,,1.0,3923.4,,,,,,,,,,,,,,,,14035992.0,,,,,,,,,,0.0,2.232,0.0,,,,3774.0,,,,,2.87,,,,,,,,""
12872331773,"Nov 11, 2024, 12:20:37 AM",Group run Sarah swyx catch up GGP,Run,Runner’s high run off at panhandle headed back,3735,8.40,179.0,95,false,,HOKA Clifton 8,activities/13726131032.fit.gz,,,3735.0,3531.0,8400.7,5.52,2.379,64.2,64.0,51.4,79.2,14.3,0.0,,,,,179.0,154.0,,,485.0,,,95.0,,,,,,,,,,,0.0,,0.0,,1.0,8504.4,,,,,,,,,,,,,,,,14035992.0,,,,,,,,,,0.0,2.249,0.0,,,,9920.0,,,,,2.408,,,,,,,,media/E95154FD-D94E-4D30-942C-5F55F525547B.mp4
12872394208,"Nov 11, 2024, 1:37:12 AM",Run/walk back stop at Nijiya call RB DB,Run,"",1425,2.58,171.0,20,false,,HOKA Clifton 8,activities/13726200354.fit.gz,,,1425.0,1328.0,2579.3,6.34,1.942,59.6,53.6,31.4,74.0,47.1,0.2,,,,,171.0,146.0,,,160.0,,,20.0,,,,,,,,,,,0.0,,0.0,,1.0,2765.0,,,,,,,,,,,,,,,,14035992.0,,,,,,,,,,0.0,1.81,0.0,,,,3062.0,,,,,2.082,,,,,,,,""
12877664435,"Nov 11, 2024, 6:10:51 PM",Morning Walk,Walk,,1747,2.36,129.0,4,false,,,activities/13731902583.fit.gz,,,1747.0,1657.0,2368.8,3.1,1.43,2.0,85.6,17.6,101.2,14.8,-3.5,,,,,129.0,105.0,,,112.0,,,4.0,,,,,,,,,,,,,0.0,,1.0,,,,,,,,,,,,,,,,,,,,,,,,,,,0.0,1.356,0.0,,,,2388.0,,,,,,,,,,,,,""
12880138910,"Nov 12, 2024, 1:11:05 AM",Afternoon Elliptical,Elliptical,,1254,0,148.0,5,false,,,activities/13734519388.fit.gz,,,1254.0,1254.0,0.0,0.0,0.0,0.0,0.0,0.0,0.0,0.0,0.0,,,,,148.0,132.0,,,128.0,,,5.0,,,,,,,,,,,,,0.0,,1.0,,,,,,,,,,,,,,,,,,,,,,,,,,,0.0,0.0,0.0,,,,,,,,,,,,,,,,,""
12884967602,"Nov 12, 2024, 5:22:54 PM",Morning Ride,Ride,,668,2.51,122.0,1,false,,1996 Cannondale M200 SE,activities/13739735491.fit.gz,,11.793,668.0,652.0,2510.2,10.44,3.85,16.4,47.8,6.2,39.8,26.7,-1.3,,,,,122.0,107.0,,,40.0,,,1.0,,,,,,,,,,,,,0.0,,1.0,,,,,,,,,,,,,,,,11490857.0,,,,,,,,,,,0.0,3.758,0.0,,,,,,,,,,,,,,,,,""
12888158584,"Nov 13, 2024, 1:00:46 AM",Afternoon Ride,Ride,,1904,5.64,169.0,16,false,,1996 Cannondale M200 SE,activities/13743094139.fit.gz,,11.793,1904.0,1826.0,5644.6,10.92,3.091,158.2,79.8,5.8,95.2,49.6,1.4,,,,,169.0,130.0,,,107.0,,,16.0,,,,,,,,,,,,,0.0,,1.0,,,,,,,,,,,,,,,,11490857.0,,,,,,,,,,,0.0,2.965,0.0,,,,,,,,,,,,,,,,,""
12888837208,"Nov 13, 2024, 2:23:41 AM",Grace cathedral yoga,Yoga,Ty griffin,3849,0,129.0,7,false,,,activities/13743829769.fit.gz,,,3849.0,3849.0,0.0,0.0,0.0,0.0,0.0,0.0,0.0,0.0,0.0,,,,,129.0,86.0,,,135.0,,,7.0,,,,,,,,,,,0.0,,0.0,,1.0,,,,,,,,,,,,,,,,,,,,,,,,,,,0.0,0.0,0.0,,,,,,,,,,,,,,,,,media/6BEA2243-D069-425C-BB06-456534DEF1B2.jpg
12894327328,"Nov 13, 2024, 8:18:16 PM",Run 2 bay club with water and book bag,Run,"",815,2.27,164.0,21,false,,HOKA Clifton 8,activities/13749727652.fit.gz,,,815.0,772.0,2276.2,4.82,2.948,9.4,97.6,4.6,93.0,8.9,-3.9,,,,,164.0,155.0,,,128.0,,,21.0,,,,,,,,,,,0.0,,0.0,,1.0,2180.4,,,,,,,,,,,,,,,,14035992.0,,,,,,,,,,0.0,2.793,0.0,,,,2246.0,,,,,2.824,,,,,,,,""
12894627735,"Nov 13, 2024, 8:34:00 PM",Bay club lunch ride class,Ride,"",2780,0,177.0,60,false,,1996 Cannondale M200 SE,activities/13750045165.fit.gz,,11.793,2780.0,2780.0,0.0,0.0,0.0,0.0,0.0,0.0,0.0,0.0,0.0,,,,,177.0,148.0,,,344.0,,,60.0,,,,,,,,,,,0.0,,0.0,,1.0,,,,,,,,,,,,,,,,11490857.0,,,,,,,,,,,0.0,0.0,0.0,,,,,,,,,,,,,,,,,""
12894802929,"Nov 13, 2024, 9:21:48 PM",Afternoon Walk,Walk,,1946,2.42,144.0,6,false,,,activities/13750230848.fit.gz,,,1946.0,1873.0,2423.4,3.48,1.294,101.8,39.2,10.4,94.4,37.4,2.6,,,,,144.0,118.0,,,146.0,,,6.0,,,,,,,,,,,,,0.0,,1.0,,,,,,,,,,,,,,,,,,,,,,,,,,,0.0,1.245,0.0,,,,2344.0,,,,,,,,,,,,,""
12895816709,"Nov 14, 2024, 12:46:57 AM",Walk to Yelp elite event,Walk,"",1543,2.20,122.0,4,false,,,activities/13751305367.fit.gz,,,1543.0,1512.0,2201.9,3.027,1.456,20.2,75.6,26.8,93.8,48.9,-2.6,,,,,122.0,110.0,,,93.0,,,4.0,,,,,,,,,,,0.0,,0.0,,1.0,,,,,,,,,,,,,,,,,,,,,,,,,,,0.0,1.427,0.0,,,,1170.0,,,,,,,,,,,,,""
12901800222,"Nov 14, 2024, 6:12:05 PM",Morning Walk,Walk,,2453,3.25,125.0,6,false,,,activities/13757752591.fit.gz,,,2453.0,2388.0,3253.0,3.34,1.362,22.2,109.6,7.0,94.4,29.5,-2.6,,,,,125.0,102.0,,,165.0,,,6.0,,,,,,,,,,,,,0.0,,1.0,,,,,,,,,,,,,,,,,,,,,,,,,,,0.0,1.326,0.0,,,,3966.0,,,,,,,,,,,,,""
12903903998,"Nov 15, 2024, 2:37:42 AM",CRV holds court pickleball,Workout,"",9039,0,169.0,50,false,,,activities/13760007671.fit.gz,,,9039.0,9039.0,0.0,0.0,0.0,0.0,0.0,0.0,0.0,0.0,0.0,,,,,169.0,123.0,,,495.0,,,50.0,,,,,,,,,,,0.0,,0.0,,1.0,,,,,,,,,,,,,,,,,,,,,,,,,,,0.0,0.0,0.0,,,,,,,,,,,,,,,,,media/54192BF3-CADE-437F-ADE4-C559FE25CF86.jpg|media/49E69430-CEF1-4002-ACE1-BE877B9F4C4A.jpg
12910181737,"Nov 15, 2024, 8:02:27 PM",Lunch Ride,Ride,,639,2.43,150.0,2,false,,1996 Cannondale M200 SE,activities/13766775893.fit.gz,,11.793,639.0,639.0,2436.6,16.16,3.813,12.8,63.2,20.0,72.8,23.9,-2.1,,,,,150.0,101.0,,,33.0,,,2.0,,,,,,,,,,,,,0.0,,1.0,,,,,,,,,,,,,,,,11490857.0,,,,,,,,,,,0.0,3.813,0.0,,,,,,,,,,,,,,,,,""
12910181742,"Nov 15, 2024, 9:57:48 PM",Afternoon Ride,Ride,,1542,2.84,142.0,4,false,,1996 Cannondale M200 SE,activities/13766775891.fit.gz,,11.793,1542.0,1389.0,2845.6,12.08,2.049,119.4,42.4,19.2,96.6,49.0,2.6,,,,,142.0,112.0,,,52.0,,,4.0,,,,,,,,,,,,,0.0,,1.0,,,,,,,,,,,,,,,,11490857.0,,,,,,,,,,,0.0,1.845,0.0,,,,,,,,,,,,,,,,,""
12910306847,"Nov 16, 2024, 1:03:52 AM",Martin and lizzie walk to warriors box,Walk,"",3816,4.62,120.0,8,false,,,activities/13766911404.fit.gz,,,3816.0,3281.0,4619.9,4.88,1.408,28.2,114.8,2.4,93.4,35.8,-1.9,,,,,120.0,100.0,,,205.0,,,8.0,,,,,,,,,,,0.0,,0.0,,1.0,,,,,,,,,,,,,,,,,,,,,,,,,,,0.0,1.211,46.1,,,,5416.0,,,,,,,,,,,,,media/42FD2B8D-4BE8-4513-8725-28D2D4D30140.jpg|media/1243F0D5-1D35-4D08-853D-0A5677C7AF7F.jpg
12926001066,"Nov 17, 2024, 10:43:59 PM",East cut pickleball,Workout,"",3468,0,147.0,10,false,,,activities/13783864503.fit.gz,,,3468.0,3468.0,0.0,0.0,0.0,0.0,0.0,0.0,0.0,0.0,0.0,,,,,147.0,105.0,,,185.0,,,10.0,,,,,,,,,,,0.0,,0.0,,1.0,,,,,,,,,,,,,,,,,,,,,,,,,,,0.0,0.0,0.0,,,,,,,,,,,,,,,,,media/C9AF369B-6F13-4B5A-A72E-D5B71B1D4D08.jpg
12926001180,"Nov 17, 2024, 11:45:50 PM",Ride from pb,Ride,"",1985,6.45,158.0,17,false,,1996 Cannondale M200 SE,activities/13783864566.fit.gz,,11.793,1985.0,1985.0,6456.7,9.14,3.253,130.8,42.2,2.6,95.6,43.9,1.4,,,,,158.0,128.0,,,145.0,,,17.0,,,,,,,,,,,0.0,,0.0,,1.0,,,,,,,,,,,,,,,,11490857.0,,,,,,,,,,,0.0,3.253,0.0,,,,,,,,,,,,,,,,,""
12926001223,"Nov 17, 2024, 9:35:40 PM",Ride to Athleta to return then to pb advith,Ride,"",2604,8.84,152.0,8,false,,1996 Cannondale M200 SE,activities/13783864606.fit.gz,,11.793,2604.0,2068.0,8840.6,11.72,4.275,70.4,144.8,5.0,82.8,44.2,-0.8,,,,,152.0,119.0,,,174.0,,,8.0,,,,,,,,,,,0.0,,0.0,,1.0,,,,,,,,,,,,,,,,11490857.0,,,,,,,,,,,0.0,3.395,0.0,,,,,,,,,,,,,,,,,""
12933930565,"Nov 19, 2024, 3:42:46 AM",Dubs tennis,Workout,"",4677,0,169.0,36,false,,,activities/13792409172.fit.gz,,,4677.0,4677.0,0.0,0.0,0.0,0.0,0.0,0.0,0.0,0.0,0.0,,,,,169.0,132.0,,,458.0,,,36.0,,,,,,,,,,,0.0,,0.0,,1.0,,,,,,,,,,,,,,,,,,,,,,,,,,,0.0,0.0,0.0,,,,,,,,,,,,,,,,,""
12933930580,"Nov 19, 2024, 3:16:26 AM",Ride late to tennis,Ride,"",1455,5.74,174.0,19,false,,1996 Cannondale M200 SE,activities/13792409171.fit.gz,,11.793,1455.0,1425.0,5748.6,9.633,4.034,72.4,77.0,20.4,78.4,42.1,-0.1,,,,,174.0,134.0,,,124.0,,,19.0,,,,,,,,,,,0.0,,0.0,,1.0,,,,,,,,,,,,,,,,11490857.0,,,,,,,,,,,0.0,3.951,0.0,,,,,,,,,,,,,,,,,""
12934024066,"Nov 19, 2024, 5:07:50 AM",Ride contemplate double faults,Ride,"",1786,6.19,134.0,8,false,,1996 Cannondale M200 SE,activities/13792512092.fit.gz,,11.793,1786.0,1786.0,6198.4,8.36,3.471,96.8,76.6,18.0,95.6,28.8,0.3,,,,,134.0,119.0,,,119.0,,,8.0,,,,,,,,,,,0.0,,0.0,,1.0,,,,,,,,,,,,,,,,11490857.0,,,,,,,,,,,0.0,3.471,0.0,,,,,,,,,,,,,,,,,""
12938125759,"Nov 19, 2024, 5:54:55 PM",Ride to work,Ride,"",601,2.54,139.0,1,false,,1996 Cannondale M200 SE,activities/13796938105.fit.gz,,11.793,601.0,601.0,2545.1,9.28,4.235,27.2,67.2,7.0,50.4,40.0,-1.6,,,,,139.0,103.0,,,42.0,,,1.0,,,,,,,,,,,0.0,,0.0,,1.0,,,,,,,,,,,,,,,,11490857.0,,,,,,,,,,,0.0,4.235,0.0,,,,,,,,,,,,,,,,,""
12941575974,"Nov 20, 2024, 3:36:57 AM",Dubs tennis,Workout,"",6286,0,169.0,52,false,,,activities/13800596555.fit.gz,,,6286.0,6286.0,0.0,0.0,0.0,0.0,0.0,0.0,0.0,0.0,0.0,,,,,169.0,132.0,,,673.0,,,52.0,,,,,,,,,,,0.0,,0.0,,1.0,,,,,,,,,,,,,,,,,,,,,,,,,,,0.0,0.0,0.0,,,,,,,,,,,,,,,,,""
12941576095,"Nov 20, 2024, 2:42:35 AM",Ride from office to tennis,Ride,"",2238,8.17,155.0,18,false,,1996 Cannondale M200 SE,activities/13800596618.fit.gz,,11.793,2238.0,2146.0,8172.8,9.62,3.808,137.0,76.8,7.0,78.0,45.1,0.7,,,,,155.0,132.0,,,170.0,,,18.0,,,,,,,,,,,0.0,,0.0,,1.0,,,,,,,,,,,,,,,,11490857.0,,,,,,,,,,,0.0,3.652,0.0,,,,,,,,,,,,,,,,,""
12941576382,"Nov 20, 2024, 5:29:45 AM",Ride-post-another night of getting my ass handed to me in dubs,Ride,"",1761,6.22,168.0,14,false,,1996 Cannondale M200 SE,activities/13800596766.fit.gz,,11.793,1761.0,1761.0,6228.6,14.0,3.537,93.0,71.6,19.2,94.0,16.7,0.3,,,,,168.0,130.0,,,141.0,,,14.0,,,,,,,,,,,0.0,,0.0,,1.0,,,,,,,,,,,,,,,,11490857.0,,,,,,,,,,,0.0,3.537,0.0,,,,,,,,,,,,,,,,,""
12945304898,"Nov 20, 2024, 4:23:05 PM",Morning Walk,Walk,,1485,2.12,129.0,4,false,,,activities/13804629803.fit.gz,,,1485.0,1485.0,2128.7,2.78,1.433,0.0,111.6,4.0,115.6,8.6,-5.2,,,,,129.0,110.0,,,87.0,,,4.0,,,,,,,,,,,,,0.0,,1.0,,,,,,,,,,,,,,,,,,,,,,,,,,,0.0,1.433,10.8,,,,2316.0,,,,,,,,,,,,,""
12955429343,"Nov 20, 2024, 6:36:06 PM",Morning Walk,Walk,,1175,1.47,126.0,3,false,,,activities/13815268753.fit.gz,,,1175.0,1078.0,1471.9,9.28,1.365,3.0,0.0,3.8,6.8,4.7,0.2,,,,,126.0,113.0,,,60.0,,,3.0,,,,,,,,,,,,,0.0,,1.0,,,,,,,,,,,,,,,,,,,,,,,,,,,0.0,1.253,0.0,,,,1190.0,,,,,,,,,,,,,""
12955429647,"Nov 22, 2024, 1:16:43 AM",Run to Andres bay club ride with library book bag,Run,"",839,2.40,163.0,16,false,,HOKA Clifton 8,activities/13815268816.fit.gz,,,839.0,823.0,2402.4,9.832,2.919,3.0,89.6,4.8,91.4,3.8,-3.6,,,,,163.0,148.0,,,130.0,,,16.0,,,,,,,,,,,0.0,,0.0,,1.0,2296.0,,,,,,,,,,,,,,,,14035992.0,,,,,,,,,,0.0,2.863,0.0,,,,2454.0,,,,,2.79,,,,,,,,""
12955602564,"Nov 22, 2024, 1:34:06 AM",Andres bay club ride,Ride,New fav instructor! HIIT and there’s cyclists here and he’s one too,2747,0,182.0,77,false,,1996 Cannondale M200 SE,activities/13815442766.fit.gz,,11.793,2747.0,2747.0,0.0,0.0,0.0,0.0,0.0,0.0,0.0,0.0,0.0,,,,,182.0,154.0,,,357.0,,,77.0,,,,,,,,,,,0.0,,0.0,,1.0,,,,,,,,,,,,,,,,11490857.0,,,,,,,,,,,0.0,0.0,0.0,,,,,,,,,,,,,,,,,""
12955698377,"Nov 22, 2024, 2:24:02 AM",Walk from spin class to library,Walk,"",2098,2.48,146.0,7,false,,,activities/13815539173.fit.gz,,,2098.0,2019.0,2481.0,2.84,1.229,117.0,28.0,5.2,94.2,48.7,3.6,,,,,146.0,118.0,,,156.0,,,7.0,,,,,,,,,,,0.0,,0.0,,1.0,,,,,,,,,,,,,,,,,,,,,,,,,,,0.0,1.183,0.0,,,,2880.0,,,,,,,,,,,,,""
12967718853,"Nov 23, 2024, 7:16:27 PM",Pre-jtown and wicked e Marina run,Run,"",3965,9.28,167.0,95,false,,HOKA Clifton 8,activities/13828327533.fit.gz,,,3965.0,3766.0,9287.6,4.72,2.466,94.2,121.8,2.8,96.4,15.2,-0.3,,,,,167.0,155.0,,,559.0,,,95.0,,,,,,,,,,,0.0,,0.0,,1.0,9453.3,,,,,,,,,,,,,,,,14035992.0,,,,,,,,,,0.0,2.342,114.9,,,,10088.0,,,,,2.51,,,,,,,,""
12976694458,"Nov 24, 2024, 10:55:29 PM",Walk and talk P’s mom post-pickleball,Walk,"",2641,3.58,117.0,6,false,,,activities/13837946082.fit.gz,,,2641.0,2641.0,3587.1,2.387,1.358,76.6,74.4,83.4,113.8,26.2,0.0,,,,,117.0,95.0,,,160.0,,,6.0,,,,,,,,,,,0.0,,0.0,,1.0,,,,,,,,,,,,,,,,,,,,,,,,,,,0.0,1.358,0.0,,,,4788.0,,,,,,,,,,,,,""
12997831452,"Nov 26, 2024, 5:29:28 PM",Spin class ride with Cheryl,Ride,Rocklin spin,2620,0,177.0,52,false,,1996 Cannondale M200 SE,activities/13860361562.fit.gz,,11.793,2620.0,2620.0,0.0,0.0,0.0,0.0,0.0,0.0,0.0,0.0,0.0,,,,,177.0,144.0,,,305.0,,,52.0,,,,,,,,,,,0.0,,0.0,,1.0,,,,,,,,,,,,,,,,11490857.0,,,,,,,,,,,0.0,0.0,0.0,,,,,,,,,,,,,,,,,media/A00300CC-6802-4722-A92E-63A28771A442.jpg
13019883767,"Dec 1, 2024, 1:21:44 AM",Walk from aquarium,Walk,"",2159,1.65,103.0,3,false,,,activities/13884166184.fit.gz,,,2159.0,1774.0,1650.2,1.84,0.93,73.2,73.2,4.8,70.6,27.0,3.9,,,,,103.0,85.0,,,107.0,,,3.0,,,,,,,,,,,0.0,,0.0,,1.0,,,,,,,,,,,,,,,,,,,,,,,,,,,0.0,0.764,10.9,,,,2180.0,,,,,,,,,,,,,""
13020399783,"Nov 30, 2024, 11:49:33 PM",Walk to aquarium,Walk,"",1149,1.07,132.0,1,false,,,activities/13884741863.fit.gz,,,1149.0,1064.0,1076.2,2.08,1.011,8.6,8.6,6.8,61.4,47.1,-4.9,,,,,132.0,80.0,,,43.0,,,1.0,,,,,,,,,,,0.0,,0.0,,1.0,,,,,,,,,,,,,,,,,,,,,,,,,,,0.0,0.937,12.9,,,,1744.0,,,,,,,,,,,,,""
13035510020,"Dec 3, 2024, 2:05:55 AM",Evening Elliptical,Elliptical,,592,0,114.0,1,false,,,activities/13900894962.fit.gz,,,592.0,592.0,0.0,0.0,0.0,0.0,0.0,0.0,0.0,0.0,0.0,,,,,114.0,112.0,,,57.0,,,1.0,,,,,,,,,,,,,0.0,,1.0,,,,,,,,,,,,,,,,,,,,,,,,,,,0.0,0.0,0.0,,,,,,,,,,,,,,,,,""
13039202497,"Dec 3, 2024, 5:46:37 PM",Ride to office,Ride,"",707,2.67,119.0,1,false,,1996 Cannondale M200 SE,activities/13904871943.fit.gz,,11.793,707.0,707.0,2670.3,13.04,3.777,38.8,76.6,8.0,49.0,47.8,-1.5,,,,,119.0,93.0,,,44.0,,,1.0,,,,,,,,,,,0.0,,0.0,,1.0,,,,,,,,,,,,,,,,11490857.0,,,,,,,,,,,0.0,3.777,0.0,,,,,,,,,,,,,,,,,""
13041845377,"Dec 4, 2024, 12:25:40 AM",Ride from office,Ride,"",1218,3.48,178.0,24,false,,1996 Cannondale M200 SE,activities/13907652862.fit.gz,,11.793,1218.0,1195.0,3486.9,13.6,2.918,118.4,27.8,1.2,95.0,34.2,2.6,,,,,178.0,147.0,,,85.0,,,24.0,,,,,,,,,,,0.0,,0.0,,1.0,,,,,,,,,,,,,,,,11490857.0,,,,,,,,,,,0.0,2.863,0.0,,,,,,,,,,,,,,,,,""
13042023872,"Dec 4, 2024, 1:16:56 AM",Run to bay club with library books,Run,"",820,2.16,164.0,25,false,,HOKA Clifton 8,activities/13907840744.fit.gz,,,820.0,820.0,2165.0,4.52,2.64,7.8,106.4,4.0,102.8,9.9,-4.6,,,,,164.0,158.0,,,122.0,,,25.0,,,,,,,,,,,0.0,,0.0,,1.0,2066.8,,,,,,,,,,,,,,,,14035992.0,,,,,,,,,,0.0,2.64,0.0,,,,2236.0,,,,,2.52,,,,,,,,""
13042186977,"Dec 4, 2024, 1:33:07 AM",Bay club ride thank you Andres,Ride,"",2672,0,184.0,63,false,,1996 Cannondale M200 SE,activities/13908012859.fit.gz,,11.793,2672.0,2672.0,0.0,0.0,0.0,0.0,0.0,0.0,0.0,0.0,0.0,,,,,184.0,151.0,,,347.0,,,63.0,,,,,,,,,,,0.0,,0.0,,1.0,,,,,,,,,,,,,,,,11490857.0,,,,,,,,,,,0.0,0.0,0.0,,,,,,,,,,,,,,,,,""
13042312083,"Dec 4, 2024, 2:37:48 AM",Post-ride walk and library stop,Walk,"",1375,1.37,137.0,3,false,,,activities/13908146914.fit.gz,,,1375.0,1213.0,1375.9,2.74,1.134,78.4,2.6,19.2,95.0,49.4,5.4,,,,,137.0,112.0,,,94.0,,,3.0,,,,,,,,,,,0.0,,0.0,,1.0,,,,,,,,,,,,,,,,,,,,,,,,,,,0.0,1.001,0.0,,,,796.0,,,,,,,,,,,,,media/7CB5B60B-E478-485B-8359-29762DF49795.mp4
13047388265,"Dec 4, 2024, 6:22:49 PM",Morning Walk,Walk,,2835,3.27,118.0,6,false,,,activities/13913527753.fit.gz,,,2835.0,2510.0,3278.8,4.02,1.306,24.8,87.0,7.4,70.0,21.7,-1.8,,,,,118.0,97.0,,,154.0,,,6.0,,,,,,,,,,,,,0.0,,1.0,,,,,,,,,,,,,,,,,,,,,,,,,,,0.0,1.157,0.0,,,,4694.0,,,,,,,,,,,,,""
13054175098,"Dec 5, 2024, 6:32:45 PM",No wine club wine run to new corner store,Run,"",792,1.93,176.0,28,false,,HOKA Clifton 8,activities/13920806201.fit.gz,,,792.0,769.0,1937.2,4.513,2.519,42.2,14.4,13.8,44.0,11.5,1.4,,,,,176.0,163.0,,,117.0,,,28.0,,,,,,,,,,,0.0,,0.0,,1.0,2010.4,,,,,,,,,,,,,,,,14035992.0,,,,,,,,,,0.0,2.446,0.0,,,,2118.0,,,,,2.614,,,,,,,,""
13054175108,"Dec 5, 2024, 6:07:48 PM",Post-meeting run to pick up wine club wine,Run,Sf bike coalition,1068,2.92,167.0,22,false,,HOKA Clifton 8,activities/13920806135.fit.gz,,,1068.0,1024.0,2928.7,4.44,2.86,5.6,83.2,18.2,95.8,5.6,-2.6,,,,,167.0,148.0,,,166.0,,,22.0,,,,,,,,,,,0.0,,0.0,,1.0,2839.6,,,,,,,,,,,,,,,,14035992.0,,,,,,,,,,0.0,2.742,0.0,,,,2980.0,,,,,2.773,,,,,,,,""
13054380569,"Dec 5, 2024, 7:23:50 PM",Valkyries scavenger hunt run,Run,"",1895,2.50,187.0,27,false,,HOKA Clifton 8,activities/13921021815.fit.gz,,,1895.0,1170.0,2502.3,5.02,2.139,95.8,101.0,22.8,107.2,49.0,-0.1,,,,,187.0,155.0,,,170.0,,,27.0,,,,,,,,,,,0.0,,0.0,,1.0,3426.6,,,,,,,,,,,,,,,,14035992.0,,,,,,,,,,0.0,1.32,0.0,,,,3648.0,,,,,2.929,,,,,,,,media/EA904776-BFAB-4713-BB38-E92D9EF28C57.jpg|media/DA90C0CE-109A-47EC-B780-F7FF67C9BAEC.jpg|media/332D5AE5-26E3-4C68-B004-C96F5561392C.jpg|media/77123A5B-208D-4AAE-89D7-D0F9E3214316.jpg
13060927049,"Dec 6, 2024, 7:15:35 PM",[solidcore] first reformer Pilates class,Workout,Ded,2816,0,149.0,11,false,,,activities/13928010060.fit.gz,,,2816.0,2816.0,0.0,0.0,0.0,0.0,0.0,0.0,0.0,0.0,0.0,,,,,149.0,122.0,,,243.0,,,11.0,,,,,,,,,,,0.0,,0.0,,1.0,,,,,,,,,,,,,,,,,,,,,,,,,,,0.0,0.0,0.0,,,,,,,,,,,,,,,,,media/EE9EA6C6-ABA0-4EB9-8060-AEB37056FB75.jpg
13060927077,"Dec 6, 2024, 6:38:24 PM",Run to pilates with bag to return items and water,Run,"",1640,3.85,176.0,37,false,"",HOKA Clifton 8,activities/13928010059.fit.gz,,,1640.0,1425.0,3852.0,5.373,2.703,33.0,86.4,17.0,90.4,13.7,-1.4,,,,,176.0,153.0,,,213.0,,,37.0,,,,,,,,,,,,,0.0,,1.0,3822.6,,,,,,,,,,,,,,,,14035992.0,,,,,,,,,,0.0,2.349,0.0,,,,3944.0,,,,,2.683,,,,,,,,""
13061561442,"Dec 6, 2024, 8:13:10 PM","Walk from Pilates to Catbird, Athleta, Korean grocery store, Whole Foods",Walk,"",6747,5.38,147.0,12,false,"",,activities/13928690243.fit.gz,,,6747.0,4420.0,5386.1,7.15,1.219,187.6,146.4,34.2,109.2,48.6,0.8,,,,,147.0,107.0,,,324.0,,,12.0,,,,,,,,,,,,,0.0,,1.0,,,,,,,,,,,,,,,,,,,,,,,,,,,0.0,0.798,0.0,,,,7928.0,,,,,,,,,,,,,""
13062840786,"Dec 7, 2024, 1:53:37 AM",Walk to cotogna p x parentals,Walk,"",1467,1.44,117.0,1,false,,,activities/13930071149.fit.gz,,,1467.0,820.0,1442.8,8.58,1.76,0.0,14.8,14.8,29.6,13.0,-1.0,,,,,117.0,88.0,,,61.0,,,1.0,,,,,,,,,,,0.0,,0.0,,1.0,,,,,,,,,,,,,,,,,,,,,,,,,,,0.0,0.984,0.0,,,,2050.0,,,,,,,,,,,,,media/1D804966-E683-4B84-BAAE-2695643B9686.jpg
13068969438,"Dec 7, 2024, 11:47:12 PM",Jen singles tennis,Workout,"",4755,0,160.0,48,false,,,activities/13936643608.fit.gz,,,4755.0,4755.0,0.0,0.0,0.0,0.0,0.0,0.0,0.0,0.0,0.0,,,,,160.0,127.0,,,462.0,,,48.0,,,,,,,,,,,0.0,,0.0,,1.0,,,,,,,,,,,,,,,,,,,,,,,,,,,0.0,0.0,0.0,,,,,,,,,,,,,,,,,media/FE43E08F-3FF6-47D8-9F40-9610D11FE7C6.jpg
13068969597,"Dec 7, 2024, 10:39:57 PM",Walk to muni diaries pre-tennis hi Kimee!!,Walk,"",2242,1.70,111.0,2,false,,,activities/13936643747.fit.gz,,,2242.0,1353.0,1704.1,4.03,1.26,3.6,45.8,4.2,46.4,9.9,-2.4,,,,,111.0,90.0,,,71.0,,,2.0,,,,,,,,,,,0.0,,0.0,,1.0,,,,,,,,,,,,,,,,,,,,,,,,,,,0.0,0.76,0.0,,,,1806.0,,,,,,,,,,,,,""
13069127874,"Dec 8, 2024, 1:42:49 AM",Jen and lizzie walk from tennis (Jen to her car),Walk,"",1426,1.12,146.0,3,false,,,activities/13936816051.fit.gz,,,1426.0,1061.0,1126.3,3.02,1.062,88.2,10.8,21.2,108.6,33.3,6.8,,,,,146.0,109.0,,,82.0,,,3.0,,,,,,,,,,,0.0,,0.0,,1.0,,,,,,,,,,,,,,,,,,,,,,,,,,,0.0,0.79,0.0,,,,1336.0,,,,,,,,,,,,,media/50DAD32F-E732-4F98-BD63-9F1717E6EAB3.jpg
13074425246,"Dec 8, 2024, 4:23:15 PM",Hanh jen rina dubs sfsu,Workout,"",7812,0,159.0,28,false,,,activities/13942423628.fit.gz,,,7812.0,7812.0,0.0,0.0,0.0,0.0,0.0,0.0,0.0,0.0,0.0,,,,,159.0,109.0,,,629.0,,,28.0,,,,,,,,,,,0.0,,0.0,,1.0,,,,,,,,,,,,,,,,,,,,,,,,,,,0.0,0.0,0.0,,,,,,,,,,,,,,,,,""
13075665109,"Dec 8, 2024, 10:41:33 PM",Ride to mirrorme photo shoot  with backpack of clothes and shoes,Ride,"",922,2.87,147.0,3,false,,1996 Cannondale M200 SE,activities/13943754102.fit.gz,,11.793,922.0,879.0,2873.2,12.36,3.269,5.8,62.8,3.6,61.2,10.2,-2.0,,,,,147.0,113.0,,,51.0,,,3.0,,,,,,,,,,,0.0,,0.0,,1.0,,,,,,,,,,,,,,,,11490857.0,,,,,,,,,,,0.0,3.116,0.0,,,,,,,,,,,,,,,,,media/B0694CBA-060E-4D4B-99C4-B877C55D6430.jpg
13076128723,"Dec 9, 2024, 12:06:48 AM",Ride from mirrorme photo shoot to books inc for p’s gifts,Ride,"",3268,6.26,151.0,9,false,,1996 Cannondale M200 SE,activities/13944256199.fit.gz,,11.793,3268.0,1809.0,6260.1,9.9,3.461,127.4,33.2,3.2,99.0,46.9,1.5,,,,,151.0,120.0,,,120.0,,,9.0,,,,,,,,,,,0.0,,0.0,,1.0,,,,,,,,,,,,,,,,11490857.0,,,,,,,,,,,0.0,1.916,0.0,,,,,,,,,,,,,,,,,""
13082029394,"Dec 9, 2024, 10:21:54 PM",Post-dinner walk,Walk,"",1255,1.12,133.0,2,false,,,activities/13950528044.fit.gz,,,1255.0,919.0,1126.4,3.859,1.226,9.8,9.8,3.0,12.8,33.3,0.8,,,,,133.0,102.0,,,53.0,,,2.0,,,,,,,,,,,0.0,,0.0,,1.0,,,,,,,,,,,,,,,,,,,,,,,,,,,0.0,0.898,0.0,,,,950.0,,,,,,,,,,,,,""
13083442279,"Dec 10, 2024, 5:17:01 AM",30 min Country Pop Ride with Olivia Amato,Ride,"Total Output: 189.3 kJ
Leaderboard Rank: 39,713 / 60,263",1800,12.80,,,false,,1996 Cannondale M200 SE,activities/13952032407.tcx.gz,,11.793,1800.0,1800.0,12800.2,10.38,7.111,0.0,0.0,0.0,0.0,0.0,0.0,,,122.0,78.0,,,,105.0,267.0,,,,,,,,,,,,118.0,1800.0,0.0,,0.0,,1.0,,,,,,,,,,,,,,,,11490857.0,,,,,,,,,,,0.0,7.111,0.0,,,,,,,57.0,107.0,,,,,,,,,media/a1015af0-10e1-4d37-8c06-f5d631654ff7.jpg|media/4D8E9F4A-E912-46CE-80D6-F6EB8356ABEA.jpg
13083564059,"Dec 9, 2024, 8:56:20 PM",Walk to lunch post-flight,Walk,"",588,0.82,129.0,1,false,,,activities/13952163592.fit.gz,,,588.0,588.0,828.8,5.92,1.409,21.2,21.2,3.4,24.6,11.0,2.2,,,,,129.0,113.0,,,39.0,,,1.0,,,,,,,,,,,0.0,,0.0,,1.0,,,,,,,,,,,,,,,,,,,,,,,,,,,0.0,1.409,0.0,,,,524.0,,,,,,,,,,,,,""
13087283924,"Dec 10, 2024, 4:21:58 PM",Prospect point Vancouver run,Run,Hills for views😭🫡,4466,9.76,175.0,103,false,,HOKA Clifton 8,activities/13956174493.fit.gz,,,4466.0,3981.0,9762.3,4.98,2.452,163.8,176.0,1.2,75.4,48.4,-0.1,,,,,175.0,156.0,,,586.0,,,103.0,,,,,,,,,,,0.0,,0.0,,1.0,10357.2,,,,,,,,,,,,,,,,14035992.0,,,,,,,,,,0.0,2.186,1163.9,,,,10646.0,,,,,2.602,,,,,,,,media/BF650D3C-EF3E-4FEB-BC58-768D3ACEF122.jpg|media/9249FD5A-693D-4B00-ADB7-BF3B1E10ED1A.jpg|media/493111D0-D119-48F1-A30F-65960328F8A2.jpg|media/2609EE20-3E06-4063-A5E5-99B2554F49F6.jpg
13088429444,"Dec 10, 2024, 7:17:08 PM",Lunch Walk to NeurIPS stop for rolls,Walk,"",2997,1.94,145.0,4,false,,,activities/13957375840.fit.gz,,,2997.0,1180.0,1940.7,5.68,1.645,2.2,27.4,11.8,39.2,6.5,-1.2,,,,,145.0,119.0,,,117.0,,,4.0,,,,,,,,,,,0.0,,0.0,,1.0,,,,,,,,,,,,,,,,,,,,,,,,,,,0.0,0.648,0.0,,,,2766.0,,,,,,,,,,,,,media/0E213BDE-291C-4C8A-8908-15786EB0115F.jpg
13094104450,"Dec 11, 2024, 4:39:11 PM",Morning Walk,Walk,,828,0.98,134.0,1,false,,,activities/13963452031.fit.gz,,,828.0,431.0,988.3,7.1,2.293,2.6,0.0,9.8,12.8,14.9,0.3,,,,,134.0,102.0,,,51.0,,,1.0,,,,,,,,,,,,,0.0,,1.0,,,,,,,,,,,,,,,,,,,,,,,,,,,0.0,1.194,0.0,,,,,,,,,,,,,,,,,""
13096151663,"Dec 11, 2024, 9:47:15 PM",Afternoon Walk,Walk,,1346,1.84,112.0,3,false,,,activities/13965643922.fit.gz,,,1346.0,1300.0,1846.0,3.66,1.42,10.0,38.8,6.2,35.0,12.0,-1.5,,,,,112.0,100.0,,,74.0,,,3.0,,,,,,,,,,,,,0.0,,1.0,,,,,,,,,,,,,,,,,,,,,,,,,,,0.0,1.371,35.4,,,,2314.0,,,,,,,,,,,,,""
13096959425,"Dec 12, 2024, 12:22:58 AM",Post-NeurIPS day 2 vancity run,Run,"",1942,5.48,167.0,53,false,,HOKA Clifton 8,activities/13966498467.fit.gz,,,1942.0,1913.0,5484.0,5.66,2.867,55.4,28.4,-22.6,8.8,37.5,0.5,,,,,167.0,156.0,,,315.0,,,53.0,,,,,,,,,,,0.0,,0.0,,1.0,5704.5,,,,,,,,,,,,,,,,14035992.0,,,,,,,,,,0.0,2.824,0.0,,,,5536.0,,,,,2.982,,,,,,,,media/33F1CCB4-3A3A-4BA0-83DE-7CADE2244F0E.jpg
13097493482,"Dec 12, 2024, 3:42:36 AM",30 min Holiday Ride with Cody Rigsby,Ride,"Total Output: 180.5 kJ
Leaderboard Rank: 31,793 / 62,486",1800,12.40,,,false,,1996 Cannondale M200 SE,activities/13967065161.tcx.gz,,11.793,1800.0,1800.0,12406.5,10.56,6.892,0.0,0.0,0.0,0.0,0.0,0.0,,,115.0,75.0,,,,100.0,254.0,,,,,,,,,,,,119.0,1800.0,,,0.0,,1.0,,,,,,,,,,,,,,,,11490857.0,,,,,,,,,,,0.0,6.892,0.0,,,,,,,58.0,108.0,,,,,,,,,media/1c1dba24-ec12-45ad-a5b0-948e71f52555.jpg
13097542282,"Dec 12, 2024, 4:21:49 AM",Run to pick up omakase takeout,Run,"",491,1.15,157.0,8,false,,HOKA Clifton 8,activities/13967116582.fit.gz,,,491.0,471.0,1154.1,4.86,2.45,7.4,7.4,9.8,17.2,6.1,0.6,,,,,157.0,148.0,,,65.0,,,8.0,,,,,,,,,,,0.0,,0.0,,1.0,1169.4,,,,,,,,,,,,,,,,14035992.0,,,,,,,,,,0.0,2.351,0.0,,,,776.0,,,,,2.483,,,,,,,,""
13109154784,"Dec 13, 2024, 8:09:54 PM",Lunch Ride,Ride,,770,2.96,115.0,1,false,,1996 Cannondale M200 SE,activities/13979556633.fit.gz,,11.793,770.0,770.0,2968.1,9.24,3.855,19.0,68.6,14.0,66.6,25.6,-1.7,,,,,115.0,96.0,,,41.0,,,1.0,,,,,,,,,,,,,0.0,,1.0,,,,,,,,,,,,,,,,11490857.0,,,,,,,,,,,0.0,3.855,0.0,,,,,,,,,,,,,,,,,""
13110067736,"Dec 13, 2024, 11:15:09 PM",Afternoon Ride,Ride,,1195,3.75,157.0,8,false,,1996 Cannondale M200 SE,activities/13980532096.fit.gz,,11.793,1195.0,1158.0,3753.4,11.22,3.241,88.4,12.8,14.8,96.8,45.2,2.0,,,,,157.0,126.0,,,79.0,,,8.0,,,,,,,,,,,,,0.0,,1.0,,,,,,,,,,,,,,,,11490857.0,,,,,,,,,,,0.0,3.141,0.0,,,,,,,,,,,,,,,,,""
13117313300,"Dec 14, 2024, 11:08:47 PM",Run to Marina to catbird,Run,Rip wallet x ded post-sorrel tasting menu wine pairing x Fillmore st hill climb?,3467,8.12,183.0,60,false,,HOKA Clifton 8,activities/13988349335.fit.gz,,,3467.0,3300.0,8128.7,5.033,2.463,104.0,136.4,0.4,91.8,39.1,-0.4,,,,,183.0,146.0,,,488.0,,,60.0,,,,,,,,,,,0.0,,0.0,,1.0,8384.9,,,,,,,,,,,,,,,,14035992.0,,,,,,,,,,0.0,2.345,103.0,,,,8866.0,,,,,2.541,,,,,,,,media/502AD9AE-54BF-48E7-BA38-F08297024AFE.jpg
13117395762,"Dec 15, 2024, 12:22:49 AM",Run from catbird to pickup auction wine club wine,Run,"",969,2.17,173.0,16,false,,HOKA Clifton 8,activities/13988437909.fit.gz,,,969.0,876.0,2177.8,4.78,2.486,31.4,40.4,34.4,65.8,29.7,-0.4,,,,,173.0,145.0,,,129.0,,,16.0,,,,,,,,,,,0.0,,0.0,,1.0,2242.9,,,,,,,,,,,,,,,,14035992.0,,,,,,,,,,0.0,2.247,0.0,,,,2410.0,,,,,2.56,,,,,,,,""
13117650191,"Dec 15, 2024, 1:01:29 AM",Walk with wine stop at post script,Walk,"",4853,5.30,136.0,10,false,,,activities/13988715205.fit.gz,,,4853.0,4110.0,5308.8,4.467,1.292,146.0,102.2,44.2,95.4,45.8,0.8,,,,,136.0,101.0,,,280.0,,,10.0,,,,,,,,,,,0.0,,0.0,,1.0,,,,,,,,,,,,,,,,,,,,,,,,,,,0.0,1.094,0.0,,,,6734.0,,,,,,,,,,,,,media/D38A357E-B57D-4C34-919A-5B01C67328B7.jpg
13125023530,"Dec 16, 2024, 1:08:06 AM",Post-shopping made myself go but should’ve been longer run,Run,"",4198,11.13,168.0,101,false,,HOKA Clifton 8,activities/13996584898.fit.gz,,,4198.0,4173.0,11135.2,7.18,2.668,91.8,103.0,3.0,80.4,17.9,-0.1,,,,,168.0,153.0,,,646.0,,,101.0,,,,,,,,,,,0.0,,0.0,,1.0,11274.3,,,,,,,,,,,,,,,,14035992.0,,,,,,,,,,0.0,2.653,0.0,,,,11582.0,,,,,2.702,,,,,,,,media/34063CE9-BF10-4C63-A69C-3663179BA65A.jpg
13131544348,"Dec 17, 2024, 1:05:06 AM",Afternoon HIIT,Workout,,1256,0,164.0,9,false,,,activities/14003586212.fit.gz,,,1256.0,1256.0,0.0,0.0,0.0,0.0,0.0,0.0,0.0,0.0,0.0,,,,,164.0,123.0,,,109.0,,,9.0,,,,,,,,,,,,,0.0,,1.0,,,,,,,,,,,,,,,,,,,,,,,,,,,0.0,0.0,0.0,,,,,,,,,,,,,,,,,""
13136769542,"Dec 17, 2024, 6:49:04 PM",Ride to office to film for boarding school,Ride,"",603,2.76,113.0,1,false,,1996 Cannondale M200 SE,activities/14009163496.fit.gz,,11.793,603.0,603.0,2760.7,14.48,4.578,60.6,134.6,6.8,82.8,32.2,-2.7,,,,,113.0,98.0,,,41.0,,,1.0,,,,,,,,,,,0.0,,0.0,,1.0,,,,,,,,,,,,,,,,11490857.0,,,,,,,,,,,0.0,4.578,0.0,,,,,,,,,,,,,,,,,""
13138957085,"Dec 18, 2024, 1:05:17 AM",First time ride office to bay club,Ride,"",800,3.65,145.0,4,false,,1996 Cannondale M200 SE,activities/14011472659.fit.gz,,11.793,800.0,800.0,3650.7,9.36,4.563,23.2,23.4,-0.8,10.4,33.7,0.0,,,,,145.0,128.0,,,61.0,,,4.0,,,,,,,,,,,0.0,,0.0,,1.0,,,,,,,,,,,,,,,,11490857.0,,,,,,,,,,,0.0,4.563,0.0,,,,,,,,,,,,,,,,,""
13139167940,"Dec 18, 2024, 1:24:25 AM",Bay club spin class ride ty Andres,Ride,"",3292,0,178.0,52,false,,1996 Cannondale M200 SE,activities/14011696736.fit.gz,,11.793,3292.0,3292.0,0.0,0.0,0.0,0.0,0.0,0.0,0.0,0.0,0.0,,,,,178.0,141.0,,,345.0,,,52.0,,,,,,,,,,,0.0,,0.0,,1.0,,,,,,,,,,,,,,,,11490857.0,,,,,,,,,,,0.0,0.0,0.0,,,,,,,,,,,,,,,,,""
13139263583,"Dec 18, 2024, 2:25:52 AM",Bay club ride ride to library back ish,Ride,"",1740,2.12,171.0,8,false,,1996 Cannondale M200 SE,activities/14011798923.fit.gz,,11.793,1740.0,1024.0,2121.4,7.68,2.072,128.6,39.0,6.2,95.8,47.5,4.2,,,,,171.0,130.0,,,52.0,,,8.0,,,,,,,,,,,0.0,,0.0,,1.0,,,,,,,,,,,,,,,,11490857.0,,,,,,,,,,,0.0,1.219,0.0,,,,,,,,,,,,,,,,,""
13151067806,"Dec 19, 2024, 5:22:59 PM",Morning Walk,Walk,,2775,3.22,116.0,5,false,,,activities/14024486408.fit.gz,,,2775.0,2439.0,3225.7,3.28,1.323,23.8,107.6,5.8,91.4,23.7,-2.6,,,,,116.0,96.0,,,142.0,,,5.0,,,,,,,,,,,,,0.0,,1.0,,,,,,,,,,,,,,,,,,,,,,,,,,,0.0,1.162,0.0,,,,4096.0,,,,,,,,,,,,,""
13151067888,"Dec 18, 2024, 8:27:37 PM",Lunch Walk,Walk,,2655,3.52,119.0,6,false,,,activities/14024486311.fit.gz,,,2655.0,2510.0,3526.8,3.273,1.405,21.8,106.4,7.2,91.8,18.9,-2.4,,,,,119.0,98.0,,,143.0,,,6.0,,,,,,,,,,,,,0.0,,1.0,,,,,,,,,,,,,,,,,,,,,,,,,,,0.0,1.328,14.8,,,,3908.0,,,,,,,,,,,,,""
13178412414,"Dec 23, 2024, 7:19:32 PM",Ball machine,Workout,"",3579,0,178.0,52,false,,,activities/14053934361.fit.gz,,,3579.0,3579.0,0.0,0.0,0.0,0.0,0.0,0.0,0.0,0.0,0.0,,,,,178.0,143.0,,,393.0,,,52.0,,,,,,,,,,,0.0,,0.0,,1.0,,,,,,,,,,,,,,,,,,,,,,,,,,,0.0,0.0,0.0,,,,,,,,,,,,,,,,,media/21B5E962-58EA-4B06-ACFA-B5C85AF0FC82.mp4
13183731572,"Dec 24, 2024, 7:21:23 PM",Run to coffee Christmas Eve,Run,"",1073,3.00,184.0,25,false,,HOKA Clifton 8,activities/14059627494.fit.gz,,,1073.0,1065.0,3003.9,5.04,2.821,7.4,67.4,11.0,71.0,5.6,-2.0,,,,,184.0,150.0,,,172.0,,,25.0,,,,,,,,,,,0.0,,0.0,,1.0,2913.5,,,,,,,,,,,,,,,,14035992.0,,,,,,,,,,0.0,2.8,0.0,,,,3050.0,,,,,2.736,,,,,,,,""
13183983842,"Dec 24, 2024, 7:59:37 PM",Walk and talk P,Walk,"",3418,4.31,122.0,9,false,,,activities/14059900049.fit.gz,,,3418.0,3259.0,4313.3,2.587,1.323,90.6,40.4,10.0,71.2,28.2,1.1,,,,,122.0,105.0,,,199.0,,,9.0,,,,,,,,,,,0.0,,0.0,,1.0,,,,,,,,,,,,,,,,,,,,,,,,,,,0.0,1.262,0.0,,,,5314.0,,,,,,,,,,,,,""
13220255202,"Dec 29, 2024, 10:09:15 PM",Walk with joanna to/from bgame ave,Walk,"",11485,8.21,115.0,14,false,,,activities/14099007031.fit.gz,,,11485.0,6589.0,8209.9,2.7,1.246,141.2,139.6,6.4,71.6,43.5,0.0,,,,,115.0,92.0,,,362.0,,,14.0,,,,,,,,,,,0.0,,0.0,,1.0,,,,,,,,,,,,,,,,,,,,,,,,,,,0.0,0.715,21.3,,,,11428.0,,,,,,,,,,,,,media/492E0318-361D-4175-9C37-FE5E214EFFA2.jpg
13226103078,"Dec 30, 2024, 7:11:34 PM",Ball machine x sprints,Workout,"",4569,0,180.0,99,false,,,activities/14105360980.fit.gz,,,4569.0,4569.0,0.0,0.0,0.0,0.0,0.0,0.0,0.0,0.0,0.0,,,,,180.0,148.0,,,532.0,,,99.0,,,,,,,,,,,0.0,,0.0,,1.0,,,,,,,,,,,,,,,,,,,,,,,,,,,0.0,0.0,0.0,,,,,,,,,,,,,,,,,""
13227503097,"Dec 30, 2024, 11:27:24 PM",Walk with Joanna and wombmate,Walk,"",5217,5.80,122.0,12,false,,,activities/14106855694.fit.gz,,,5217.0,4917.0,5800.2,3.173,1.18,103.6,102.0,6.6,85.0,43.5,0.0,,,,,122.0,99.0,,,255.0,,,12.0,,,,,,,,,,,0.0,,0.0,,1.0,,,,,,,,,,,,,,,,,,,,,,,,,,,0.0,1.112,0.0,,,,7934.0,,,,,,,,,,,,,""
13235812005,"Jan 1, 2025, 1:34:44 AM",nye Grace yoga,Yoga,"",4140,0,110.0,6,false,,,activities/14115889831.fit.gz,,,4140.0,4140.0,0.0,0.0,0.0,0.0,0.0,0.0,0.0,0.0,0.0,,,,,110.0,77.0,,,171.0,,,6.0,,,,,,,,,,,0.0,,0.0,,1.0,,,,,,,,,,,,,,,,,,,,,,,,,,,0.0,0.0,0.0,,,,,,,,,,,,,,,,,media/8A31AB19-786E-470B-8D9F-A7C640B0EDE6.jpg
13235812471,"Dec 31, 2024, 9:12:48 PM",Afternoon Walk,Walk,,6528,6.75,139.0,11,false,,,activities/14115890342.fit.gz,,,6528.0,4628.0,6751.6,3.77,1.459,140.6,101.4,50.4,104.4,47.1,0.6,,,,,139.0,100.0,,,329.0,,,11.0,,,,,,,,,,,,,0.0,,1.0,,,,,,,,,,,,,,,,,,,,,,,,,,,0.0,1.034,0.0,,,,9162.0,,,,,,,,,,,,,""
13259904094,"Jan 4, 2025, 1:29:30 AM",Afternoon Walk,Walk,,1472,1.53,122.0,2,false,,,activities/14141859479.fit.gz,,,1472.0,893.0,1536.6,6.3,1.721,36.2,36.2,60.4,94.2,24.4,2.4,,,,,122.0,106.0,,,89.0,,,2.0,,,,,,,,,,,,,0.0,,1.0,,,,,,,,,,,,,,,,,,,,,,,,,,,0.0,1.044,0.0,,,,1864.0,,,,,,,,,,,,,""
13276519839,"Jan 5, 2025, 9:33:43 PM",Easy laps run bc stomach bug,Run,"",1276,3.26,147.0,6,false,,HOKA Clifton 8,activities/14159796080.fit.gz,,,1276.0,1272.0,3263.4,3.85,2.566,20.6,33.8,72.4,92.8,24.5,-0.4,,,,,147.0,133.0,,,189.0,,,6.0,,,,,,,,,,,0.0,,0.0,,1.0,3271.5,,,,,,,,,,,,,,,,14035992.0,,,,,,,,,,0.0,2.558,0.0,,,,3562.0,,,,,2.572,,,,,,,,""
13282884955,"Jan 6, 2025, 5:13:46 PM",Post-warriors loss walk of shame,Walk,"",1376,1.74,120.0,2,false,,,activities/14166702278.fit.gz,,,1376.0,1328.0,1746.2,2.6,1.315,10.2,113.8,38.0,151.8,10.5,-5.9,,,,,120.0,94.0,,,99.0,,,2.0,,,,,,,,,,,0.0,,0.0,,1.0,,,,,,,,,,,,,,,,,,,,,,,,,,,0.0,1.269,0.0,,,,2018.0,,,,,,,,,,,,,""
13286885166,"Jan 7, 2025, 2:52:44 AM",Back @ it dubs,Workout,"",5006,0,164.0,33,false,,,activities/14170945229.fit.gz,,,5006.0,5006.0,0.0,0.0,0.0,0.0,0.0,0.0,0.0,0.0,0.0,,,,,164.0,130.0,,,511.0,,,33.0,,,,,,,,,,,0.0,,0.0,,1.0,,,,,,,,,,,,,,,,,,,,,,,,,,,0.0,0.0,0.0,,,,,,,,,,,,,,,,,""
13292050590,"Jan 7, 2025, 5:50:52 PM",Morning Ride,Ride,,564,2.68,147.0,2,false,,1996 Cannondale M200 SE,activities/14176543961.fit.gz,,11.793,564.0,564.0,2684.8,10.32,4.76,13.4,55.0,7.6,52.8,8.3,-1.6,,,,,147.0,110.0,,,42.0,,,2.0,,,,,,,,,,,,,0.0,,1.0,,,,,,,,,,,,,,,,11490857.0,,,,,,,,,,,0.0,4.76,0.0,,,,,,,,,,,,,,,,,""
13295770666,"Jan 8, 2025, 1:26:15 AM",Spin class bay club,Ride,"",3243,0,189.0,84,false,,1996 Cannondale M200 SE,activities/14180459056.fit.gz,,11.793,3243.0,3243.0,0.0,0.0,0.0,0.0,0.0,0.0,0.0,0.0,0.0,,,,,189.0,151.0,,,403.0,,,84.0,,,,,,,,,,,0.0,,0.0,,1.0,,,,,,,,,,,,,,,,11490857.0,,,,,,,,,,,0.0,0.0,0.0,,,,,,,,,,,,,,,,,""
13295770856,"Jan 8, 2025, 1:10:26 AM",Ride to spin,Ride,"",668,3.30,148.0,6,false,,1996 Cannondale M200 SE,activities/14180459073.fit.gz,,11.793,668.0,668.0,3300.5,7.86,4.941,22.0,23.8,-0.2,6.6,11.9,-0.1,,,,,148.0,133.0,,,58.0,,,6.0,,,,,,,,,,,0.0,,0.0,,1.0,,,,,,,,,,,,,,,,11490857.0,,,,,,,,,,,0.0,4.941,0.0,,,,,,,,,,,,,,,,,""
13295880328,"Jan 8, 2025, 2:26:56 AM",Ride back from bay club,Ride,"",1231,2.53,176.0,23,false,,1996 Cannondale M200 SE,activities/14180575209.fit.gz,,11.793,1231.0,1188.0,2532.6,9.47,2.132,145.2,56.4,5.6,97.8,50.0,3.5,,,,,176.0,143.0,,,72.0,,,23.0,,,,,,,,,,,0.0,,0.0,,1.0,,,,,,,,,,,,,,,,11490857.0,,,,,,,,,,,0.0,2.057,0.0,,,,,,,,,,,,,,,,,""
13302554506,"Jan 8, 2025, 8:24:23 PM",Walk to the orpheum,Walk,"",1487,1.66,108.0,2,false,,,activities/14187733619.fit.gz,,,1487.0,1300.0,1663.7,3.373,1.28,6.0,98.4,14.0,109.8,27.8,-5.5,,,,,108.0,94.0,,,72.0,,,2.0,,,,,,,,,,,0.0,,0.0,,1.0,,,,,,,,,,,,,,,,,,,,,,,,,,,0.0,1.119,0.0,,,,2150.0,,,,,,,,,,,,,""
13304313583,"Jan 9, 2025, 1:08:41 AM",Chinatown festival,Walk,"",1994,1.74,125.0,2,false,,,activities/14189589868.fit.gz,,,1994.0,1155.0,1742.0,4.88,1.508,13.8,13.8,19.0,32.8,13.9,0.1,,,,,125.0,88.0,,,90.0,,,2.0,,,,,,,,,,,0.0,,0.0,,1.0,,,,,,,,,,,,,,,,,,,,,,,,,,,0.0,0.874,0.0,,,,1704.0,,,,,,,,,,,,,media/65254676-C25E-4CD1-93EB-A49C2F37B213.jpg
13312517136,"Jan 9, 2025, 5:56:34 PM",Morning Ride,Ride,,690,3.00,135.0,1,false,,1996 Cannondale M200 SE,activities/14198384964.fit.gz,,11.793,690.0,633.0,3001.0,14.62,4.741,16.4,55.2,6.0,44.8,21.4,-1.3,,,,,135.0,98.0,,,38.0,,,1.0,,,,,,,,,,,,,0.0,,1.0,,,,,,,,,,,,,,,,11490857.0,,,,,,,,,,,0.0,4.349,0.0,,,,,,,,,,,,,,,,,""
13312891765,"Jan 10, 2025, 12:59:17 AM",Afternoon Ride,Ride,,1932,5.93,158.0,13,false,,1996 Cannondale M200 SE,activities/14198779106.fit.gz,,11.793,1932.0,1869.0,5933.7,11.6,3.175,129.6,42.8,7.0,96.4,42.4,1.5,,,,,158.0,127.0,,,124.0,,,13.0,,,,,,,,,,,,,0.0,,1.0,,,,,,,,,,,,,,,,11490857.0,,,,,,,,,,,0.0,3.071,0.0,,,,,,,,,,,,,,,,,""
13321075467,"Jan 11, 2025, 1:34:25 AM",Quick Marina run pre-p burgers,Run,"",3614,8.83,178.0,94,false,,HOKA Clifton 8,activities/14207573235.fit.gz,,,3614.0,3564.0,8834.0,7.22,2.479,92.4,112.6,3.2,89.2,25.5,-0.2,,,,,178.0,156.0,,,527.0,,,94.0,,,,,,,,,,,0.0,,0.0,,1.0,8983.6,,,,,,,,,,,,,,,,14035992.0,,,,,,,,,,0.0,2.444,0.0,,,,9574.0,,,,,2.521,,,,,,,,""
13327478557,"Jan 11, 2025, 6:04:39 PM",Run to bart,Run,"",434,1.26,152.0,1,false,,HOKA Clifton 8,activities/14214455503.fit.gz,,,434.0,431.0,1266.4,5.6,2.938,2.8,82.4,12.2,91.8,5.6,-6.3,,,,,152.0,122.0,,,71.0,,,1.0,,,,,,,,,,,0.0,,0.0,,1.0,1197.1,,,,,,,,,,,,,,,,14035992.0,,,,,,,,,,0.0,2.918,87.0,,,,1238.0,,,,,2.777,,,,,,,,""
13328248278,"Jan 11, 2025, 6:38:52 PM",Run to group run,Run,"",1078,2.59,165.0,24,false,,HOKA Clifton 8,activities/14215288322.fit.gz,,,1078.0,1045.0,2590.0,5.04,2.478,2.8,5.4,3.8,9.2,6.4,-0.1,,,,,165.0,151.0,,,150.0,,,24.0,,,,,,,,,,,0.0,,0.0,,1.0,2597.2,,,,,,,,,,,,,,,,14035992.0,,,,,,,,,,0.0,2.403,123.3,,,,2914.0,,,,,2.485,,,,,,,,""
13328248537,"Jan 11, 2025, 7:27:54 PM",Bam group run,Run,"",2140,5.12,160.0,40,false,,HOKA Clifton 8,activities/14215288462.fit.gz,,,2140.0,2135.0,5121.4,3.93,2.399,8.6,8.2,3.4,7.4,6.6,0.0,,,,,160.0,146.0,,,291.0,,,40.0,,,,,,,,,,,0.0,,0.0,,1.0,5134.2,,,,,,,,,,,,,,,,14035992.0,,,,,,,,,,0.0,2.393,71.8,,,,5966.0,,,,,2.405,,,,,,,,media/1AEEE6EB-C767-47AA-AFAD-5C54620F9B2F.jpg|media/C129D029-C791-4998-811C-6F53467041D9.jpg
13330074201,"Jan 11, 2025, 10:56:50 PM",Afternoon Walk,Walk,,957,1.13,108.0,0,false,,,activities/14217248496.fit.gz,,,957.0,316.0,1132.0,4.886,3.582,2.6,3.6,91.0,94.8,7.0,-0.3,,,,,108.0,106.0,,,96.0,,,0.0,,,,,,,,,,,,,0.0,,1.0,,,,,,,,,,,,,,,,,,,,,,,,,,,0.0,1.183,0.0,,,,648.0,,,,,,,,,,,,,""
13330074404,"Jan 12, 2025, 1:44:49 AM",Walk to daeho,Walk,"",1365,1.74,128.0,3,false,,,activities/14217248731.fit.gz,,,1365.0,1275.0,1746.2,2.645,1.37,31.8,62.2,51.0,94.0,46.0,-1.7,,,,,128.0,104.0,,,80.0,,,3.0,,,,,,,,,,,0.0,,0.0,,1.0,,,,,,,,,,,,,,,,,,,,,,,,,,,0.0,1.279,0.0,,,,2264.0,,,,,,,,,,,,,""
13337194933,"Jan 12, 2025, 6:05:00 PM",Run to bart to take parents to airport,Run,I’m late,478,1.30,168.0,11,false,,HOKA Clifton 8,activities/14224915602.fit.gz,,,478.0,409.0,1304.8,5.259,3.19,0.0,0.0,10.4,39.8,1.6,-2.3,,,,,168.0,156.0,,,70.0,,,11.0,,,,,,,,,,,0.0,,0.0,,1.0,1243.1,,,,,,,,,,,,,,,,14035992.0,,,,,,,,,,0.0,2.73,222.4,,,,706.0,,,,,3.039,,,,,,,,""
13339666932,"Jan 12, 2025, 11:29:40 PM",Ride to Ocean beach park x catbird,Ride,"",7691,30.41,177.0,38,false,,1996 Cannondale M200 SE,activities/14227570346.fit.gz,,11.793,7691.0,6773.0,30417.3,11.34,4.491,304.2,278.6,6.4,94.6,41.7,0.1,,,,,177.0,122.0,,,591.0,,,38.0,,,,,,,,,,,0.0,,0.0,,1.0,,,,,,,,,,,,,,,,11490857.0,,,,,,,,,,,0.0,3.955,0.0,,,,,,,,,,,,,,,,,media/EA22AD59-0D34-498D-8A4E-63F5FC79843B.mp4|media/62D8ABA3-7CFB-4E11-9CBA-B5FE931618C2.mp4|media/66A084EC-FFCC-40CE-B11A-7B8164444EBD.mp4
13348414002,"Jan 14, 2025, 12:33:55 AM",Quick miles before Grace light show and four kings res bc cursor was not cursor-ing,Run,"",2916,6.95,174.0,84,false,,HOKA Clifton 8,activities/14236972831.fit.gz,,,2916.0,2890.0,6954.4,4.92,2.406,116.8,114.4,15.4,107.2,23.1,0.0,,,,,174.0,158.0,,,424.0,,,84.0,,,,,,,,,,,0.0,,0.0,,1.0,7226.9,,,,,,,,,,,,,,,,14035992.0,,,,,,,,,,0.0,2.385,20.9,,,,7624.0,,,,,2.501,,,,,,,,""
13358262311,"Jan 15, 2025, 2:22:29 AM",Evening Yoga,Yoga,,3941,0,117.0,6,false,,,activities/14247508584.fit.gz,,,3941.0,3941.0,0.0,0.0,0.0,0.0,0.0,0.0,0.0,0.0,0.0,,,,,117.0,83.0,,,165.0,,,6.0,,,,,,,,,,,,,0.0,,1.0,,,,,,,,,,,,,,,,,,,,,,,,,,,0.0,0.0,0.0,,,,,,,,,,,,,,,,,""
13367024956,"Jan 16, 2025, 1:21:31 AM",Ride back P left early,Ride,"",1911,4.88,152.0,8,false,,1996 Cannondale M200 SE,activities/14256897112.fit.gz,,11.793,1911.0,1767.0,4887.5,8.9,2.766,119.8,30.8,7.2,96.2,38.4,1.8,,,,,152.0,121.0,,,104.0,,,8.0,,,,,,,,,,,0.0,,0.0,,1.0,,,,,,,,,,,,,,,,11490857.0,,,,,,,,,,,0.0,2.558,228.7,,,,,,,,,,,,,,,,,""
13367730116,"Jan 15, 2025, 5:54:25 PM",Morning Ride,Ride,,646,2.73,155.0,2,false,,1996 Cannondale M200 SE,activities/14257665797.fit.gz,,11.793,646.0,631.0,2737.9,10.5,4.339,18.4,68.0,6.4,56.0,21.6,-1.8,,,,,155.0,114.0,,,47.0,,,2.0,,,,,,,,,,,,,0.0,,1.0,,,,,,,,,,,,,,,,11490857.0,,,,,,,,,,,0.0,4.238,0.0,,,,,,,,,,,,,,,,,""
13367730343,"Jan 15, 2025, 1:00:49 AM",Afternoon Ride,Ride,,1635,5.00,166.0,16,false,,1996 Cannondale M200 SE,activities/14257666021.fit.gz,,11.793,1635.0,1578.0,5001.3,8.18,3.169,115.6,29.8,7.6,94.6,45.1,1.7,,,,,166.0,132.0,,,118.0,,,16.0,,,,,,,,,,,,,0.0,,1.0,,,,,,,,,,,,,,,,11490857.0,,,,,,,,,,,0.0,3.059,234.6,,,,,,,,,,,,,,,,,""
13367730390,"Jan 14, 2025, 5:42:45 PM",Morning Ride,Ride,,713,2.60,139.0,2,false,,1996 Cannondale M200 SE,activities/14257666080.fit.gz,,11.793,713.0,690.0,2603.3,10.1,3.773,13.6,55.0,6.0,47.4,7.4,-1.6,,,,,139.0,106.0,,,56.0,,,2.0,,,,,,,,,,,,,0.0,,1.0,,,,,,,,,,,,,,,,11490857.0,,,,,,,,,,,0.0,3.651,0.0,,,,,,,,,,,,,,,,,""
13375488102,"Jan 17, 2025, 1:07:36 AM",Walk to moma,Walk,"",1126,1.28,111.0,3,false,,,activities/14265978912.fit.gz,,,1126.0,1083.0,1288.8,7.261,1.19,2.4,2.4,8.4,11.4,9.5,-0.1,,,,,111.0,105.0,,,59.0,,,3.0,,,,,,,,,,,0.0,,0.0,,1.0,,,,,,,,,,,,,,,,,,,,,,,,,,,0.0,1.145,0.0,,,,1100.0,,,,,,,,,,,,,""
13383147643,"Jan 18, 2025, 12:06:41 AM",Quick swim pre-brewery post-Muir beach,Swim,"",1384,236,148.0,3,false,,,activities/14274291796.fit.gz,,,1384.0,1384.0,235.8,2.264,0.17,20.8,24.0,74.2,87.4,48.9,1.6,,,,,148.0,113.0,,,145.0,,,3.0,,,,,,,,,,,0.0,,0.0,,1.0,,,,,,,,,,,,,,,,,,,,,,,,,,,0.0,0.17,0.0,,,,,,,,,,,,,,,,,""
13383147686,"Jan 17, 2025, 10:29:12 PM",Afternoon Walk,Walk,,562,0.33,99.0,0,false,,,activities/14274291845.fit.gz,,,562.0,379.0,330.3,1.62,0.871,28.2,28.2,131.4,147.6,38.7,1.6,,,,,99.0,88.0,,,21.0,,,0.0,,,,,,,,,,,,,0.0,,1.0,,,,,,,,,,,,,,,,,,,,,,,,,,,0.0,0.588,330.3,,,,148.0,,,,,,,,,,,,,""
13391228104,"Jan 18, 2025, 5:27:50 PM","Mixed dubs my ass was handed to me, Kenneth good tho",Workout,"",3985,0,168.0,26,false,,,activities/14283029073.fit.gz,,,3985.0,3985.0,0.0,0.0,0.0,0.0,0.0,0.0,0.0,0.0,0.0,,,,,168.0,126.0,,,379.0,,,26.0,,,,,,,,,,,0.0,,0.0,,1.0,,,,,,,,,,,,,,,,,,,,,,,,,,,0.0,0.0,0.0,,,,,,,,,,,,,,,,,""
13391228121,"Jan 18, 2025, 4:43:19 PM",Bike to mixed dubs practice early,Ride,"",1365,5.94,156.0,9,false,,1996 Cannondale M200 SE,activities/14283029069.fit.gz,,11.793,1365.0,1365.0,5947.5,12.46,4.357,73.0,78.2,21.4,79.8,22.2,-0.1,,,,,156.0,124.0,,,109.0,,,9.0,,,,,,,,,,,0.0,,0.0,,1.0,,,,,,,,,,,,,,,,11490857.0,,,,,,,,,,,0.0,4.357,0.0,,,,,,,,,,,,,,,,,""
13392504897,"Jan 18, 2025, 11:46:35 PM",Run to Nijiya for hot pot materials,Run,"",723,1.68,164.0,8,false,,HOKA Clifton 8,activities/14284407517.fit.gz,,,723.0,698.0,1685.3,3.82,2.414,22.0,58.2,51.8,92.2,15.2,-2.2,,,,,164.0,133.0,,,104.0,,,8.0,,,,,,,,,,,0.0,,0.0,,1.0,1677.0,,,,,,,,,,,,,,,,14035992.0,,,,,,,,,,0.0,2.331,0.0,,,,1878.0,,,,,2.403,,,,,,,,""
13392628709,"Jan 19, 2025, 1:09:09 AM",Afternoon Walk,Walk,,2117,1.96,138.0,5,false,,,activities/14284542382.fit.gz,,,2117.0,1626.0,1964.7,6.694,1.208,50.0,3.4,48.8,95.4,19.3,2.4,,,,,138.0,112.0,,,126.0,,,5.0,,,,,,,,,,,,,0.0,,1.0,,,,,,,,,,,,,,,,,,,,,,,,,,,0.0,0.928,0.0,,,,2856.0,,,,,,,,,,,,,""
13401496470,"Jan 19, 2025, 7:10:57 PM",Lunch Ride,Ride,,1393,6.05,169.0,22,false,,1996 Cannondale M200 SE,activities/14294125708.fit.gz,,11.793,1393.0,1376.0,6058.5,10.98,4.403,78.6,90.8,20.8,87.4,21.2,-0.2,,,,,169.0,140.0,,,131.0,,,22.0,,,,,,,,,,,,,0.0,,1.0,,,,,,,,,,,,,,,,11490857.0,,,,,,,,,,,0.0,4.349,0.0,,,,,,,,,,,,,,,,,""
13401496599,"Jan 19, 2025, 8:22:46 PM",Lunch Tennis,Workout,,3840,0,159.0,31,false,,,activities/14294125790.fit.gz,,,3840.0,3840.0,0.0,0.0,0.0,0.0,0.0,0.0,0.0,0.0,0.0,,,,,159.0,133.0,,,397.0,,,31.0,,,,,,,,,,,,,0.0,,1.0,,,,,,,,,,,,,,,,,,,,,,,,,,,0.0,0.0,0.0,,,,,,,,,,,,,,,,,""
13401496632,"Jan 19, 2025, 10:20:23 PM",Afternoon Ride,Ride,,1798,6.30,168.0,21,false,,1996 Cannondale M200 SE,activities/14294125794.fit.gz,,11.793,1798.0,1709.0,6305.7,10.5,3.69,92.4,69.2,19.2,97.2,17.0,0.4,,,,,168.0,136.0,,,137.0,,,21.0,,,,,,,,,,,,,0.0,,1.0,,,,,,,,,,,,,,,,11490857.0,,,,,,,,,,,0.0,3.507,0.0,,,,,,,,,,,,,,,,,""
13410878064,"Jan 21, 2025, 2:36:38 AM",Devin tennis,Workout,"",8219,0,172.0,104,false,,,activities/14304317584.fit.gz,,,8219.0,8219.0,0.0,0.0,0.0,0.0,0.0,0.0,0.0,0.0,0.0,,,,,172.0,139.0,,,924.0,,,104.0,,,,,,,,,,,0.0,,0.0,,1.0,,,,,,,,,,,,,,,,,,,,,,,,,,,0.0,0.0,0.0,,,,,,,,,,,,,,,,,""
13410878074,"Jan 21, 2025, 2:19:36 AM",Run to tennis,Run,"",750,1.56,146.0,6,false,,HOKA Clifton 8,activities/14304317587.fit.gz,,,750.0,727.0,1563.3,4.24,2.15,4.2,4.2,4.4,15.2,14.1,-0.4,,,,,146.0,137.0,,,83.0,,,6.0,,,,,,,,,,,0.0,,0.0,,1.0,1505.1,,,,,,,,,,,,,,,,14035992.0,,,,,,,,,,0.0,2.084,0.0,,,,1740.0,,,,,2.07,,,,,,,,""
13410936787,"Jan 21, 2025, 5:02:11 AM",Post-tennis walk,Walk,"",1417,1.60,144.0,6,false,,,activities/14304383263.fit.gz,,,1417.0,1229.0,1605.8,5.7,1.307,78.6,0.0,16.6,95.2,25.6,5.0,,,,,144.0,119.0,,,105.0,,,6.0,,,,,,,,,,,0.0,,0.0,,1.0,,,,,,,,,,,,,,,,,,,,,,,,,,,0.0,1.133,11.1,,,,2288.0,,,,,,,,,,,,,""
13419798751,"Jan 22, 2025, 2:18:34 AM",Evening Yoga,Yoga,,3990,0,129.0,7,false,,,activities/14313891334.fit.gz,,,3990.0,3990.0,0.0,0.0,0.0,0.0,0.0,0.0,0.0,0.0,0.0,,,,,129.0,86.0,,,173.0,,,7.0,,,,,,,,,,,,,0.0,,1.0,,,,,,,,,,,,,,,,,,,,,,,,,,,0.0,0.0,0.0,,,,,,,,,,,,,,,,,""
13420279584,"Jan 22, 2025, 5:00:34 AM",Lindsay + lizzie vs Clarissa + Emily dubs,Workout,"",3592,0,164.0,27,false,,,activities/14314420792.fit.gz,,,3592.0,3592.0,0.0,0.0,0.0,0.0,0.0,0.0,0.0,0.0,0.0,,,,,164.0,133.0,,,376.0,,,27.0,,,,,,,,,,,0.0,,0.0,,1.0,,,,,,,,,,,,,,,,,,,,,,,,,,,0.0,0.0,0.0,,,,,,,,,,,,,,,,,""
13424914224,"Jan 22, 2025, 5:51:08 PM",Morning Ride,Ride,,658,2.65,139.0,1,false,,1996 Cannondale M200 SE,activities/14319468971.fit.gz,,11.793,658.0,642.0,2650.1,9.84,4.128,15.4,64.2,7.2,56.0,26.1,-1.8,,,,,139.0,103.0,,,44.0,,,1.0,,,,,,,,,,,,,0.0,,1.0,,,,,,,,,,,,,,,,11490857.0,,,,,,,,,,,0.0,4.028,0.0,,,,,,,,,,,,,,,,,""
13428109423,"Jan 23, 2025, 1:08:56 AM",Afternoon Ride,Ride,,1290,2.94,160.0,10,false,,1996 Cannondale M200 SE,activities/14322864372.fit.gz,,11.793,1290.0,1259.0,2944.7,7.715,2.339,93.4,21.2,2.0,76.2,40.9,2.5,,,,,160.0,128.0,,,72.0,,,10.0,,,,,,,,,,,,,0.0,,1.0,,,,,,,,,,,,,,,,11490857.0,,,,,,,,,,,0.0,2.283,0.0,,,,,,,,,,,,,,,,,""
13451385245,"Jan 25, 2025, 6:01:01 PM",Sectionals dubs tennis match #1,Workout,"",5213,0,183.0,75,false,,,activities/14348160456.fit.gz,,,5213.0,5213.0,0.0,0.0,0.0,0.0,0.0,0.0,0.0,0.0,0.0,,,,,183.0,142.0,,,596.0,,,75.0,,,,,,,,,,,0.0,,0.0,,1.0,,,,,,,,,,,,,,,,,,,,,,,,,,,0.0,0.0,0.0,,,,,,,,,,,,,,,,,""
13453946310,"Jan 25, 2025, 11:25:53 PM",Sectionals match #2 dubs Amy,Workout,P and P’s mom x chad x Calvin x Sandy Watch!,5259,0,182.0,159,false,,,activities/14350969228.fit.gz,,,5259.0,5259.0,0.0,0.0,0.0,0.0,0.0,0.0,0.0,0.0,0.0,,,,,182.0,157.0,,,704.0,,,159.0,,,,,,,,,,,0.0,,0.0,,1.0,,,,,,,,,,,,,,,,,,,,,,,,,,,0.0,0.0,0.0,,,,,,,,,,,,,,,,,""
13462767491,"Jan 27, 2025, 1:40:53 AM",Crashed bay club mixed dubs 9.0 practice,Workout,"When Jen K asks at 11pm the night before, you say yes",5359,0,155.0,25,false,,,activities/14360600980.fit.gz,,,5359.0,5359.0,0.0,0.0,0.0,0.0,0.0,0.0,0.0,0.0,0.0,,,,,155.0,123.0,,,497.0,,,25.0,,,,,,,,,,,0.0,,0.0,,1.0,,,,,,,,,,,,,,,,,,,,,,,,,,,0.0,0.0,0.0,,,,,,,,,,,,,,,,,""
13470144007,"Jan 27, 2025, 11:05:36 PM",Run to zero& for 2good2go pickup,Run,Feat union st climb,2814,7.67,169.0,68,false,,HOKA Clifton 8,activities/14368675814.fit.gz,,,2814.0,2775.0,7671.5,5.88,2.764,58.6,126.4,2.8,97.2,17.6,-0.9,,,,,169.0,153.0,,,450.0,,,68.0,,,,,,,,,,,0.0,,0.0,,1.0,7652.2,,,,,,,,,,,,,,,,14035992.0,,,,,,,,,,0.0,2.726,0.0,,,,7820.0,,,,,2.758,,,,,,,,""
13476486988,"Jan 28, 2025, 6:04:35 PM",Morning Ride,Ride,,551,3.06,150.0,2,false,,1996 Cannondale M200 SE,activities/14375595626.fit.gz,,11.793,551.0,551.0,3060.9,12.64,5.555,19.2,62.2,4.6,49.2,30.9,-1.4,,,,,150.0,112.0,,,40.0,,,2.0,,,,,,,,,,,,,0.0,,1.0,,,,,,,,,,,,,,,,11490857.0,,,,,,,,,,,0.0,5.555,0.0,,,,,,,,,,,,,,,,,""
13476487475,"Jan 28, 2025, 12:03:05 AM",Afternoon Walk,Walk,,5963,2.99,140.0,7,false,,,activities/14375596212.fit.gz,,,5963.0,2230.0,2997.4,6.929,1.344,96.8,67.4,48.4,107.6,22.1,0.8,,,,,140.0,115.0,,,182.0,,,7.0,,,,,,,,,,,,,0.0,,1.0,,,,,,,,,,,,,,,,,,,,,,,,,,,0.0,0.503,0.0,,,,3924.0,,,,,,,,,,,,,""
13479554113,"Jan 29, 2025, 12:11:00 AM",Afternoon Ride,Ride,,1012,3.04,171.0,18,false,,1996 Cannondale M200 SE,activities/14378868016.fit.gz,,11.793,1012.0,993.0,3039.4,11.84,3.061,80.0,14.6,6.4,75.0,34.5,2.1,,,,,171.0,146.0,,,82.0,,,18.0,,,,,,,,,,,,,0.0,,1.0,,,,,,,,,,,,,,,,11490857.0,,,,,,,,,,,0.0,3.003,0.0,,,,,,,,,,,,,,,,,""
13480410293,"Jan 29, 2025, 2:06:59 AM",Mixed dubs tennis practice,Workout,"",5116,0,146.0,21,false,,,activities/14379780530.fit.gz,,,5116.0,5116.0,0.0,0.0,0.0,0.0,0.0,0.0,0.0,0.0,0.0,,,,,146.0,121.0,,,475.0,,,21.0,,,,,,,,,,,0.0,,0.0,,1.0,,,,,,,,,,,,,,,,,,,,,,,,,,,0.0,0.0,0.0,,,,,,,,,,,,,,,,,""
13488978438,"Jan 30, 2025, 12:55:27 AM",See P as I’m leaving en route to library drop off and yelp elite event,Walk,"",1787,2.63,117.0,4,false,,,activities/14389105465.fit.gz,,,1787.0,1756.0,2636.1,3.76,1.501,16.2,92.8,5.4,91.0,30.1,-2.9,,,,,117.0,104.0,,,113.0,,,4.0,,,,,,,,,,,0.0,,0.0,,1.0,,,,,,,,,,,,,,,,,,,,,,,,,,,0.0,1.475,0.0,,,,3416.0,,,,,,,,,,,,,""
13489318398,"Jan 30, 2025, 2:22:00 AM",Night walk post-wines yelp elite event p trivia,Walk,"",1514,1.73,147.0,6,false,,,activities/14389469816.fit.gz,,,1514.0,1485.0,1732.2,3.06,1.166,87.8,0.0,5.0,92.8,39.5,5.0,,,,,147.0,119.0,,,125.0,,,6.0,,,,,,,,,,,0.0,,0.0,,1.0,,,,,,,,,,,,,,,,,,,,,,,,,,,0.0,1.144,0.0,,,,1744.0,,,,,,,,,,,,,""
13512176734,"Feb 1, 2025, 4:12:24 PM",Explore Stockholm and stop for pics and postcards,Run,"",4455,7.20,165.0,52,false,,HOKA Clifton 8,activities/14414378413.fit.gz,,,4455.0,3089.0,7206.4,4.82,2.333,45.0,40.6,3.6,18.8,41.7,0.1,,,,,165.0,145.0,,,412.0,,,52.0,,,,,,,,,,,0.0,,0.0,,1.0,8133.4,,,,,,,,,,,,,,,,14035992.0,,,,,,,,,,0.0,1.618,4.1,,,,9526.0,,,,,2.633,,,,,,,,media/18F6EE54-A87E-4A34-91B7-8F6DCA19BF14.jpg|media/91BCBCD2-E82B-4512-BFBF-59EF18A88023.jpg
13518136358,"Feb 2, 2025, 10:28:37 AM",Lunch Walk,Walk,,1808,2.46,108.0,4,false,,,activities/14420945307.fit.gz,,,1808.0,1776.0,2464.5,2.86,1.388,12.8,20.2,2.8,12.2,10.5,-0.3,,,,,108.0,97.0,,,98.0,,,4.0,,,,,,,,,,,,,0.0,,1.0,,,,,,,,,,,,,,,,,,,,,,,,,,,0.0,1.363,69.5,,,,2524.0,,,,,,,,,,,,,""
13519343763,"Feb 2, 2025, 12:41:17 PM",Afternoon Walk,Walk,,2864,3.30,135.0,7,false,,,activities/14422260305.fit.gz,,,2864.0,2525.0,3308.5,2.48,1.31,30.8,29.8,2.4,16.0,39.4,0.0,,,,,135.0,108.0,,,173.0,,,7.0,,,,,,,,,,,,,0.0,,1.0,,,,,,,,,,,,,,,,,,,,,,,,,,,0.0,1.155,194.0,,,,4098.0,,,,,,,,,,,,,""
13549031455,"Feb 5, 2025, 6:17:01 PM",Evening Walk,Walk,,799,1.10,121.0,2,false,,,activities/14454776820.fit.gz,,,799.0,799.0,1106.8,2.63,1.385,17.2,0.0,5.2,22.4,8.9,1.6,,,,,121.0,109.0,,,49.0,,,2.0,,,,,,,,,,,,,0.0,,1.0,,,,,,,,,,,,,,,,,,,,,,,,,,,0.0,1.385,0.0,,,,,,,,,,,,,,,,,""
13550214673,"Feb 5, 2025, 8:29:18 PM",Night Walk,Walk,,555,0.99,157.0,5,false,,,activities/14456040192.fit.gz,,,555.0,555.0,989.8,3.24,1.783,2.2,17.2,6.6,21.8,9.2,-1.5,,,,,157.0,133.0,,,52.0,,,5.0,,,,,,,,,,,,,0.0,,1.0,,,,,,,,,,,,,,,,,,,,,,,,,,,0.0,1.783,0.0,,,,852.0,,,,,,,,,,,,,""
13555330985,"Feb 6, 2025, 11:42:57 AM",Didn’t track morning ski post-lunch conference speakers ski trip,Alpine Ski,🇸🇪❤️🫡,4794,0,147.0,21,false,,,activities/14461643907.fit.gz,,,4794.0,4794.0,0.0,0.0,0.0,0.0,0.0,0.0,0.0,0.0,0.0,,,,,147.0,123.0,,,356.0,,,21.0,,0,,,,,,,,,0.0,,0.0,,1.0,,,,,,,,,,,,,,,,,,,,,,,,,,,0.0,0.0,0.0,,,,,,,,,,,,,,,,,media/F1E80875-2982-4385-A75D-305E889427F5.jpg|media/772A204B-05CF-4741-9071-CF223D066CB9.mp4
13557423685,"Feb 6, 2025, 5:24:33 PM",First and last Sweden Swim,Swim,"",720,141,135.0,3,false,,,activities/14463957027.fit.gz,,,720.0,720.0,140.8,1.667,0.196,0.0,0.0,0.0,0.0,0.0,0.0,,,,,135.0,105.0,,,127.0,,,3.0,,,,,,,,,,,0.0,,0.0,,1.0,,,,,,,,,,,,,,,,,,,,,,,,,,,0.0,0.196,0.0,,,,,,,,,,,,,,,,,media/E8906F0A-934E-48C5-93B6-01F517BAB264.jpg
13565051388,"Feb 7, 2025, 2:28:35 PM",Copenhagen knit store walk,Walk,"",2577,2.96,157.0,7,false,,,activities/14472318740.fit.gz,,,2577.0,2338.0,2967.4,3.32,1.269,25.6,18.2,5.0,14.0,29.7,0.2,,,,,157.0,104.0,,,114.0,,,7.0,,,,,,,,,,,0.0,,0.0,,1.0,,,,,,,,,,,,,,,,,,,,,,,,,,,0.0,1.151,0.0,,,,3680.0,,,,,,,,,,,,,""
13571473065,"Feb 8, 2025, 11:14:09 AM",Lunch Walk,Walk,,1038,1.02,117.0,2,false,,,activities/14479356626.fit.gz,,,1038.0,837.0,1020.2,7.117,1.219,0.0,2.0,3.8,6.0,2.9,-0.2,,,,,117.0,105.0,,,39.0,,,2.0,,,,,,,,,,,,,0.0,,1.0,,,,,,,,,,,,,,,,,,,,,,,,,,,0.0,0.983,0.0,,,,690.0,,,,,,,,,,,,,""
13571473471,"Feb 7, 2025, 4:29:15 PM",Afternoon Walk,Walk,,3039,1.67,108.0,4,false,,,activities/14479357080.fit.gz,,,3039.0,1488.0,1671.0,2.293,1.123,18.6,20.4,-5.8,12.4,48.9,-0.1,,,,,108.0,104.0,,,69.0,,,4.0,,,,,,,,,,,,,0.0,,1.0,,,,,,,,,,,,,,,,,,,,,,,,,,,0.0,0.55,0.0,,,,3058.0,,,,,,,,,,,,,""
13579742126,"Feb 9, 2025, 9:56:33 AM",Morning Walk,Walk,,1263,1.47,93.0,2,false,,,activities/14488448169.fit.gz,,,1263.0,1263.0,1476.4,2.46,1.169,35.6,47.8,29.2,43.6,30.4,-0.8,,,,,93.0,84.0,,,61.0,,,2.0,,,,,,,,,,,,,0.0,,1.0,,,,,,,,,,,,,,,,,,,,,,,,,,,0.0,1.169,9.2,,,,1140.0,,,,,,,,,,,,,""
13581827924,"Feb 9, 2025, 11:41:49 AM",Lunch Walk,Walk,,4744,1.79,105.0,2,false,,,activities/14490694438.fit.gz,,,4744.0,1409.0,1795.6,5.87,1.274,24.2,14.0,29.6,41.4,32.1,0.4,,,,,105.0,94.0,,,78.0,,,2.0,,,,,,,,,,,,,0.0,,1.0,,,,,,,,,,,,,,,,,,,,,,,,,,,0.0,0.379,0.0,,,,4076.0,,,,,,,,,,,,,""
13589766910,"Feb 10, 2025, 11:24:25 AM",Lunch Walk,Walk,,3421,3.61,130.0,5,false,,,activities/14499478749.fit.gz,,,3421.0,2988.0,3609.3,5.696,1.208,67.0,41.2,30.8,77.0,48.1,0.7,,,,,130.0,89.0,,,163.0,,,5.0,,,,,,,,,,,,,0.0,,1.0,,,,,,,,,,,,,,,,,,,,,,,,,,,0.0,1.055,82.1,,,,5500.0,,,,,,,,,,,,,""
13592203774,"Feb 10, 2025, 5:34:42 PM",30 min Country Ride with Ally Love,Ride,"Total Output: 180.2 kJ
Leaderboard Rank: 34,228 / 59,214",1800,12.58,,,false,,1996 Cannondale M200 SE,activities/14502182170.tcx.gz,,11.793,1800.0,1800.0,12588.5,10.26,6.994,0.0,0.0,0.0,0.0,0.0,0.0,,,109.0,73.0,,,,100.0,254.0,,,,,,,,,,,,117.0,1801.0,,,0.0,,1.0,,,,,,,,,,,,,,,,11490857.0,,,,,,,,,,,0.0,6.994,0.0,,,,,,,56.0,106.0,,,,,,,,,media/00bc74a3-53a9-4ed3-9c85-760877df4c9b.jpg
13599077110,"Feb 11, 2025, 11:05:46 AM",Lunch Walk,Walk,,7937,4.35,118.0,7,false,,,activities/14509668560.fit.gz,,,7937.0,4251.0,4350.7,5.12,1.023,83.0,100.8,58.6,97.0,44.8,-0.4,,,,,118.0,81.0,,,203.0,,,7.0,,,,,,,,,,,,,0.0,,1.0,,,,,,,,,,,,,,,,,,,,,,,,,,,0.0,0.548,0.0,,,,7484.0,,,,,,,,,,,,,""
13609322846,"Feb 12, 2025, 2:17:43 PM",Afternoon Walk,Walk,,6113,1.62,116.0,2,false,,,activities/14520817225.fit.gz,,,6113.0,1391.0,1627.9,4.215,1.17,35.0,49.4,47.4,78.4,49.4,-0.6,,,,,116.0,93.0,,,72.0,,,2.0,,,,,,,,,,,,,0.0,,1.0,,,,,,,,,,,,,,,,,,,,,,,,,,,0.0,0.266,34.8,,,,3394.0,,,,,,,,,,,,,""
13610187980,"Feb 12, 2025, 5:24:26 PM",30 min Pop Ride with Cody Rigsby,Ride,"Total Output: 180.7 kJ
Leaderboard Rank: 27,991 / 56,435",1800,12.18,,,false,,1996 Cannondale M200 SE,activities/14521753127.tcx.gz,,11.793,1800.0,1800.0,12183.2,11.08,6.768,0.0,0.0,0.0,0.0,0.0,0.0,,,129.0,74.0,,,,100.0,255.0,,,,,,,,,,,,121.0,1757.0,,,0.0,,1.0,,,,,,,,,,,,,,,,11490857.0,,,,,,,,,,,0.0,6.768,0.0,,,,,,,59.0,110.0,,,,,,,,,media/50b60988-2bad-4022-9552-155329d9700a.jpg
13610307065,"Feb 12, 2025, 5:56:26 PM",10 min Arms & Light Weights with Cody Rigsby,Workout,,600,0,,,false,,,activities/14521881408.tcx.gz,,,600.0,600.0,0.0,0.0,0.0,0.0,0.0,0.0,0.0,0.0,0.0,,,,,,,,,52.0,,,,,,,,,,,,,,,,0.0,,1.0,,,,,,,,,,,,,,,,,,,,,,,,,,,0.0,0.0,0.0,,,,,,,,,,,,,,,,,media/387aaf64-775e-4e8b-a484-e58066961508.jpg
13610577055,"Feb 12, 2025, 10:13:42 AM",Bookstore to arthur’s seat trek hike,Walk,Slid coming down a bit omg,11188,8.49,129.0,19,false,,,activities/14522175746.fit.gz,,,11188.0,8059.0,8493.7,9.3,1.054,260.2,269.6,37.2,241.4,45.6,-0.1,,,,,129.0,99.0,,,516.0,,,19.0,,,,,,,,,,,0.0,,0.0,,1.0,,,,,,,,,,,,,,,,,,,,,,,,,,,0.0,0.759,2399.6,,,,14076.0,,,,,,,,,,,,,media/270A6E70-CDB3-4142-B21A-695AE6554022.jpg|media/9B304DAC-236B-4673-87BA-49E9C3FE5E33.jpg
13627601675,"Feb 14, 2025, 7:40:58 PM",Lunch Run,Run,,1260,2.10,158.0,10,false,,HOKA Clifton 8,activities/14540790441.fit.gz,,,1260.0,1137.0,2105.8,4.22,1.852,37.0,52.8,39.6,67.6,16.7,-0.8,,,,,158.0,133.0,,,121.0,,,10.0,,,,,,,,,,,,,0.0,,1.0,2153.5,,,,,,,,,,,,,,,,14035992.0,,,,,,,,,,0.0,1.671,0.0,,,,2634.0,,,,,1.894,,,,,,,,""
13636098218,"Feb 15, 2025, 6:10:44 PM",Morning Walk,Walk,,1580,1.86,110.0,4,false,,,activities/14550103382.fit.gz,,,1580.0,1453.0,1864.4,4.943,1.283,0.0,20.0,82.4,102.4,8.2,-1.1,,,,,110.0,107.0,,,83.0,,,4.0,,,,,,,,,,,,,0.0,,1.0,,,,,,,,,,,,,,,,,,,,,,,,,,,0.0,1.18,0.0,,,,2338.0,,,,,,,,,,,,,""
13638150846,"Feb 16, 2025, 12:03:37 AM",Julie singles tennis practice,Workout,"",3735,0,172.0,36,false,"",,activities/14552366347.fit.gz,,,3735.0,3735.0,0.0,0.0,0.0,0.0,0.0,0.0,0.0,0.0,0.0,,,,,172.0,135.0,,,408.0,,,36.0,,,,,,,,,,,,,0.0,,1.0,,,,,,,,,,,,,,,,,,,,,,,,,,,0.0,0.0,0.0,,,,,,,,,,,,,,,,,""
13638513904,"Feb 16, 2025, 2:23:08 AM",Evening Walk,Walk,,1300,1.49,152.0,4,false,,,activities/14552765093.fit.gz,,,1300.0,935.0,1495.8,7.853,1.6,32.2,2.0,62.0,94.2,28.6,2.1,,,,,152.0,114.0,,,104.0,,,4.0,,,,,,,,,,,,,0.0,,1.0,,,,,,,,,,,,,,,,,,,,,,,,,,,0.0,1.151,0.0,,,,1326.0,,,,,,,,,,,,,""
13646447478,"Feb 16, 2025, 7:09:14 PM",Amex experience nba finals weekend run,Run,"",382,1.03,153.0,5,false,,HOKA Clifton 8,activities/14561453087.fit.gz,,,382.0,343.0,1038.2,5.2,3.027,0.0,89.2,15.0,104.4,0.0,-8.6,,,,,153.0,144.0,,,62.0,,,5.0,,,,,,,,,,,0.0,,0.0,,1.0,955.2,,,,,,,,,,,,,,,,14035992.0,,,,,,,,,,0.0,2.718,10.6,,,,986.0,,,,,2.785,,,,,,,,""
13647556519,"Feb 16, 2025, 11:05:13 PM","Run to chase center, stop early bc knee",Run,"Thrive City crowds and they would not let me in with no ticket, back to short distance Brooks shoes from P",4178,9.89,171.0,127,false,,HOKA Clifton 8,activities/14562672206.fit.gz,,,4178.0,3731.0,9897.2,7.34,2.653,12.4,101.6,2.6,95.0,6.5,-0.9,,,,,171.0,161.0,,,565.0,,,127.0,,,,,,,,,,,0.0,,0.0,,1.0,10212.5,,,,,,,,,,,,,,,,14035992.0,,,,,,,,,,0.0,2.369,221.8,,,,10438.0,,,,,2.737,,,,,,,,media/4AE86F37-0027-4C12-89D7-3BE6D51D1BFC.mp4|media/09CA12A2-B7AF-4654-97B2-0C62601B9FBB.mp4|media/E7D23751-E2A2-4758-AF1E-CAA4CB89CB38.jpg
13653463310,"Feb 17, 2025, 5:24:58 PM",Walk for il canto pre-Sausalito ferry,Walk,"",1081,1.30,133.0,2,false,,,activities/14569233035.fit.gz,,,1081.0,1059.0,1305.2,3.12,1.232,3.2,3.2,5.8,89.2,15.4,-6.2,,,,,133.0,100.0,,,55.0,,,2.0,,,,,,,,,,,0.0,,0.0,,1.0,,,,,,,,,,,,,,,,,,,,,,,,,,,0.0,1.207,9.3,,,,1122.0,,,,,,,,,,,,,""
13655993583,"Feb 17, 2025, 11:43:15 PM",Beach run cut short bc left knee weird,Run,"Probably need shoes with more cushion, these were fine for short distance 2 years ago",1894,4.83,165.0,36,false,,Brooks Adrenaline GTS 22,activities/14571956152.fit.gz,,,1894.0,1733.0,4834.4,7.047,2.79,18.4,124.0,3.2,108.8,9.5,-2.1,,,,,165.0,150.0,,,272.0,,,36.0,,,,,,,,,,,0.0,,0.0,,1.0,4794.8,,,,,,,,,,,,,,,,21853876.0,,,,,,,,,,0.0,2.553,125.0,,,,4836.0,,,,,2.767,,,,,,,,""
13656327739,"Feb 18, 2025, 12:15:05 AM",Walk back,Walk,"",4225,5.67,131.0,11,false,,,activities/14572312980.fit.gz,,,4225.0,4202.0,5676.3,3.42,1.351,114.2,24.4,-3.0,94.2,30.9,1.6,,,,,131.0,103.0,,,276.0,,,11.0,,,,,,,,,,,0.0,,0.0,,1.0,,,,,,,,,,,,,,,,,,,,,,,,,,,0.0,1.344,1060.0,,,,6796.0,,,,,,,,,,,,,""
13662645690,"Feb 18, 2025, 5:56:35 PM",Walk to work drop P off at market ish,Walk,"",2226,2.84,109.0,4,false,,,activities/14579232995.fit.gz,,,2226.0,2156.0,2843.3,2.9,1.319,22.0,109.2,7.4,94.6,40.0,-3.1,,,,,109.0,90.0,,,125.0,,,4.0,,,,,,,,,,,0.0,,0.0,,1.0,,,,,,,,,,,,,,,,,,,,,,,,,,,0.0,1.277,0.0,,,,3998.0,,,,,,,,,,,,,""
13680437661,"Feb 20, 2025, 6:06:31 PM",Morning Ride,Ride,,623,2.75,122.0,1,false,,1996 Cannondale M200 SE,activities/14598661989.fit.gz,,11.793,623.0,608.0,2758.3,11.84,4.537,30.8,77.2,7.4,53.8,29.1,-1.7,,,,,122.0,102.0,,,46.0,,,1.0,,,,,,,,,,,,,0.0,,1.0,,,,,,,,,,,,,,,,11490857.0,,,,,,,,,,,0.0,4.427,0.0,,,,,,,,,,,,,,,,,""
13699496513,"Feb 22, 2025, 10:00:38 PM",Bike to Christina from tiff @ dolo,Ride,"",580,2.14,158.0,3,false,,1996 Cannondale M200 SE,activities/14619512723.fit.gz,,11.793,580.0,580.0,2142.4,7.14,3.694,33.8,5.8,13.8,44.0,26.1,1.3,,,,,158.0,120.0,,,47.0,,,3.0,,,,,,,,,,,0.0,,0.0,,1.0,,,,,,,,,,,,,,,,11490857.0,,,,,,,,,,,0.0,3.694,0.0,,,,,,,,,,,,,,,,,""
13699622288,"Feb 22, 2025, 8:18:23 PM",Bike to dolo happy birthday tifff,Ride,"",1025,4.12,167.0,4,false,,1996 Cannondale M200 SE,activities/14619650129.fit.gz,,11.793,1025.0,960.0,4120.5,11.92,4.292,33.8,98.2,15.4,82.8,49.4,-1.6,,,,,167.0,108.0,,,71.0,,,4.0,,,,,,,,,,,0.0,,0.0,,1.0,,,,,,,,,,,,,,,,11490857.0,,,,,,,,,,,0.0,4.02,0.0,,,,,,,,,,,,,,,,,media/2A2246AC-7000-4110-A5A0-92D9E349D1FF.jpg
13699622397,"Feb 21, 2025, 11:49:02 PM",Afternoon HIIT,Workout,,1087,0,158.0,6,false,,,activities/14619650230.fit.gz,,,1087.0,1087.0,0.0,0.0,0.0,0.0,0.0,0.0,0.0,0.0,0.0,,,,,158.0,130.0,,,121.0,,,6.0,,,,,,,,,,,,,0.0,,1.0,,,,,,,,,,,,,,,,,,,,,,,,,,,0.0,0.0,0.0,,,,,,,,,,,,,,,,,""
13699622575,"Feb 21, 2025, 2:28:57 AM",Evening Ride,Ride,,1769,6.10,161.0,19,false,,1996 Cannondale M200 SE,activities/14619650425.fit.gz,,11.793,1769.0,1754.0,6099.2,13.44,3.477,104.6,15.8,-0.8,95.2,35.6,1.5,,,,,161.0,135.0,,,100.0,,,19.0,,,,,,,,,,,,,0.0,,1.0,,,,,,,,,,,,,,,,11490857.0,,,,,,,,,,,0.0,3.448,223.9,,,,,,,,,,,,,,,,,""
13699772684,"Feb 22, 2025, 10:36:39 PM",Afternoon Ride,Ride,,1440,5.42,161.0,8,false,,1996 Cannondale M200 SE,activities/14619813561.fit.gz,,11.793,1440.0,1424.0,5421.7,11.08,3.807,73.4,46.8,10.6,73.2,38.9,0.5,,,,,161.0,125.0,,,105.0,,,8.0,,,,,,,,,,,,,0.0,,1.0,,,,,,,,,,,,,,,,11490857.0,,,,,,,,,,,0.0,3.765,0.0,,,,,,,,,,,,,,,,,""
13700554284,"Feb 23, 2025, 1:13:23 AM",Afternoon Walk,Walk,,1806,2.73,134.0,5,false,,,activities/14620658975.fit.gz,,,1806.0,1763.0,2734.4,3.42,1.551,12.2,104.6,3.8,96.2,23.1,-3.4,,,,,134.0,109.0,,,126.0,,,5.0,,,,,,,,,,,,,0.0,,1.0,,,,,,,,,,,,,,,,,,,,,,,,,,,0.0,1.514,87.5,,,,2802.0,,,,,,,,,,,,,""
13708531422,"Feb 23, 2025, 7:12:04 PM",Ride to tennis,Ride,"",1491,6.06,168.0,21,false,,1996 Cannondale M200 SE,activities/14629306345.fit.gz,,11.793,1491.0,1462.0,6062.6,12.28,4.147,114.8,109.2,19.6,78.6,49.4,0.1,,,,,168.0,139.0,,,130.0,,,21.0,,,,,,,,,,,0.0,,0.0,,1.0,,,,,,,,,,,,,,,,11490857.0,,,,,,,,,,,0.0,4.066,0.0,,,,,,,,,,,,,,,,,""
13709192232,"Feb 23, 2025, 7:44:33 PM",Mixed dubs match be humbling,Workout,"",5049,0,170.0,59,false,,,activities/14630032771.fit.gz,,,5049.0,5049.0,0.0,0.0,0.0,0.0,0.0,0.0,0.0,0.0,0.0,,,,,170.0,140.0,,,582.0,,,59.0,,,,,,,,,,,0.0,,0.0,,1.0,,,,,,,,,,,,,,,,,,,,,,,,,,,0.0,0.0,0.0,,,,,,,,,,,,,,,,,""
13709755475,"Feb 23, 2025, 10:17:42 PM",Ride post tennis stop by Savannah’s store,Ride,"",2871,6.19,165.0,16,false,,1996 Cannondale M200 SE,activities/14630647746.fit.gz,,11.793,2871.0,1899.0,6197.1,11.3,3.263,119.2,105.8,19.0,94.6,22.0,0.2,,,,,165.0,123.0,,,131.0,,,16.0,,,,,,,,,,,0.0,,0.0,,1.0,,,,,,,,,,,,,,,,11490857.0,,,,,,,,,,,0.0,2.159,0.0,,,,,,,,,,,,,,,,,""
13718956341,"Feb 25, 2025, 12:09:12 AM",Easy run Pat’s code doesn’t work break in new sauconys knee not bad,Run,"",4248,10.22,169.0,75,false,,HOKA Clifton 8,activities/14640667193.fit.gz,,,4248.0,4108.0,10226.4,5.02,2.489,144.8,145.0,2.6,107.8,39.0,0.0,,,,,169.0,146.0,,,612.0,,,75.0,,,,,,,,,,,0.0,,0.0,,1.0,10618.4,,,,,,,,,,,,,,,,14035992.0,,,,,,,,,,0.0,2.407,1205.1,,,,11460.0,,,,,2.585,,,,,,,,""
13729508551,"Feb 25, 2025, 7:54:26 PM",Walk post-p meetings,Walk,"",1197,1.44,96.0,1,false,,,activities/14652108164.fit.gz,,,1197.0,994.0,1445.7,7.367,1.454,0.0,296.0,4.4,21.7,10.5,-1.1,,,72.0,62.0,96.0,85.0,,,50.0,,,1.0,,,,,,,,,,,0.0,,0.0,,1.0,,,,,,,,,,,,,,,,,,,,,,,,,,,0.0,1.208,0.0,,,,1810.0,,,,,,,,,,,,,""
13738078462,"Feb 27, 2025, 2:15:35 AM",Run to Michelle bday new garmin watch did not start,Run,,1212,2.82,,,false,,HOKA Clifton 8,activities/13738078462.gpx,,,1212.0,972.0,2828.1,6.96,2.91,14.8,14.8,13.1,28.1,4.0,0.4,,,,,,,,,,,,,,,,,,,,,,,,,0.0,,1.0,2857.8,,,,,,,,,,,,,,,,14035992.0,,,,,,,,,,0.0,2.333,0.0,,,,2742.0,,,,,2.94,,,,,,,,""
13738382977,"Feb 27, 2025, 3:50:47 AM",Run from Michelle’s bday in Bernal,Run,Garmin workout #2 and idk if it ran,2179,5.61,,,false,,HOKA Clifton 8,activities/13738382977.gpx,,,2179.0,2175.0,5613.2,4.64,2.581,55.1,55.1,13.4,59.4,8.4,0.6,,,,,,,,,,,,,,,,,,,,,,,,,0.0,,1.0,5749.8,,,,,,,,,,,,,,,,14035992.0,,,,,,,,,,0.0,2.576,0.0,,,,5708.0,,,,,2.644,,,,,,,,""
13747298655,"Feb 28, 2025, 4:22:06 AM",Getting hang of garmin night walk post-meetup mikkel,Walk,"",1131,0.93,128.0,1,false,,,activities/14671382461.fit.gz,,,1131.0,805.0,931.4,3.277,1.157,62.8,77.0,29.9,94.4,24.7,6.9,,,79.0,54.0,128.0,93.0,,,73.0,,,1.0,,,,,,,,,,,0.0,,0.0,,1.0,,,,,,,,,,,,,,,,,,,,,,,,,,,0.0,0.824,0.0,,,,1432.0,,,,,,,,,,,,,""
13752950597,"Feb 28, 2025, 6:27:02 PM",Run pre-Craig,Run,"",4171,10.86,177.0,154,false,,Brooks Adrenaline GTS 22,activities/14677570464.fit.gz,,,4171.0,4167.0,10863.7,4.26,2.607,77.0,268.0,3.0,94.5,11.8,-0.3,,,94.0,86.0,177.0,163.0,,,751.0,,,154.0,,,,,,,,,,,0.0,,0.0,,1.0,10955.0,,,,,,,,,,,,,,,,21853876.0,,,,,,,,,,0.0,2.605,2539.4,,,,11666.0,,,,,2.629,,,,,,,,media/EFB4B0B5-B9AB-46D6-9FD1-BA188275DBB0.jpg
13772833077,"Mar 2, 2025, 6:20:49 PM",Ride to Savvy/Elise brunch,Ride,Garmin almost died?! It was just at 30% I swear,2817,3.37,118.0,2,false,"",1996 Cannondale M200 SE,activities/14699211625.fit.gz,,11.793,2817.0,862.0,3373.7,8.775,3.914,25.4,175.0,17.5,51.5,6.5,-0.3,,,,,118.0,98.0,,,67.0,,,2.0,,,,,,,,,,,,,0.0,,1.0,,,,,,,,,,,,,,,,11490857.0,,,,,,,,,,,0.0,1.198,118.5,,,,,,,,,,,,,,,,,""
13773925538,"Mar 3, 2025, 12:06:38 AM",Beach run 🏖️,Run,Against wind on the marina to the beach and with the wind coming back,5399,12.91,172.0,82,false,,HOKA Clifton 8,activities/14700406088.fit.gz,,,5399.0,4935.0,12911.7,5.317,2.616,106.1,315.0,-1.3,70.5,11.3,0.0,,,93.0,86.0,172.0,145.0,,,802.0,,,82.0,,,,,,,,,,,0.0,,0.0,,1.0,13088.6,,,,,,,,,,,,,,,,14035992.0,,,,,,,,,,0.0,2.391,3860.7,,,,13980.0,,,,,2.652,,,,,,,,""
13782487713,"Mar 4, 2025, 1:02:56 AM",Elliptical pre-hopr Martin Jacob p Jacob’s wife,Elliptical,"",1687,0,147.0,5,false,,,activities/14709722050.fit.gz,,,1687.0,1687.0,0.0,0.0,0.0,0.0,0.0,0.0,0.0,0.0,0.0,,,77.0,58.0,147.0,115.0,,,165.0,,,5.0,,,,,,,,,,,0.0,,0.0,,1.0,,,,,,,,,,,,,,,,,,,,,,,,,,,0.0,0.0,0.0,,,,3218.0,,,,,,,3218.0,,,,,,""
13798401226,"Mar 5, 2025, 6:05:00 PM",Morning Ride,Ride,,627,2.55,105.0,1,false,,1996 Cannondale M200 SE,activities/14726922217.fit.gz,,11.793,627.0,584.0,2552.2,7.643,4.37,11.8,91.0,5.9,44.9,4.9,-1.5,,,,,105.0,90.0,,,37.0,,,1.0,,,,,,,,,,,,,0.0,,1.0,,,,,,,,,,,,,,,,11490857.0,,,,,,,,,,,0.0,4.07,0.0,,,,,,,,,,,,,,,,,""
13801202816,"Mar 5, 2025, 10:11:55 PM",Afternoon Ride,Ride,,1147,4.45,137.0,3,false,,1996 Cannondale M200 SE,activities/14729922099.fit.gz,,11.793,1147.0,1069.0,4454.1,8.071,4.167,21.6,103.0,2.7,24.7,3.3,0.4,,,,,137.0,105.0,,,94.0,,,3.0,,,,,,,,,,,,,0.0,,1.0,,,,,,,,,,,,,,,,11490857.0,,,,,,,,,,,0.0,3.883,0.0,,,,,,,,,,,,,,,,,""
13801203155,"Mar 6, 2025, 12:31:20 AM",Afternoon Ride from Sarah/izu/P cowork,Ride,"",1247,2.91,156.0,8,false,,1996 Cannondale M200 SE,activities/14729922504.fit.gz,,11.793,1247.0,1157.0,2910.9,6.72,2.516,76.2,142.0,18.9,95.7,13.1,2.4,,,,,156.0,123.0,,,146.0,,,8.0,,,,,,,,,,,0.0,,0.0,,1.0,,,,,,,,,,,,,,,,11490857.0,,,,,,,,,,,0.0,2.334,0.0,,,,,,,,,,,,,,,,,""
13807408178,"Mar 6, 2025, 5:24:46 PM",Morning Walk,Walk,,2155,3.03,118.0,4,false,,,activities/14736700878.fit.gz,,,2155.0,2113.0,3035.1,2.986,1.436,12.2,385.0,7.0,92.8,5.3,-2.8,,,93.0,64.0,118.0,95.0,,,175.0,,,4.0,,,,,,,,,,,,,0.0,,1.0,,,,,,,,,,,,,,,,,,,,,,,,,,,0.0,1.408,13.5,,,,4468.0,,,,,,,,,,,,,""
13817600503,"Mar 7, 2025, 8:09:31 PM",Lunch Tennis Julie,Workout,[strava://athletes/95700893/12]julie colson 🫡,4970,3.44,171.0,25,false,,,activities/14747722929.fit.gz,,,4970.0,4885.0,3443.5,2.8,0.705,0.0,0.0,3.5,3.9,2.8,0.0,,,120.0,61.0,171.0,121.0,,,489.0,,,25.0,,,,,,,,,,,0.0,,0.0,,1.0,,,,,,,,,,,,,,,,,,,,,,,,,,,0.0,0.693,0.0,,,,5664.0,,,,,,,5664.0,,,,,,""
13828111916,"Mar 8, 2025, 9:15:15 PM",Ended long run early to hop on the bus,Run,"It came up when I was slowing down and I thought it was fate 

Did not feel good on hills, felt good on flats lol

JFK and great highway showing off",8148,18.89,185.0,215,false,,HOKA Clifton 8,activities/14759163467.fit.gz,,,8148.0,7372.0,18891.4,5.65,2.563,136.6,395.0,6.7,78.6,11.0,-0.1,,,118.0,86.0,185.0,157.0,,,1277.0,,,215.0,,,,,,,,,,,0.0,,0.0,,1.0,19032.9,,,,,,,,,,,,,,,,14035992.0,,,,,,,,,,0.0,2.319,1420.4,,,,20592.0,,,,,2.582,,,,,,,,media/4BD11C49-265C-4D34-AC23-7C9E600D589F.mp4|media/CAD263FF-29D2-4397-8B40-76570092CA9A.jpg
13854358924,"Mar 11, 2025, 5:29:40 PM",45 min Country Ride with Ally Love,Ride,"Total Output: 252.2 kJ
Leaderboard Rank: 22,504 / 32,589",2700,18.46,,,false,,1996 Cannondale M200 SE,activities/14787678522.tcx.gz,,11.793,2700.0,2700.0,18468.2,10.1,6.84,0.0,0.0,0.0,0.0,0.0,0.0,,,128.0,71.0,,,,93.0,354.0,,,,,,,,,,,,102.0,2700.0,,,0.0,,1.0,,,,,,,,,,,,,,,,11490857.0,,,,,,,,,,,0.0,6.84,0.0,,,,,,,64.0,93.0,,,,,,,,,media/3a9e9e72-6962-4bb2-bcbc-d8389a7523da.jpg
13854914188,"Mar 11, 2025, 5:29:51 PM",Morning Ride,Ride,,2695,0,182.0,43,false,,1996 Cannondale M200 SE,activities/14788274510.fit.gz,,11.793,2695.0,2695.0,0.0,0.0,0.0,0.0,0.0,0.0,0.0,0.0,0.0,,,,,182.0,140.0,,,380.0,,,43.0,,,,,,,,,,,,,0.0,,1.0,,,,,,,,,,,,,,,,11490857.0,,,,,,,,,,,0.0,0.0,0.0,,,,,,,,,,,,,,,,,""
13866526276,"Mar 12, 2025, 10:47:39 PM",30 min Rising Pop Ride with Ally Love,Ride,"Total Output: 224.3 kJ
Leaderboard Rank: 7,625 / 24,106",1800,14.02,,,false,,1996 Cannondale M200 SE,activities/14800773649.tcx.gz,,11.793,1800.0,1800.0,14028.9,11.02,7.794,0.0,0.0,0.0,0.0,0.0,0.0,,,125.0,78.0,,,,125.0,315.0,,,,,,,,,,,,136.0,1801.0,,,0.0,,1.0,,,,,,,,,,,,,,,,11490857.0,,,,,,,,,,,0.0,7.794,0.0,,,,,,,76.0,124.0,,,,,,,,,media/d7920f34-7ad3-4024-a4ad-c49ef596de2e.jpg
13866555044,"Mar 12, 2025, 10:47:30 PM",Afternoon Ride,Ride,,1814,0,199.0,43,false,,1996 Cannondale M200 SE,activities/14800803936.fit.gz,,11.793,1814.0,1814.0,0.0,0.0,0.0,0.0,0.0,0.0,0.0,0.0,0.0,,,,,199.0,151.0,,,303.0,,,43.0,,,,,,,,,,,,,0.0,,1.0,,,,,,,,,,,,,,,,11490857.0,,,,,,,,,,,0.0,0.0,0.0,,,,,,,,,,,,,,,,,""
13884850059,"Mar 15, 2025, 12:16:23 AM",Pre-state bird provisions with p’s mom,Run,"",3686,9.75,167.0,68,false,,HOKA Clifton 8,activities/14819895211.fit.gz,,,3686.0,3514.0,9754.9,4.52,2.776,93.0,239.0,3.0,83.4,10.3,-0.1,,,93.0,85.0,167.0,148.0,,,593.0,,,68.0,,,,,,,,,,,0.0,,0.0,,1.0,9917.2,,,,,,,,,,,,,,,,14035992.0,,,,,,,,,,0.0,2.646,795.8,,,,9762.0,,,,,2.822,,,,,,,,""
13892931020,"Mar 15, 2025, 7:40:06 PM",Walk to Hamu,Walk,"",1273,1.52,117.0,2,false,"",,activities/14828697059.fit.gz,,,1273.0,1151.0,1524.1,2.36,1.324,14.9,121.0,83.3,157.3,10.8,-4.2,,,68.0,61.0,117.0,93.0,,,91.0,,,2.0,,,,,,,,,,,,,0.0,,1.0,,,,,,,,,,,,,,,,,,,,,,,,,,,0.0,1.197,0.0,,,,2354.0,,,,,,,,,,,,,""
13894062928,"Mar 16, 2025, 12:04:38 AM",Devin singles tennis practice,Workout,[strava://athletes/35288385/9]Devin Liu,6716,4.49,161.0,29,false,,,activities/14829944138.fit.gz,,,6716.0,6423.0,4491.1,2.86,0.699,0.0,0.0,3.4,3.7,2.0,0.0,,,121.0,67.0,161.0,117.0,,,606.0,,,29.0,,,,,,,,,,,0.0,,0.0,,1.0,,,,,,,,,,,,,,,,,,,,,,,,,,,0.0,0.669,0.0,,,,7602.0,,,,,,,7602.0,,,,,,""
13902713730,"Mar 16, 2025, 7:37:42 PM",Mixed dubs W w/ Kenneth @ Bay Club SSF,Workout,ty [strava://athletes/35288385/9]Devin Liu for day-before warm-up/practice,5443,0.31,177.0,29,false,"",,activities/14839314178.fit.gz,,,5443.0,5443.0,310.0,1.15,0.057,0.0,0.0,0.0,0.0,0.0,0.0,,,96.0,59.0,177.0,126.0,,,554.0,,,29.0,,,,,,,,,,,,,0.0,,1.0,,,,,,,,,,,,,,,,,,,,,,,,,,,0.0,0.057,0.0,,,,4578.0,,,,,,,4578.0,,,,,,""
13909328570,"Mar 17, 2025, 6:11:13 PM",Lunch Run,Run,,471,1.21,145.0,2,false,,HOKA Clifton 8,activities/14846565710.fit.gz,,,471.0,457.0,1213.7,4.76,2.656,0.0,39.0,19.3,46.4,4.9,-2.0,,,100.0,89.0,145.0,128.0,,,67.0,,,2.0,,,,,,,,,,,,,0.0,,1.0,1181.5,,,,,,,,,,,,,,,,14035992.0,,,,,,,,,,0.0,2.577,0.0,,,,1352.0,,,,,2.585,,,,,,,,""
13910321728,"Mar 17, 2025, 7:53:37 PM",Lunch Run,Run,,607,1.31,170.0,14,false,,HOKA Clifton 8,activities/14847624148.fit.gz,,,607.0,547.0,1317.6,3.657,2.409,67.7,66.0,24.9,94.7,14.0,5.3,,,98.0,86.0,170.0,153.0,,,105.0,,,14.0,,,,,,,,,,,,,0.0,,1.0,1597.3,,,,,,,,,,,,,,,,14035992.0,,,,,,,,,,0.0,2.171,0.0,,,,1604.0,,,,,2.92,,,,,,,,""
13917656508,"Mar 18, 2025, 4:17:35 PM","That was 1mi pre-Nvidia gtc, the hotel treadmill is lying",Run,I am sweating,529,1.44,166.0,11,false,,HOKA Clifton 8,activities/14855586144.fit.gz,,,529.0,522.0,1442.7,2.97,2.764,0.0,0.0,0.0,0.0,0.0,0.0,,,93.0,88.0,166.0,148.0,,,89.0,,,11.0,,,,,,,,,,,0.0,,0.0,,1.0,1442.7,,,,,,,,,,,,,,,,14035992.0,,,,,,,,,,0.0,2.727,0.0,,,,1534.0,,,,,,,,,,,,,""
13917891257,"Mar 18, 2025, 4:28:29 PM",Morning Ride,Ride,,1368,0,124.0,3,false,,1996 Cannondale M200 SE,activities/14855837239.fit.gz,,11.793,1368.0,1368.0,0.0,0.0,0.0,0.0,0.0,0.0,0.0,0.0,0.0,,,,,124.0,107.0,,,119.0,,,3.0,,,,,,,,,,,,,0.0,,1.0,,,,,,,,,,,,,,,,11490857.0,,,,,,,,,,,0.0,0.0,0.0,,,,,,,,,,,,,,,,,""
13950078168,"Feb 23, 2025, 9:43:37 PM",Afternoon Ride,Ride,,299,1.09,147.0,1,false,,1996 Cannondale M200 SE,activities/14890573870.fit.gz,,11.793,299.0,299.0,1094.2,7.3,3.66,9.2,0.0,74.0,83.2,9.2,0.8,,,,,147.0,121.0,,,20.0,,,1.0,,,,,,,,,,,,,0.0,,1.0,,,,,,,,,,,,,,,,11490857.0,,,,,,,,,,,0.0,3.66,0.0,,,,,,,,,,,,,,,,,""
13950082341,"Mar 21, 2025, 4:02:32 PM",1.5mi on treadmill run!!,Run,"",800,2.15,165.0,22,false,,HOKA Clifton 8,activities/14890578416.fit.gz,,,800.0,800.0,2150.7,3.04,2.688,0.0,0.0,0.0,0.0,0.0,0.0,,,93.0,88.0,165.0,154.0,,,141.0,,,22.0,,,,,,,,,,,0.0,,0.0,,1.0,2150.7,,,,,,,,,,,,,,,,14035992.0,,,,,,,,,,0.0,2.688,0.0,,,,2258.0,,,,,,,,,,,,,""
13950082459,"Mar 22, 2025, 1:41:22 AM",Run to food back in sf 🙏,Run,"",417,0.99,156.0,3,false,,HOKA Clifton 8,activities/14890578588.fit.gz,,,417.0,388.0,993.2,3.021,2.56,0.0,0.0,0.0,0.0,0.0,0.0,,,92.0,85.0,156.0,133.0,,,57.0,,,3.0,,,,,,,,,,,0.0,,0.0,,1.0,993.2,,,,,,,,,,,,,,,,14035992.0,,,,,,,,,,0.0,2.382,0.0,,,,1092.0,,,,,,,,,,,,,""
13956215123,"Mar 22, 2025, 4:09:58 PM",Morning Ride,Ride,,1569,5.76,141.0,5,false,,1996 Cannondale M200 SE,activities/14897182530.fit.gz,,11.793,1569.0,1483.0,5766.0,7.91,3.888,66.9,176.0,21.2,78.6,12.2,0.2,,,,,141.0,109.0,,,137.0,,,5.0,,,,,,,,,,,,,0.0,,1.0,,,,,,,,,,,,,,,,11490857.0,,,,,,,,,,,0.0,3.675,0.0,,,,,,,,,,,,,,,,,""
13957869163,"Mar 22, 2025, 5:39:47 PM",Jean birthday round robin tennis hit,Workout,"",7627,0.36,164.0,31,false,,,activities/14898970659.fit.gz,,,7627.0,7627.0,360.8,1.346,0.047,0.0,0.0,0.0,0.0,0.0,0.0,,,120.0,59.0,164.0,117.0,,,661.0,,,31.0,,,,,,,,,,,0.0,,0.0,,1.0,,,,,,,,,,,,,,,,,,,,,,,,,,,0.0,0.047,0.0,,,,5128.0,,,,,,,5128.0,,,,,,""
13958677286,"Mar 22, 2025, 9:55:45 PM",Ride back from tennis stop at books Inc,Ride,They are out of “abundance” by Ezra Klein and “sunrise on the reaping” at every location !!!,2849,6.22,166.0,11,false,,1996 Cannondale M200 SE,activities/14899852033.fit.gz,,11.793,2849.0,1762.0,6228.6,10.357,3.535,85.4,214.0,19.4,95.7,12.5,0.3,,,,,166.0,120.0,,,237.0,,,11.0,,,,,,,,,,,0.0,,0.0,,1.0,,,,,,,,,,,,,,,,11490857.0,,,,,,,,,,,0.0,2.186,0.0,,,,,,,,,,,,,,,,,""
13965996808,"Mar 23, 2025, 2:10:18 PM",Team bam runs Oakland half!,Run,"",7524,21.51,174.0,255,false,,HOKA Clifton 8,activities/14907701933.fit.gz,,,7524.0,7503.0,21515.2,6.523,2.868,167.6,488.0,2.7,54.9,17.6,0.0,,,95.0,89.0,174.0,161.0,,,1392.0,,,255.0,,,,,,,,,,,0.0,,0.0,,1.0,21863.1,,,,,,,,,,,,,,,,14035992.0,,,,,,,,,,0.0,2.86,292.4,,,,22262.0,,,,,2.914,,,,,,,,""
13977759338,"Mar 24, 2025, 10:16:42 PM",Monyay errands ride,Ride,"Returns to Athleta, Laufey at catbird, pickup abundance and sunrise on the reaping!!",4380,6.46,163.0,11,false,,1996 Cannondale M200 SE,activities/14920349309.fit.gz,,11.793,4380.0,2120.0,6466.1,8.16,3.05,117.0,270.0,27.3,96.2,12.9,0.3,,,,,163.0,115.0,,,223.0,,,11.0,,,,,,,,,,,0.0,,0.0,,1.0,,,,,,,,,,,,,,,,11490857.0,,,,,,,,,,,0.0,1.476,0.0,,,,,,,,,,,,,,,,,""
13995402866,"Mar 26, 2025, 6:47:07 PM",Ride to replicate lunch,Ride,"",1087,4.60,144.0,3,false,,1996 Cannondale M200 SE,activities/14939214723.fit.gz,,11.793,1087.0,1063.0,4599.4,7.8,4.327,6.5,169.0,5.9,68.0,1.6,-1.2,,,,,144.0,111.0,,,108.0,,,3.0,,,,,,,,,,,0.0,,0.0,,1.0,,,,,,,,,,,,,,,,11490857.0,,,,,,,,,,,0.0,4.231,0.0,,,,,,,,,,,,,,,,,""
13997427355,"Mar 26, 2025, 10:17:50 PM",Ride to matcha post-replicate,Ride,"",3114,6.02,153.0,11,false,,1996 Cannondale M200 SE,activities/14941351446.fit.gz,,11.793,3114.0,1934.0,6028.7,6.963,3.117,99.1,221.0,6.0,96.2,12.6,1.4,,,,,153.0,119.0,,,227.0,,,11.0,,,,,,,,,,,0.0,,0.0,,1.0,,,,,,,,,,,,,,,,11490857.0,,,,,,,,,,,0.0,1.936,0.0,,,,,,,,,,,,,,,,,""
13998556482,"Mar 27, 2025, 1:29:10 AM",Doubles practice,Workout,"",5305,3.02,179.0,23,false,,,activities/14942555691.fit.gz,,,5305.0,5022.0,3025.1,2.74,0.602,0.0,0.0,37.9,37.9,0.0,0.0,,,115.0,60.0,179.0,123.0,,,522.0,,,23.0,,,,,,,,,,,0.0,,0.0,,1.0,,,,,,,,,,,,,,,,,,,,,,,,,,,0.0,0.57,0.0,,,,4820.0,,,,,,,4820.0,,,,,,""
14015188638,"Mar 28, 2025, 10:47:54 PM",Afternoon Elliptical,Elliptical,,1983,0,141.0,6,false,,,activities/14960469590.fit.gz,,,1983.0,1983.0,0.0,0.0,0.0,0.0,0.0,0.0,0.0,0.0,0.0,,,70.0,54.0,141.0,111.0,,,179.0,,,6.0,,,,,,,,,,,,,0.0,,1.0,,,,,,,,,,,,,,,,,,,,,,,,,,,0.0,0.0,0.0,,,,3562.0,,,,,,,3562.0,,,,,,""
14024812471,"Mar 29, 2025, 8:26:24 PM",Wiggle-JFK-Great Highway-Alta Plaza boba ride,Ride,"",12568,32.02,168.0,32,false,,1996 Cannondale M200 SE,activities/14970845652.fit.gz,,11.793,12568.0,7083.0,32027.4,11.014,4.522,253.2,744.0,6.8,95.2,9.8,0.1,,,,,168.0,115.0,,,695.0,,,32.0,,,,,,,,,,,0.0,,0.0,,1.0,,,,,,,,,,,,,,,,11490857.0,,,,,,,,,,,0.0,2.548,130.7,,,,,,,,,,,,,,,,,media/48AE449D-3E99-4E84-9D06-B1293B13FF96.mp4|media/8E8847CB-0117-446C-83C7-560A75DC26C0.jpg|media/8544A738-B8F5-402A-B70D-9F623C17E702.jpg
14032509301,"Mar 30, 2025, 5:15:18 PM",Run to yoga,Run,"",859,2.41,159.0,19,false,,HOKA Clifton 8,activities/14979125049.fit.gz,,,859.0,787.0,2411.6,5.467,3.064,2.4,109.0,5.6,87.9,3.7,-3.4,,,92.0,86.0,159.0,151.0,,,153.0,,,19.0,,,,,,,,,,,0.0,,0.0,,1.0,2280.5,,,,,,,,,,,,,,,,14035992.0,,,,,,,,,,0.0,2.807,0.0,,,,2316.0,,,,,2.898,,,,,,,,""
14033254364,"Mar 30, 2025, 5:48:47 PM",Morning Yoga,Yoga,,3399,0,108.0,4,false,,,activities/14979924561.fit.gz,,,3399.0,3399.0,0.0,0.0,0.0,0.0,0.0,0.0,0.0,0.0,0.0,,,,,108.0,69.0,,,95.0,,,4.0,,,,,,,,,,,,,0.0,,1.0,,,,,,,,,,,,,,,,,,,,,,,,,,,0.0,0.0,0.0,,,,,,,,,,,0.0,,,,,,""
14033853357,"Mar 30, 2025, 8:30:27 PM",Run to ikea pick up frames,Run,"",697,1.36,139.0,2,false,,HOKA Clifton 8,activities/14980575675.fit.gz,,,697.0,489.0,1359.9,6.0,2.781,0.0,118.0,13.7,76.7,10.0,-4.6,,,108.0,86.0,139.0,123.0,,,88.0,,,2.0,,,,,,,,,,,0.0,,0.0,,1.0,1278.1,,,,,,,,,,,,,,,,14035992.0,,,,,,,,,,0.0,1.951,0.0,,,,1476.0,,,,,2.614,,,,,,,,""
14035024501,"Mar 31, 2025, 12:04:10 AM",Tennis singles practice hi devin,Workout,[strava://athletes/35288385/9]Devin Liu 5-7 pre-rain and post-Devin running 20m iles,5608,3.23,177.0,35,false,"",,activities/14981844080.fit.gz,,,5608.0,5023.0,3233.0,2.343,0.644,0.0,0.0,3.5,3.8,11.1,0.0,,,124.0,68.0,177.0,127.0,,,532.0,,,35.0,,,,,,,,,,,,,0.0,,1.0,,,,,,,,,,,,,,,,,,,,,,,,,,,0.0,0.576,0.0,,,,5706.0,,,,,,,5706.0,,,,,,""
14043254845,"Mar 31, 2025, 10:30:09 PM",Pre-flight walk,Walk,"",1425,1.58,89.0,1,false,,,activities/14990692988.fit.gz,,,1425.0,1425.0,1587.6,1.86,1.114,43.8,85.0,34.6,69.3,12.3,0.3,,,119.0,59.0,89.0,72.0,,,86.0,,,1.0,,,,,,,,,,,0.0,,0.0,,1.0,,,,,,,,,,,,,,,,,,,,,,,,,,,0.0,1.114,0.0,,,,2748.0,,,,,,,,,,,,,""
14123025011,"Apr 9, 2025, 1:39:00 AM","Dubs Hanh, Patti, tiff",Workout,"",6634,4.08,166.0,24,false,,,activities/15074541521.fit.gz,,,6634.0,6291.0,4081.2,3.329,0.649,0.0,0.0,36.8,38.7,4.1,0.0,,,118.0,64.0,166.0,117.0,,,588.0,,,24.0,,,,,,,,,,,0.0,,0.0,,1.0,,,,,,,,,,,,,,,,,,,,,,,,,,,0.0,0.615,0.0,,,,5778.0,,,,,,,5778.0,,,,,,""
14141628145,"Apr 10, 2025, 11:35:39 PM",Afternoon Walk,Walk,,1590,2.20,131.0,3,false,,,activities/15093929271.fit.gz,,,1590.0,1465.0,2199.9,4.517,1.502,17.2,178.0,34.1,61.8,8.0,-1.1,,,95.0,66.0,131.0,93.0,,,135.0,,,3.0,,,,,,,,,,,,,0.0,,1.0,,,,,,,,,,,,,,,,,,,,,,,,,,,0.0,1.384,0.0,,,,2984.0,,,,,,,,,,,,,""
14142442670,"Apr 11, 2025, 1:42:04 AM",1st 4.5 singles match of seasonnn vs Olympic Club Clare,Workout,"",5270,3.67,191.0,59,false,"",,activities/15094774427.fit.gz,,,5270.0,4964.0,3678.2,3.1,0.741,0.0,0.0,35.7,39.7,32.5,0.0,,,124.0,62.0,191.0,138.0,,,695.0,,,59.0,,,,,,8.0,,,,,,213.0,0.0,,1.0,,,,,,,,,,,,,,,,,,,,,,,,,,,0.0,0.698,0.0,,,,5652.0,,,,,,,5652.0,,,,,,""
14148690774,"Apr 11, 2025, 7:03:43 PM",Run to torani pre-spin and line is too long,Run,"",652,1.55,163.0,8,false,,HOKA Clifton 8,activities/15101329973.fit.gz,,,652.0,612.0,1552.8,5.762,2.537,0.0,103.0,25.2,89.5,7.5,-3.9,,,98.0,86.0,163.0,141.0,,,95.0,,,8.0,,,,,,,,,,,0.0,,0.0,,1.0,1470.9,,,,,,,,,,,,,,,,14035992.0,,,,,,,,,,0.0,2.382,0.0,,,,1580.0,,,,,2.403,,,,,,,,""
14149017814,"Apr 11, 2025, 7:31:29 PM",Sierra spin class,Ride,"",2760,0,191.0,128,false,,1996 Cannondale M200 SE,activities/15101674801.fit.gz,,11.793,2760.0,2760.0,0.0,0.0,0.0,0.0,0.0,0.0,0.0,0.0,0.0,,,,,191.0,169.0,,,547.0,,,128.0,,,,,,,,,,,0.0,,0.0,,1.0,,,,,,,,,,,,,,,,11490857.0,,,,,,,,,,,0.0,0.0,0.0,,,,,,,,,,,,,,,,,""
14149146974,"Apr 11, 2025, 8:26:48 PM",Walk to cable car post-spin,Walk,"",912,1.14,134.0,2,false,,,activities/15101809850.fit.gz,,,912.0,845.0,1141.2,3.938,1.351,7.7,101.0,5.4,14.8,4.5,-0.1,,,66.0,60.0,134.0,110.0,,,87.0,,,2.0,,,,,,,,,,,0.0,,0.0,,1.0,,,,,,,,,,,,,,,,,,,,,,,,,,,0.0,1.251,0.0,,,,1736.0,,,,,,,,,,,,,""
14150838032,"Apr 11, 2025, 11:53:03 PM",Walk to happy hour,Walk,"",3050,2.30,117.0,4,false,,,activities/15103566887.fit.gz,,,3050.0,1839.0,2306.2,4.65,1.254,3.6,354.0,11.8,58.1,2.9,-2.0,,,68.0,60.0,117.0,100.0,,,218.0,,,4.0,,,,,,,,,,,0.0,,0.0,,1.0,,,,,,,,,,,,,,,,,,,,,,,,,,,0.0,0.756,197.1,,,,3422.0,,,,,,,,,,,,,""
14159800505,"Apr 12, 2025, 8:16:09 PM",Sarah bday through presidio to sunset dunes grand opening,Ride,"",7480,25.40,181.0,47,false,,1996 Cannondale M200 SE,activities/15113001383.fit.gz,,11.793,7480.0,5896.0,25402.9,12.689,4.308,241.2,549.0,2.9,90.7,11.7,0.2,,,,,181.0,128.0,,,651.0,,,47.0,,,,,,,,,,,0.0,,0.0,,1.0,,,,,,,,,,,,,,,,11490857.0,,,,,,,,,,,0.0,3.396,0.0,,,,,,,,,,,,,,,,,media/BFD6CAB4-C93A-4CCA-9B43-ADD0740246D6.jpg|media/11246003-40CC-4084-BEFB-98F31063D6E4.jpg|media/621546A9-C45B-4FFC-8946-9B21307433BC.mp4
14217408087,"Apr 17, 2025, 10:09:44 PM",Lunch Walk,Walk,,787,0.83,86.0,1,false,,,activities/15173144070.fit.gz,,,787.0,768.0,833.2,1.84,1.085,2.4,76.0,18.4,22.0,5.2,0.0,,,63.0,57.0,86.0,78.0,,,48.0,,,1.0,,,,,,,,,,,,,0.0,,1.0,,,,,,,,,,,,,,,,,,,,,,,,,,,0.0,1.059,0.0,,,,1460.0,,,,,,,,,,,,,""
14217408560,"Apr 18, 2025, 8:30:46 PM",Morning Walk,Walk,,1069,1.19,96.0,1,false,,,activities/15173144538.fit.gz,,,1069.0,1022.0,1197.1,1.86,1.171,4.0,65.0,18.2,22.3,2.6,0.0,,,65.0,59.0,96.0,77.0,,,70.0,,,1.0,,,,,,,,,,,,,0.0,,1.0,,,,,,,,,,,,,,,,,,,,,,,,,,,0.0,1.12,0.0,,,,2036.0,,,,,,,,,,,,,""
14217408744,"Apr 18, 2025, 10:00:31 PM",P cruise ride,Ride,"",1437,4.60,156.0,7,false,,1996 Cannondale M200 SE,activities/15173144771.fit.gz,,11.793,1437.0,1272.0,4602.6,5.9,3.618,13.7,104.0,18.2,30.2,6.1,0.0,,,,,156.0,118.0,,,151.0,,,7.0,,,,,,,,,,,0.0,,0.0,,1.0,,,,,,,,,,,,,,,,11490857.0,,,,,,,,,,,0.0,3.203,0.0,,,,,,,,,,,,,,,,,""
14226509529,"Apr 19, 2025, 7:09:54 PM",Hawaii run,Run,Tis hot,2069,5.05,163.0,31,false,,HOKA Clifton 8,activities/15182682025.fit.gz,,,2069.0,2031.0,5049.3,3.76,2.486,17.5,67.0,19.3,29.8,3.5,0.1,,,92.0,83.0,163.0,144.0,,,339.0,,,31.0,,,,,,,,,,,0.0,,0.0,,1.0,5065.2,,,,,,,,,,,,,,,,14035992.0,,,,,,,,,,0.0,2.44,0.0,,,,5656.0,,,,,2.494,,,,,,,,""
14249275167,"Apr 15, 2025, 8:44:23 PM",Afternoon Walk,Walk,,2048,2.60,129.0,4,false,,,activities/15206569240.fit.gz,,,2048.0,1958.0,2599.3,3.314,1.328,96.1,141.0,14.1,107.4,14.7,3.1,,,92.0,62.0,129.0,100.0,,,170.0,,,4.0,,,,,,,,,,,,,0.0,,1.0,,,,,,,,,,,,,,,,,,,,,,,,,,,0.0,1.269,0.0,,,,3874.0,,,,,,,,,,,,,""
14249276280,"Apr 15, 2025, 1:20:57 AM",Evening Ride,Ride,,2578,8.21,155.0,13,false,,1996 Cannondale M200 SE,activities/15206570398.fit.gz,,11.793,2578.0,2515.0,8217.7,6.415,3.267,95.6,261.0,2.7,95.8,13.2,1.1,,,,,155.0,120.0,,,279.0,,,13.0,,,,,,,,,,,,,0.0,,1.0,,,,,,,,,,,,,,,,11490857.0,,,,,,,,,,,0.0,3.188,73.6,,,,,,,,,,,,,,,,,""
14249276995,"Apr 16, 2025, 1:23:05 AM",Evening Tennis,Workout,,8665,0.77,164.0,34,false,,,activities/15206571180.fit.gz,,,8665.0,8665.0,774.7,2.46,0.089,0.0,0.0,0.0,0.0,0.0,0.0,,,121.0,61.0,164.0,116.0,,,744.0,,,34.0,,,,,,,,,,,,,0.0,,1.0,,,,,,,,,,,,,,,,,,,,,,,,,,,0.0,0.089,0.0,,,,7932.0,,,,,,,7932.0,,,,,,""
14249277233,"Apr 17, 2025, 3:21:57 AM",Evening Swim,Swim,,769,325,143.0,4,false,,,activities/15206571399.fit.gz,,,769.0,756.0,325.0,1.8,0.43,0.0,0.0,0.0,0.0,0.0,0.0,,,,25.0,143.0,116.0,,,89.0,,,4.0,,,,,,,,,,,,,0.0,,1.0,,,,,,,,,,,,,,,,,,,,,,,,,,,0.0,0.423,0.0,,,,,,25.0,,,,,,,,,,,""
14249278291,"Apr 14, 2025, 1:45:00 AM",Evening Tennis,Workout,,6324,3.91,173.0,21,false,,,activities/15206572550.fit.gz,,,6324.0,5003.0,3912.5,22.02,0.782,0.0,0.0,3.3,4.8,10.0,0.0,,,120.0,61.0,173.0,113.0,,,460.0,,,21.0,,,,,,,,,,,,,0.0,,1.0,,,,,,,,,,,,,,,,,,,,,,,,,,,0.0,0.619,0.0,,,,6614.0,,,,,,,6614.0,,,,,,""
14249278723,"Apr 14, 2025, 4:58:39 PM",Morning Ride,Ride,,826,2.91,112.0,1,false,,1996 Cannondale M200 SE,activities/15206573003.fit.gz,,11.793,826.0,752.0,2917.4,9.133,3.88,11.9,124.0,5.6,83.8,5.0,-2.7,,,,,112.0,94.0,,,54.0,,,1.0,,,,,,,,,,,,,0.0,,1.0,,,,,,,,,,,,,,,,11490857.0,,,,,,,,,,,0.0,3.532,0.0,,,,,,,,,,,,,,,,,""
14249284387,"Apr 12, 2025, 6:17:26 PM",Lunch Ride,Ride,,1274,3.66,125.0,2,false,,1996 Cannondale M200 SE,activities/15206579207.fit.gz,,11.793,1274.0,1010.0,3662.8,8.94,3.627,10.0,182.0,4.8,84.0,5.7,-2.2,,,,,125.0,104.0,,,104.0,,,2.0,,,,,,,,,,,,,0.0,,1.0,,,,,,,,,,,,,,,,11490857.0,,,,,,,,,,,0.0,2.875,0.0,,,,,,,,,,,,,,,,,""
14256352308,"Apr 22, 2025, 7:16:19 PM",Pololu Trail Hike,Walk,"",3416,1.98,129.0,6,false,,,activities/15213941145.fit.gz,,,3416.0,2782.0,1980.7,1.88,0.712,131.2,173.0,1.1,142.5,33.3,-0.4,,,79.0,55.0,129.0,96.0,,,211.0,,,6.0,,,,,,,,,,,0.0,,0.0,,1.0,,,,,,,,,,,,,,,,,,,,,,,,,,,0.0,0.58,1782.4,,,,3028.0,,,,,,,,,,,,,media/12630A7E-561F-4518-BDF3-85C3D2F2AA05.mp4
14265450629,"Apr 23, 2025, 5:44:50 PM",Post-CanoeHouse pre-massage Hawaii run,Run,It continues to be humid and hard to run here omg,3073,6.48,162.0,61,false,"",HOKA Clifton 8,activities/15223430186.fit.gz,,,3073.0,2536.0,6483.1,3.82,2.556,31.5,67.0,15.9,30.2,6.1,0.0,,,93.0,85.0,162.0,150.0,,,441.0,,,61.0,,,,,,,,,,,,,0.0,,1.0,6512.7,,,,,,,,,,,,,,,,14035992.0,,,,,,,,,,0.0,2.11,0.0,,,,7178.0,,,,,2.568,,,,,,,,""
14296196735,"Apr 24, 2025, 8:25:17 PM",Morning Swim,Swim,,900,675,148.0,5,false,,,activities/15255601014.fit.gz,,,900.0,897.0,675.0,1.94,0.753,0.0,0.0,0.0,0.0,0.0,0.0,,,,25.0,148.0,114.0,,,102.0,,,5.0,,,,,,,,,,,,,0.0,,1.0,,,,,,,,,,,,,,,,,,,,,,,,,,,0.0,0.75,0.0,,,,,,25.0,,,,,,,,,,,""
14296197229,"Apr 25, 2025, 9:44:54 PM",Lunch Walk,Walk,,691,0.73,94.0,1,false,,,activities/15255601560.fit.gz,,,691.0,652.0,734.7,4.122,1.127,0.0,37.0,2.1,3.7,25.0,0.0,,,61.0,56.0,94.0,82.0,,,41.0,,,1.0,,,,,,,,,,,,,0.0,,1.0,,,,,,,,,,,,,,,,,,,,,,,,,,,0.0,1.063,0.0,,,,1104.0,,,,,,,,,,,,,""
14296197454,"Apr 26, 2025, 8:29:48 PM",Morning Elliptical,Elliptical,,2665,0,147.0,18,false,,,activities/15255601751.fit.gz,,,2665.0,2665.0,0.0,0.0,0.0,0.0,0.0,0.0,0.0,0.0,0.0,,,67.0,52.0,147.0,135.0,,,370.0,,,18.0,,,,,,,,,,,,,0.0,,1.0,,,,,,,,,,,,,,,,,,,,,,,,,,,0.0,0.0,0.0,,,,4576.0,,,,,,,4576.0,,,,,,""
14296197868,"Apr 26, 2025, 10:16:09 PM",Lunch Ride,Ride,,612,2.77,149.0,3,false,,1996 Cannondale M200 SE,activities/15255602182.fit.gz,,11.793,612.0,590.0,2770.1,10.2,4.695,13.4,78.0,19.3,30.2,2.9,0.1,,,,,149.0,122.0,,,74.0,,,3.0,,,,,,,,,,,,,0.0,,1.0,,,,,,,,,,,,,,,,11490857.0,,,,,,,,,,,0.0,4.526,0.0,,,,,,,,,,,,,,,,,""
14296197871,"Apr 26, 2025, 9:22:03 PM",Lunch Weight Training,Weight Training,,748,0,158.0,3,false,,,activities/15255602178.fit.gz,,,748.0,748.0,0.0,0.0,0.0,0.0,0.0,0.0,0.0,0.0,0.0,,,,,158.0,125.0,,,95.0,,,3.0,,,,,,,,,,,,,0.0,,1.0,,,,,,,,,,,,,,,,,,,,,,,,,,,0.0,0.0,0.0,,,,,,,,,,,34.0,,,,,,""
14296198343,"Apr 26, 2025, 11:24:48 PM",Ride from lunch to beach,Ride,"",783,2.57,168.0,6,false,,1996 Cannondale M200 SE,activities/15255602669.fit.gz,,11.793,783.0,764.0,2578.6,5.32,3.375,12.5,45.0,8.7,30.2,5.1,-0.4,,,,,168.0,130.0,,,103.0,,,6.0,,,,,,,,,,,0.0,,0.0,,1.0,,,,,,,,,,,,,,,,11490857.0,,,,,,,,,,,0.0,3.293,0.0,,,,,,,,,,,,,,,,,""
14307930096,"Apr 28, 2025, 1:38:00 AM",Afternoon Elliptical,Elliptical,,2110,0,161.0,25,false,,,activities/15267903525.fit.gz,,,2110.0,2110.0,0.0,0.0,0.0,0.0,0.0,0.0,0.0,0.0,0.0,,,69.0,57.0,161.0,141.0,,,322.0,,,25.0,,,,,,,,,,,,,0.0,,1.0,,,,,,,,,,,,,,,,,,,,,,,,,,,0.0,0.0,0.0,,,,4014.0,,,,,,,4014.0,,,,,,""
14336252683,"Apr 30, 2025, 7:19:38 PM",Lunch Ride,Ride,,1035,4.35,131.0,2,false,,1996 Cannondale M200 SE,activities/15297512552.fit.gz,,11.793,1035.0,975.0,4354.2,7.943,4.466,6.8,185.0,5.9,55.4,2.2,-1.0,,,,,131.0,102.0,,,82.0,,,2.0,,,,,,,,,,,,,0.0,,1.0,,,,,,,,,,,,,,,,11490857.0,,,,,,,,,,,0.0,4.207,0.0,,,,,,,,,,,,,,,,,""
14336957591,"Apr 30, 2025, 9:04:11 PM",Ride from replicate to the office,Ride,"",1001,4.41,141.0,3,false,,1996 Cannondale M200 SE,activities/15298247008.fit.gz,,11.793,1001.0,956.0,4416.2,7.821,4.619,17.4,111.0,2.5,24.8,3.7,-0.2,,,,,141.0,111.0,,,96.0,,,3.0,,,,,,,,,,,0.0,,0.0,,1.0,,,,,,,,,,,,,,,,11490857.0,,,,,,,,,,,0.0,4.412,0.0,,,,,,,,,,,,,,,,,""
14338419730,"May 1, 2025, 12:33:50 AM",Afternoon Ride,Ride,,1547,4.85,164.0,16,false,,1996 Cannondale M200 SE,activities/15299758132.fit.gz,,11.793,1547.0,1512.0,4857.6,9.38,3.213,103.4,91.0,6.2,95.8,12.4,1.8,,,,,164.0,131.0,,,214.0,,,16.0,,,,,,,,,,,,,0.0,,1.0,,,,,,,,,,,,,,,,11490857.0,,,,,,,,,,,0.0,3.14,256.3,,,,,,,,,,,,,,,,,""
14348337252,"May 1, 2025, 7:06:42 PM",Lunch Tennis,Workout,,5121,3.15,161.0,21,false,,,activities/15310138512.fit.gz,,,5121.0,4696.0,3154.4,2.86,0.672,0.0,0.0,3.5,3.9,2.8,0.0,,,120.0,61.0,161.0,119.0,,,465.0,,,21.0,,,,,,,,,,,,,0.0,,1.0,,,,,,,,,,,,,,,,,,,,,,,,,,,0.0,0.616,0.0,,,,4432.0,,,,,,,4432.0,,,,,,""
14350343407,"May 2, 2025, 1:53:43 AM",Evening Tennis,Workout,,2998,1.85,170.0,29,false,,,activities/15312236807.fit.gz,,,2998.0,2918.0,1858.3,2.64,0.637,0.0,0.0,37.9,39.7,11.1,0.0,,,108.0,59.0,170.0,136.0,,,392.0,,,29.0,,,,,,,,,,,,,0.0,,1.0,,,,,,,,,,,,,,,,,,,,,,,,,,,0.0,0.62,0.0,,,,2664.0,,,,,,,2664.0,,,,,,""
14356718996,"May 2, 2025, 5:33:07 PM",Morning Ride,Ride,,562,2.55,144.0,2,false,,1996 Cannondale M200 SE,activities/15318947514.fit.gz,,11.793,562.0,527.0,2557.4,9.489,4.853,11.8,87.0,5.7,44.8,4.8,-1.5,,,,,144.0,125.0,,,72.0,,,2.0,,,,,,,,,,,,,0.0,,1.0,,,,,,,,,,,,,,,,11490857.0,,,,,,,,,,,0.0,4.551,0.0,,,,,,,,,,,,,,,,,""
14359213267,"May 2, 2025, 11:08:08 PM",Afternoon Ride,Ride,,3445,4.86,159.0,17,false,,1996 Cannondale M200 SE,activities/15321560852.fit.gz,,11.793,3445.0,1673.0,4860.0,8.192,2.905,102.8,98.0,6.7,95.8,12.7,1.8,,,,,159.0,134.0,,,285.0,,,17.0,,,,,,,,,,,,,0.0,,1.0,,,,,,,,,,,,,,,,11490857.0,,,,,,,,,,,0.0,1.411,0.0,,,,,,,,,,,,,,,,,""
14359383802,"May 3, 2025, 12:18:02 AM",Afternoon Run,Run,,871,1.90,166.0,13,false,,HOKA Clifton 8,activities/15321739102.fit.gz,,,871.0,756.0,1906.1,7.18,2.521,38.3,118.0,53.8,95.6,12.5,-1.8,,,98.0,85.0,166.0,148.0,,,130.0,,,13.0,,,,,,,,,,,,,0.0,,1.0,1961.7,,,,,,,,,,,,,,,,14035992.0,,,,,,,,,,0.0,2.188,0.0,,,,2068.0,,,,,2.595,,,,,,,,""
14359515245,"May 3, 2025, 12:46:48 AM",Afternoon Run,Run,,684,1.43,168.0,16,false,,HOKA Clifton 8,activities/15321875818.fit.gz,,,684.0,661.0,1429.7,3.48,2.163,48.1,64.0,56.5,101.6,12.8,-0.3,,,92.0,81.0,168.0,154.0,,,115.0,,,16.0,,,,,,,,,,,,,0.0,,1.0,1564.7,,,,,,,,,,,,,,,,14035992.0,,,,,,,,,,0.0,2.09,0.0,,,,1766.0,,,,,2.367,,,,,,,,""
14368443564,"May 3, 2025, 5:31:44 PM",Morning Tennis,Workout,,8473,5.38,168.0,24,false,,,activities/15331279622.fit.gz,,,8473.0,8009.0,5379.2,3.72,0.672,0.0,0.0,2.5,4.0,7.0,0.0,,,120.0,59.0,168.0,104.0,,,599.0,,,24.0,,,,,,,,,,,,,0.0,,1.0,,,,,,,,,,,,,,,,,,,,,,,,,,,0.0,0.635,0.0,,,,6052.0,,,,,,,6052.0,,,,,,""
14369973068,"May 3, 2025, 10:43:56 PM",Last long run pre-Santa Barbara wine county half,Run,Wasn’t feeling it tbh,6710,13.70,172.0,114,false,,HOKA Clifton 8,activities/15332899001.fit.gz,,,6710.0,5389.0,13701.3,4.85,2.542,102.3,381.0,31.2,83.2,6.7,-0.2,,,97.0,84.0,172.0,149.0,,,911.0,,,114.0,,,,,,,,,,,0.0,,0.0,,1.0,13797.6,,,,,,,,,,,,,,,,14035992.0,,,,,,,,,,0.0,2.042,0.0,,,,14830.0,,,,,2.56,,,,,,,,""
14388905680,"May 5, 2025, 9:43:50 PM",Afternoon Walk,Walk,,10,0,112.0,0,false,,,activities/15352834782.fit.gz,,,10.0,10.0,0.0,0.0,0.0,0.0,0.0,0.0,0.0,0.0,0.0,,,,,112.0,112.0,,,1.0,,,0.0,,,,,,,,,,,,,0.0,,1.0,,,,,,,,,,,,,,,,,,,,,,,,,,,0.0,0.0,0.0,,,,52.0,,,,,,,,,,,,,""
14389366820,"May 5, 2025, 9:44:51 PM",Afternoon Tennis,Workout,,3916,2.33,177.0,24,false,,,activities/15353313086.fit.gz,,,3916.0,3769.0,2336.7,2.333,0.62,0.0,0.0,3.3,3.6,1.3,0.0,,,105.0,61.0,177.0,125.0,,,407.0,,,24.0,,,,,,,,,,,,,0.0,,1.0,,,,,,,,,,,,,,,,,,,,,,,,,,,0.0,0.597,0.0,,,,4902.0,,,,,,,4902.0,,,,,,""
14407418216,"May 7, 2025, 4:43:55 PM",Morning Walk,Walk,,2463,3.30,99.0,4,false,,,activities/15372242068.fit.gz,,,2463.0,2442.0,3302.4,4.771,1.352,14.0,513.0,5.3,90.5,7.5,-2.5,,,66.0,60.0,99.0,88.0,,,193.0,,,4.0,,,,,,,,,,,,,0.0,,1.0,,,,,,,,,,,,,,,,,,,,,,,,,,,0.0,1.341,0.0,,,,4878.0,,,,,,,,,,,,,""
14420308075,"May 8, 2025, 10:19:55 PM",Afternoon Pickleball,Workout,,2,0.00,80.0,0,false,,,activities/15385742265.fit.gz,,,2.0,2.0,2.5,1.25,1.25,0.0,0.0,0.0,0.0,0.0,0.0,,,,,80.0,79.0,,,,,,0.0,,,,,,,,,,,,,0.0,,1.0,,,,,,,,,,,,,,,,,,,,,,,,,,,0.0,1.25,0.0,,,,,,,,,,,,,,,,,""
14420739985,"May 8, 2025, 10:20:55 PM",Afternoon Tennis,Workout,,4227,2.34,146.0,11,false,,,activities/15386265083.fit.gz,,,4227.0,3858.0,2344.6,2.3,0.608,0.0,0.0,3.0,3.2,2.1,0.0,,,103.0,61.0,146.0,107.0,,,323.0,,,11.0,,,,,,,,,,,,,0.0,,1.0,,,,,,,,,,,,,,,,,,,,,,,,,,,0.0,0.555,0.0,,,,3756.0,,,,,,,3756.0,,,,,,""
14431197373,"May 10, 2025, 3:50:41 AM",Evening Walk,Walk,,1892,2.20,115.0,4,false,,,activities/15397285950.fit.gz,,,1892.0,1835.0,2199.1,2.017,1.198,14.7,62.0,141.9,156.9,5.4,0.1,,,115.0,57.0,115.0,93.0,,,128.0,,,4.0,,,,,,,,,,,,,0.0,,1.0,,,,,,,,,,,,,,,,,,,,,,,,,,,0.0,1.162,0.0,,,,3434.0,,,,,,,,,,,,,""
14437599812,"May 10, 2025, 2:04:16 PM",Santa Barbara wine country half,Run,"Went out too hard and walked hills, missed you Mamps go danicat!",7648,21.20,193.0,435,false,,HOKA Clifton 8,activities/15404031075.fit.gz,,,7648.0,7615.0,21200.1,5.333,2.784,243.9,303.0,142.9,300.2,11.6,0.0,,,122.0,86.0,193.0,176.0,,,1536.0,,,435.0,,,,,,,,,,,0.0,,0.0,,1.0,21513.0,,,,,,,,,,,,,,,,14035992.0,,,,,,,,,,0.0,2.772,0.0,,,,21828.0,,,,,2.825,,,,,,,,""
14451822284,"May 12, 2025, 12:11:41 AM",Afternoon Walk,Walk,,1971,1.54,89.0,2,false,,,activities/15419109896.fit.gz,,,1971.0,1663.0,1539.2,1.7,0.926,0.0,51.0,9.0,12.7,1.5,-0.1,,,88.0,58.0,89.0,79.0,,,103.0,,,2.0,,,,,,,,,,,,,0.0,,1.0,,,,,,,,,,,,,,,,,,,,,,,,,,,0.0,0.781,0.0,,,,2732.0,,,,,,,,,,,,,""
14461690167,"May 12, 2025, 11:54:47 PM",Afternoon Swim,Swim,,1184,"1,550",161.0,32,false,,,activities/15429554759.fit.gz,,,1184.0,1181.0,1550.0,2.28,1.312,0.0,0.0,0.0,0.0,0.0,0.0,,,,25.0,161.0,145.0,,,206.0,,,32.0,,,,,,,,,,,,,0.0,,1.0,,,,,,,,,,,,,,,,,,,,,,,,,,,0.0,1.309,0.0,,,,,,25.0,,,,,,,,,,,""
14473613290,"May 14, 2025, 1:37:08 AM",Evening Yoga,Yoga,,3139,0,123.0,5,false,,,activities/15442135197.fit.gz,,,3139.0,3139.0,0.0,0.0,0.0,0.0,0.0,0.0,0.0,0.0,0.0,,,,,123.0,79.0,,,123.0,,,5.0,,,,,,,,,,,,,0.0,,1.0,,,,,,,,,,,,,,,,,,,,,,,,,,,0.0,0.0,0.0,,,,,,,,,,,0.0,,,,,,""
14494005315,"May 16, 2025, 12:22:04 AM",Afternoon Run,Run,,771,2.36,164.0,22,false,,HOKA Clifton 8,activities/15463791861.fit.gz,,,771.0,758.0,2365.1,4.4,3.12,2.4,107.0,6.3,88.0,1.6,-3.5,,,92.0,87.0,164.0,157.0,,,143.0,,,22.0,,,,,,,,,,,,,0.0,,1.0,2227.3,,,,,,,,,,,,,,,,14035992.0,,,,,,,,,,0.0,3.068,0.0,,,,2190.0,,,,,2.938,,,,,,,,""
14494515764,"May 16, 2025, 1:36:54 AM",Evening Yoga,Yoga,,2837,0,123.0,6,false,,,activities/15464345437.fit.gz,,,2837.0,2837.0,0.0,,0.0,0.0,0.0,0.0,0.0,0.0,0.0,,,,,123.0,95.0,,,167.0,,,6.0,,,,,,,,,,,,,0.0,,1.0,,,,,,,,,,,,,,,,,,,,,,,,,,,0.0,0.0,0.0,,,,,,,,,,,0.0,,,,,,""
14494806189,"May 16, 2025, 2:29:25 AM",Evening Walk,Walk,,5464,3.10,129.0,6,false,,,activities/15464667646.fit.gz,,,5464.0,2951.0,3107.3,3.633,1.053,100.6,276.0,7.1,102.1,37.7,2.9,,,85.0,58.0,129.0,97.0,,,280.0,,,6.0,,,,,,,,,,,,,0.0,,1.0,,,,,,,,,,,,,,,,,,,,,,,,,,,0.0,0.569,0.0,,,,4276.0,,,,,,,,,,,,,""
14501931537,"May 16, 2025, 8:00:52 PM",Afternoon Ride,Ride,,684,2.91,127.0,1,false,,1996 Cannondale M200 SE,activities/15472381347.fit.gz,,11.793,684.0,629.0,2910.9,10.15,4.628,11.4,77.0,5.7,43.6,5.2,-1.3,,,,,127.0,99.0,,,52.0,,,1.0,,,,,,,,,,,,,0.0,,1.0,,,,,,,,,,,,,,,,11490857.0,,,,,,,,,,,0.0,4.256,0.0,,,,,,,,,,,,,,,,,""
14502902521,"May 16, 2025, 11:31:19 PM",Office to home early ride,Ride,"",990,2.88,153.0,6,false,,1996 Cannondale M200 SE,activities/15473430378.fit.gz,,11.793,990.0,969.0,2887.5,8.967,2.98,76.7,31.0,6.9,73.1,18.6,2.3,,,,,153.0,125.0,,,128.0,,,6.0,,,,,,,,,,,0.0,,0.0,,1.0,,,,,,,,,,,,,,,,11490857.0,,,,,,,,,,,0.0,2.917,0.0,,,,,,,,,,,,,,,,,""
14504105095,"May 17, 2025, 4:35:18 AM",Night Walk,Walk,,920,0.97,137.0,2,false,,,activities/15474774388.fit.gz,,,920.0,903.0,976.6,2.938,1.082,54.1,63.0,39.9,94.7,23.1,5.6,,,118.0,58.0,137.0,113.0,,,88.0,,,2.0,,,,,,,,,,,,,0.0,,1.0,,,,,,,,,,,,,,,,,,,,,,,,,,,0.0,1.062,0.0,,,,1718.0,,,,,,,,,,,,,""
14520120138,"May 18, 2025, 2:31:38 PM",Morning Run,Run,,561,1.34,159.0,6,false,,HOKA Clifton 8,activities/15492853761.fit.gz,,,561.0,516.0,1339.1,4.056,2.595,0.0,102.0,4.1,15.1,0.6,-0.8,,,107.0,79.0,159.0,137.0,,,87.0,,,6.0,,,,,,,,,,,,,0.0,,1.0,1319.8,,,,,,,,,,,,,,,,14035992.0,,,,,,,,,,0.0,2.387,0.0,,,,1408.0,,,,,2.558,,,,,,,,""
14523018197,"May 18, 2025, 3:23:09 PM",Bay to Breakers,Run,[strava://athletes/95700893/12]julie colson [strava://athletes/55573677/16]Jen Gaarder-Wang !,4835,12.24,185.0,161,false,"",HOKA Clifton 8,activities/15496017391.fit.gz,,,4835.0,4716.0,12246.9,4.171,2.597,108.5,577.0,5.4,79.8,11.1,0.0,,,99.0,86.0,185.0,161.0,,,879.0,,,161.0,,,,,,,,,,,,,0.0,,1.0,12416.2,,,,,,,,,,,,,,,,14035992.0,,,,,,,,,,0.0,2.533,15.4,,,,13822.0,,,,,2.633,,,,,,,,media/748c62a6-89c4-4ec7-a329-b261752f64fa.jpg|media/4d099a12-be6c-403f-8de8-1f03a3ea7a52.mp4|media/2507579a-8ddd-40b6-856f-e1231456d2bc.jpg|media/735afdf0-6986-4eb5-81d8-dbe8536bf9ef.jpg|media/4ddd407e-2679-4225-bd12-10f5b34d985f.jpg
14535557457,"May 20, 2025, 3:39:36 AM",Evening Walk,Walk,,3162,2.82,111.0,5,false,,,activities/15509965164.fit.gz,,,3162.0,2389.0,2827.2,4.633,1.183,0.0,164.0,2.8,5.5,1.4,0.0,,,119.0,56.0,111.0,91.0,,,170.0,,,5.0,,,,,,,,,,,,,0.0,,1.0,,,,,,,,,,,,,,,,,,,,,,,,,,,0.0,0.894,0.0,,,,4482.0,,,,,,,,,,,,,""
14551088291,"May 21, 2025, 2:34:53 PM",Morning Ride,Ride,,634,2.73,152.0,2,false,,1996 Cannondale M200 SE,activities/15526587400.fit.gz,,11.793,634.0,610.0,2730.2,7.833,4.476,11.7,69.0,5.6,62.3,4.8,-2.1,,,,,152.0,115.0,,,69.0,,,2.0,,,,,,,,,,,,,0.0,,1.0,,,,,,,,,,,,,,,,11490857.0,,,,,,,,,,,0.0,4.306,0.0,,,,,,,,,,,,,,,,,""
14551901025,"May 21, 2025, 3:11:18 PM",Agent Circuit group run #1,Run,Cloudflare -> OpenAI -> Google -> Meta -> Anthropic -> Cf,3733,6.79,157.0,21,false,"",HOKA Clifton 8,activities/15527450359.fit.gz,,,3733.0,3717.0,6796.4,4.683,1.828,19.2,450.0,2.7,19.4,25.0,0.0,,,118.0,83.0,157.0,127.0,,,496.0,,,21.0,,,,,,,,,,,,,0.0,,1.0,6814.4,,,,,,,,,,,,,,,,14035992.0,,,,,,,,,,0.0,1.821,88.9,,,,8354.0,,,,,1.833,,,,,,,,media/c909faf7-1a5c-43fa-ab37-cc6d5087c4f6.jpg|media/c71f67f3-7256-457a-8ccb-3d2819f2fc25.jpg|media/a1799e14-6b65-4e5d-b003-345c04a021f5.jpg
14555348394,"May 21, 2025, 10:09:39 PM",Afternoon Ride,Ride,,991,2.95,181.0,18,false,,1996 Cannondale M200 SE,activities/15531095100.fit.gz,,11.793,991.0,991.0,2958.1,8.783,2.985,79.1,39.0,6.7,75.1,15.9,2.2,,,,,181.0,145.0,,,161.0,,,18.0,,,,,,,,,,,,,0.0,,1.0,,,,,,,,,,,,,,,,11490857.0,,,,,,,,,,,0.0,2.985,0.0,,,,,,,,,,,,,,,,,""
14565819102,"May 23, 2025, 12:05:25 AM",Afternoon Walk,Walk,,1546,2.20,104.0,3,false,,,activities/15542352561.fit.gz,,,1546.0,1506.0,2200.8,3.487,1.461,16.9,187.0,33.9,94.3,7.6,-2.7,,,89.0,63.0,104.0,94.0,,,124.0,,,3.0,,,,,,,,,,,,,0.0,,1.0,,,,,,,,,,,,,,,,,,,,,,,,,,,0.0,1.424,0.0,,,,3090.0,,,,,,,,,,,,,""
14566450893,"May 23, 2025, 1:46:41 AM",Evening Tennis,Workout,,4223,3.03,175.0,25,false,,,activities/15543037084.fit.gz,,,4223.0,4074.0,3036.2,3.3,0.745,0.0,0.0,44.3,48.9,26.6,0.0,,,123.0,61.0,175.0,128.0,,,482.0,,,25.0,,,,,,,,,,,,,0.0,,1.0,,,,,,,,,,,,,,,,,,,,,,,,,,,0.0,0.719,0.0,,,,5084.0,,,,,,,5084.0,,,,,,""
14585266764,"May 25, 2025, 12:42:19 AM",Walk to ferry,Walk,"",1225,1.52,113.0,1,false,,,activities/15563361106.fit.gz,,,1225.0,1225.0,1520.4,1.733,1.241,0.0,34.0,2.2,4.0,1.5,0.0,,,62.0,58.0,113.0,79.0,,,84.0,,,1.0,,,,,,,,,,,0.0,,0.0,,1.0,,,,,,,,,,,,,,,,,,,,,,,,,,,0.0,1.241,109.7,,,,2390.0,,,,,,,,,,,,,""
14593828211,"May 25, 2025, 5:52:09 PM",Morning Tennis,Workout,,2093,1.59,148.0,6,false,,,activities/15572560264.fit.gz,,,2093.0,2093.0,1592.9,2.46,0.761,0.0,0.0,3.8,4.0,1.7,0.0,,,125.0,66.0,148.0,106.0,,,176.0,,,6.0,,,,,,,,,,,,,0.0,,1.0,,,,,,,,,,,,,,,,,,,,,,,,,,,0.0,0.761,0.0,,,,2070.0,,,,,,,2070.0,,,,,,""
14606254590,"May 27, 2025, 1:08:39 AM",Evening Tennis,Workout,,5055,3.63,158.0,18,false,,,activities/15585993756.fit.gz,,,5055.0,5020.0,3633.3,3.52,0.724,0.0,0.0,3.2,3.4,2.0,0.0,,,113.0,62.0,158.0,115.0,,,440.0,,,18.0,,,,,,,,,,,,,0.0,,1.0,,,,,,,,,,,,,,,,,,,,,,,,,,,0.0,0.719,0.0,,,,5474.0,,,,,,,5474.0,,,,,,""
14606361590,"May 27, 2025, 2:38:26 AM",Evening Walk,Walk,,1835,1.96,101.0,2,false,,,activities/15586113247.fit.gz,,,1835.0,1544.0,1960.6,3.344,1.27,90.6,251.0,3.8,94.4,23.6,4.6,,,65.0,58.0,101.0,85.0,,,136.0,,,2.0,,,,,,,,,,,,,0.0,,1.0,,,,,,,,,,,,,,,,,,,,,,,,,,,0.0,1.068,0.0,,,,3144.0,,,,,,,,,,,,,""
14612382605,"May 27, 2025, 5:09:57 PM",Morning Ride,Ride,,516,1.91,152.0,1,false,,1996 Cannondale M200 SE,activities/15592619878.fit.gz,,11.793,516.0,501.0,1913.1,6.8,3.819,12.1,51.0,5.9,22.4,4.6,-0.9,,,,,152.0,105.0,,,46.0,,,1.0,,,,,,,,,,,,,0.0,,1.0,,,,,,,,,,,,,,,,11490857.0,,,,,,,,,,,0.0,3.708,0.0,,,,,,,,,,,,,,,,,""
14615585882,"May 27, 2025, 11:02:15 PM",Afternoon Ride,Ride,,1378,4.44,166.0,12,false,,1996 Cannondale M200 SE,activities/15595996411.fit.gz,,11.793,1378.0,1363.0,4443.3,7.786,3.26,70.4,105.0,6.9,65.2,8.0,1.3,,,,,166.0,130.0,,,190.0,,,12.0,,,,,,,,,,,,,0.0,,1.0,,,,,,,,,,,,,,,,11490857.0,,,,,,,,,,,0.0,3.224,0.0,,,,,,,,,,,,,,,,,""
14616408777,"May 28, 2025, 1:15:26 AM",Evening Walk,Walk,,1115,2.13,158.0,7,false,,,activities/15596872485.fit.gz,,,1115.0,1100.0,2134.3,6.92,1.94,0.0,212.0,3.5,94.5,2.4,-4.3,,,120.0,71.0,158.0,122.0,,,141.0,,,7.0,,,,,,,,,,,,,0.0,,1.0,,,,,,,,,,,,,,,,,,,,,,,,,,,0.0,1.914,0.0,,,,2606.0,,,,,,,,,,,,,""
14616783192,"May 28, 2025, 1:37:02 AM",Evening Tennis,Workout,,5246,3.30,168.0,23,false,,,activities/15597281310.fit.gz,,,5246.0,5020.0,3301.3,2.48,0.658,0.0,0.0,3.3,3.7,4.3,0.0,,,115.0,59.0,168.0,120.0,,,494.0,,,23.0,,,,,,,,,,,,,0.0,,1.0,,,,,,,,,,,,,,,,,,,,,,,,,,,0.0,0.629,0.0,,,,4876.0,,,,,,,4876.0,,,,,,""
14616876940,"May 28, 2025, 3:08:51 AM",Evening Pickleball,Workout,,1496,0.96,129.0,3,false,,,activities/15597385332.fit.gz,,,1496.0,1463.0,968.7,2.88,0.662,0.0,0.0,3.4,3.8,3.6,0.0,,,122.0,57.0,129.0,99.0,,,109.0,,,3.0,,,,,,,,,,,,,0.0,,1.0,,,,,,,,,,,,,,,,,,,,,,,,,,,0.0,0.648,0.0,,,,2392.0,,,,,,,2392.0,,,,,,""
14616943714,"May 28, 2025, 3:46:35 AM",Evening Walk,Walk,,485,0.67,114.0,1,false,,,activities/15597460284.fit.gz,,,485.0,464.0,674.5,4.767,1.454,2.4,231.0,4.1,6.6,1.9,0.4,,,118.0,61.0,114.0,103.0,,,45.0,,,1.0,,,,,,,,,,,,,0.0,,1.0,,,,,,,,,,,,,,,,,,,,,,,,,,,0.0,1.391,0.0,,,,914.0,,,,,,,,,,,,,""
14624548917,"May 28, 2025, 8:17:03 PM",Afternoon Run,Run,,558,1.53,152.0,7,false,,HOKA Clifton 8,activities/15605632918.fit.gz,,,558.0,515.0,1538.6,4.35,2.988,0.0,38.0,17.3,22.6,0.0,-0.3,,,93.0,86.0,152.0,139.0,,,89.0,,,7.0,,,,,,,,,,,,,0.0,,1.0,1529.5,,,,,,,,,,,,,,,,14035992.0,,,,,,,,,,0.0,2.757,0.0,,,,1546.0,,,,,2.97,,,,,,,,""
14626969606,"May 29, 2025, 2:54:55 AM",Run to watch tennis,Run,"",2271,5.83,179.0,71,false,,HOKA Clifton 8,activities/15608213549.fit.gz,,,2271.0,2205.0,5836.3,4.533,2.647,58.0,153.0,23.1,78.5,11.1,0.5,,,93.0,85.0,179.0,158.0,,,412.0,,,71.0,,,,,,,,,,,0.0,,0.0,,1.0,5969.5,,,,,,,,,,,,,,,,14035992.0,,,,,,,,,,0.0,2.57,0.0,,,,6264.0,,,,,2.707,,,,,,,,""
14627224730,"May 29, 2025, 4:26:34 AM",Night Run,Run,,2050,4.50,165.0,36,false,,HOKA Clifton 8,activities/15608504936.fit.gz,,,2050.0,2042.0,4507.9,4.0,2.208,57.8,160.0,51.2,91.7,12.0,0.1,,,96.0,78.0,165.0,146.0,,,322.0,,,36.0,,,,,,,,,,,,,0.0,,1.0,4647.6,,,,,,,,,,,,,,,,14035992.0,,,,,,,,,,0.0,2.199,0.0,,,,5152.0,,,,,2.276,,,,,,,,""
14633438355,"May 29, 2025, 4:43:45 PM",Morning Walk,Walk,,2198,2.92,129.0,4,false,,,activities/15615175152.fit.gz,,,2198.0,2080.0,2920.3,3.775,1.404,12.4,438.0,7.0,94.0,5.3,-3.0,,,118.0,62.0,129.0,96.0,,,178.0,,,4.0,,,,,,,,,,,,,0.0,,1.0,,,,,,,,,,,,,,,,,,,,,,,,,,,0.0,1.329,0.0,,,,4290.0,,,,,,,,,,,,,""
14636477419,"May 29, 2025, 11:30:48 PM",Afternoon Walk,Walk,,2052,2.51,111.0,4,false,,,activities/15618403456.fit.gz,,,2052.0,1982.0,2518.6,2.64,1.271,8.3,134.0,2.6,11.7,6.9,0.2,,,70.0,60.0,111.0,97.0,,,150.0,,,4.0,,,,,,,,,,,,,0.0,,1.0,,,,,,,,,,,,,,,,,,,,,,,,,,,0.0,1.227,0.0,,,,3722.0,,,,,,,,,,,,,""
14644100120,"May 30, 2025, 5:06:05 PM",Milo singles tennis,Workout,"",5124,3.59,188.0,61,false,,,activities/15626651871.fit.gz,,,5124.0,4847.0,3595.9,2.867,0.742,0.0,0.0,3.4,4.0,2.9,0.0,,,115.0,64.0,188.0,137.0,,,602.0,,,61.0,,,,,,,,,,,0.0,,0.0,,1.0,,,,,,,,,,,,,,,,,,,,,,,,,,,0.0,0.702,0.0,,,,6664.0,,,,,,,6664.0,,,,,,""
14655819808,"May 31, 2025, 8:10:12 PM",Afternoon Walk,Walk,,2258,3.03,97.0,3,false,,,activities/15639249065.fit.gz,,,2258.0,2241.0,3029.4,2.6,1.352,10.7,221.0,10.1,67.8,3.7,-1.9,,,66.0,60.0,97.0,82.0,,,167.0,,,3.0,,,,,,,,,,,,,0.0,,1.0,,,,,,,,,,,,,,,,,,,,,,,,,,,0.0,1.342,0.0,,,,4450.0,,,,,,,,,,,,,""
14657837355,"Jun 1, 2025, 1:52:54 AM",Evening Tennis,Workout,,5188,3.39,166.0,34,false,,,activities/15641447399.fit.gz,,,5188.0,5085.0,3396.7,3.35,0.668,0.0,0.0,3.3,4.1,4.9,0.0,,,121.0,63.0,166.0,127.0,,,556.0,,,34.0,,,,,,,,,,,,,0.0,,1.0,,,,,,,,,,,,,,,,,,,,,,,,,,,0.0,0.655,0.0,,,,4934.0,,,,,,,4934.0,,,,,,""
14667690669,"Jun 1, 2025, 10:40:57 PM",Afternoon Walk,Walk,,5,0,85.0,0,false,,,activities/15652015086.fit.gz,,,5.0,5.0,0.0,0.0,0.0,0.0,0.0,0.0,0.0,0.0,0.0,,,,,85.0,83.0,,,,,,0.0,,,,,,,,,,,,,0.0,,1.0,,,,,,,,,,,,,,,,,,,,,,,,,,,0.0,0.0,0.0,,,,10.0,,,,,,,,,,,,,""
14668149031,"Jun 1, 2025, 11:27:41 PM",Afternoon Tennis,Workout,,5328,3.11,164.0,22,false,,,activities/15652513884.fit.gz,,,5328.0,4762.0,3112.7,2.22,0.654,0.0,0.0,74.2,75.2,13.6,0.0,,,118.0,58.0,164.0,121.0,,,493.0,,,22.0,,,,,,,,,,,,,0.0,,1.0,,,,,,,,,,,,,,,,,,,,,,,,,,,0.0,0.584,0.0,,,,3880.0,,,,,,,3880.0,,,,,,""
14676407474,"Jun 2, 2025, 7:08:44 PM",Lunch Walk,Walk,,2523,2.81,93.0,3,false,,,activities/15661458932.fit.gz,,,2523.0,2081.0,2816.1,3.371,1.353,7.7,302.0,19.0,95.8,5.4,-2.6,,,93.0,62.0,93.0,80.0,,,163.0,,,3.0,,,,,,,,,,,,,0.0,,1.0,,,,,,,,,,,,,,,,,,,,,,,,,,,0.0,1.116,0.0,,,,3902.0,,,,,,,,,,,,,""
14676407619,"Jun 2, 2025, 8:47:51 PM",Afternoon Walk,Walk,,1393,1.95,119.0,3,false,,,activities/15661459144.fit.gz,,,1393.0,1330.0,1949.5,2.44,1.466,40.0,187.0,19.4,59.6,8.9,1.9,,,89.0,62.0,119.0,101.0,,,119.0,,,3.0,,,,,,,,,,,,,0.0,,1.0,,,,,,,,,,,,,,,,,,,,,,,,,,,0.0,1.399,0.0,,,,2722.0,,,,,,,,,,,,,""
14695936043,"Jun 4, 2025, 4:24:28 PM",Morning Walk,Walk,,2356,3.06,105.0,4,false,,,activities/15682390985.fit.gz,,,2356.0,2334.0,3059.0,2.938,1.311,0.0,314.0,5.5,90.9,2.8,-2.7,,,100.0,59.0,105.0,88.0,,,174.0,,,4.0,,,,,,,,,,,,,0.0,,1.0,,,,,,,,,,,,,,,,,,,,,,,,,,,0.0,1.298,0.0,,,,4432.0,,,,,,,,,,,,,""
14701071999,"Jun 5, 2025, 4:36:42 AM",Night Walk,Walk,,2454,2.97,113.0,4,false,,,activities/15687879039.fit.gz,,,2454.0,2283.0,2973.1,4.773,1.302,97.9,399.0,7.0,94.5,28.6,2.9,,,66.0,58.0,113.0,87.0,,,182.0,,,4.0,,,,,,,,,,,,,0.0,,1.0,,,,,,,,,,,,,,,,,,,,,,,,,,,0.0,1.212,0.0,,,,4286.0,,,,,,,,,,,,,""
14709935149,"Jun 6, 2025, 1:13:33 AM",Run to Pilates,Run,"",784,2.34,162.0,19,false,,HOKA Clifton 8,activities/15697384334.fit.gz,,,784.0,784.0,2343.3,5.2,2.989,2.5,131.0,6.6,87.1,1.7,-3.4,,,96.0,87.0,162.0,152.0,,,142.0,,,19.0,,,,,,,,,,,0.0,,0.0,,1.0,2214.4,,,,,,,,,,,,,,,,14035992.0,,,,,,,,,,0.0,2.989,0.0,,,,2266.0,,,,,2.824,,,,,,,,""
14710166011,"Jun 6, 2025, 1:34:49 AM",Evening Pilates,Workout,,2721,0,117.0,5,false,,,activities/15697637632.fit.gz,,,2721.0,2721.0,0.0,0.0,0.0,0.0,0.0,0.0,0.0,0.0,0.0,,,76.0,57.0,117.0,90.0,,,152.0,,,5.0,,,,,,,,,,,,,0.0,,1.0,,,,,,,,,,,,,,,,,,,,,,,,,,,0.0,0.0,0.0,,,,,,,,,,,0.0,,,,,,""
14715321352,"Jun 6, 2025, 3:48:00 PM",Morning Ride,Ride,,1188,4.59,134.0,3,false,,1996 Cannondale M200 SE,activities/15703251265.fit.gz,,11.793,1188.0,1100.0,4596.5,8.15,4.179,12.1,184.0,13.4,68.4,5.3,-0.9,,,,,134.0,107.0,,,109.0,,,3.0,,,,,,,,,,,,,0.0,,1.0,,,,,,,,,,,,,,,,11490857.0,,,,,,,,,,,0.0,3.869,0.0,,,,,,,,,,,,,,,,,""
14715800127,"Jun 6, 2025, 4:39:37 PM",Morning Ride,Ride,,1363,4.89,133.0,4,false,,1996 Cannondale M200 SE,activities/15703764583.fit.gz,,11.793,1363.0,1242.0,4889.8,8.25,3.937,15.6,150.0,2.5,24.8,3.1,-0.4,,,,,133.0,113.0,,,133.0,,,4.0,,,,,,,,,,,,,0.0,,1.0,,,,,,,,,,,,,,,,11490857.0,,,,,,,,,,,0.0,3.588,0.0,,,,,,,,,,,,,,,,,""
14717107956,"Jun 6, 2025, 7:02:15 PM",Lunch Yoga,Yoga,,2700,0,116.0,4,false,,,activities/15705171742.fit.gz,,,2700.0,2700.0,0.0,0.0,0.0,0.0,0.0,0.0,0.0,0.0,0.0,,,,,116.0,85.0,,,122.0,,,4.0,,,,,,,,,,,,,0.0,,1.0,,,,,,,,,,,,,,,,,,,,,,,,,,,0.0,0.0,0.0,,,,,,,,,,,0.0,,,,,,""
14718336532,"Jun 6, 2025, 10:42:29 PM",Afternoon Ride,Ride,,2640,5.54,165.0,14,false,,1996 Cannondale M200 SE,activities/15706501421.fit.gz,,11.793,2640.0,1877.0,5546.6,7.5,2.955,108.0,167.0,6.6,95.8,12.6,1.6,,,,,165.0,126.0,,,262.0,,,14.0,,,,,,,,,,,,,0.0,,1.0,,,,,,,,,,,,,,,,11490857.0,,,,,,,,,,,0.0,2.101,0.0,,,,,,,,,,,,,,,,,""
14738382775,"Jun 8, 2025, 8:11:48 PM",Post-pat tennis il canto run to craft fair,Run,"",1157,3.19,164.0,26,false,,HOKA Clifton 8,activities/15728174111.fit.gz,,,1157.0,1132.0,3193.2,3.833,2.821,14.9,151.0,14.5,84.1,4.1,-2.0,,,107.0,83.0,164.0,151.0,,,208.0,,,26.0,,,,,,,,,,,0.0,,0.0,,1.0,3100.8,,,,,,,,,,,,,,,,14035992.0,,,,,,,,,,0.0,2.76,0.0,,,,3226.0,,,,,2.739,,,,,,,,""
14738997979,"Jun 8, 2025, 10:06:54 PM",Afternoon Walk,Walk,,1409,1.89,131.0,3,false,,,activities/15728851989.fit.gz,,,1409.0,1409.0,1892.7,2.96,1.343,39.2,100.0,22.6,61.9,10.5,1.9,,,64.0,59.0,131.0,100.0,,,111.0,,,3.0,,,,,,,,,,,,,0.0,,1.0,,,,,,,,,,,,,,,,,,,,,,,,,,,0.0,1.343,0.0,,,,2758.0,,,,,,,,,,,,,""
14747524829,"Jun 9, 2025, 6:17:31 PM",Lunch Run,Run,,792,2.27,165.0,19,false,,HOKA Clifton 8,activities/15738078219.fit.gz,,,792.0,764.0,2273.8,5.52,2.976,2.4,152.0,6.6,90.8,1.7,-3.7,,,95.0,90.0,165.0,153.0,,,147.0,,,19.0,,,,,,,,,,,,,0.0,,1.0,2149.3,,,,,,,,,,,,,,,,14035992.0,,,,,,,,,,0.0,2.871,0.0,,,,2316.0,,,,,2.813,,,,,,,,""
14747997854,"Jun 9, 2025, 6:33:37 PM",Lunch Pilates,Workout,,2815,0,131.0,5,false,,,activities/15738579634.fit.gz,,,2815.0,2815.0,0.0,0.0,0.0,0.0,0.0,0.0,0.0,0.0,0.0,,,60.0,54.0,131.0,88.0,,,150.0,,,5.0,,,,,,,,,,,,,0.0,,1.0,,,,,,,,,,,,,,,,,,,,,,,,,,,0.0,0.0,0.0,,,,,,,,,,,0.0,,,,,,""
14761425874,"Jun 11, 2025, 1:44:16 AM",30 min 2010s Ride with Ally Love,Ride,"Total Output: 188.2 kJ
Leaderboard Rank: 18,304 / 36,524",1800,13.04,,,false,,1996 Cannondale M200 SE,activities/15753047792.tcx.gz,,11.793,1800.0,1800.0,13039.7,10.1,7.244,0.0,0.0,0.0,0.0,0.0,0.0,,,116.0,74.0,,,,104.0,264.0,,,,,,,,,,,,116.0,1801.0,,,0.0,,1.0,,,,,,,,,,,,,,,,11490857.0,,,,,,,,,,,0.0,7.244,0.0,,,,,,,55.0,105.0,,,,,,,,,media/df68b04e-9654-4848-a54b-804fd74e4d59.jpg
14761430506,"Jun 11, 2025, 1:43:42 AM",Evening Ride,Ride,,1838,0,179.0,25,false,,1996 Cannondale M200 SE,activities/15753052881.fit.gz,,11.793,1838.0,1838.0,0.0,0.0,0.0,0.0,0.0,0.0,0.0,0.0,0.0,,,,,179.0,138.0,,0.0,272.0,,,25.0,,,,,,,,,,,,,0.0,,1.0,,,,,,,,,,,,,,,,11490857.0,,,,,,,,,,,0.0,0.0,0.0,,,,,,,,,,,,,,,,,""
14771491519,"Jun 11, 2025, 11:17:53 PM",30 min Country Pop Ride with Ally Love,Ride,"Total Output: 202.4 kJ
Leaderboard Rank: 17,561 / 41,389",1800,13.39,,,false,,1996 Cannondale M200 SE,activities/15763901184.tcx.gz,,11.793,1800.0,1800.0,13390.4,10.22,7.439,0.0,0.0,0.0,0.0,0.0,0.0,,,110.0,79.0,,,,112.0,284.0,,,,,,,,,,,,122.0,1801.0,,,0.0,,1.0,,,,,,,,,,,,,,,,11490857.0,,,,,,,,,,,0.0,7.439,0.0,,,,,,,61.0,111.0,,,,,,,,,media/d21d13ca-d996-49ac-80f1-7b1629c6bf64.jpg
14771500726,"Jun 11, 2025, 11:17:46 PM",Afternoon Ride,Ride,,1830,0,181.0,41,false,,1996 Cannondale M200 SE,activities/15763910962.fit.gz,,11.793,1830.0,1830.0,0.0,0.0,0.0,0.0,0.0,0.0,0.0,0.0,0.0,,,,,181.0,149.0,,0.0,314.0,,,41.0,,,,,,,,,,,,,0.0,,1.0,,,,,,,,,,,,,,,,11490857.0,,,,,,,,,,,0.0,0.0,0.0,,,,,,,,,,,,,,,,,""
14772868970,"Jun 12, 2025, 4:19:19 AM",Night Walk,Walk,,1331,1.56,141.0,4,false,,,activities/15765411397.fit.gz,,,1331.0,1262.0,1567.0,2.364,1.242,25.8,175.0,20.1,41.0,11.3,0.5,,,70.0,60.0,141.0,119.0,,0.0,137.0,,,4.0,,,,,,,,,,,,,0.0,,1.0,,,,,,,,,,,,,,,,,,,,,,,,,,,0.0,1.177,0.0,,,,2462.0,,,,,,,,,,,,,""
14790919218,"Jun 13, 2025, 10:47:01 PM",Afternoon Swim,Swim,,1819,"2,300",157.0,13,false,,,activities/15784936045.fit.gz,,,1819.0,1817.0,2300.0,2.1,1.266,0.0,0.0,0.0,0.0,0.0,0.0,,,,22.0,157.0,125.0,,,249.0,,,13.0,,,,,,,,,,,,,0.0,,1.0,,,,,,,,,,,,,,,,,,,,,,,,,,,0.0,1.264,0.0,,,,,,25.0,,,,,,,,,,,""
14799347906,"Jun 14, 2025, 5:14:25 PM",Morning Tennis,Workout,,2748,2.23,150.0,7,false,,,activities/15794062804.fit.gz,,,2748.0,2725.0,2233.9,4.233,0.82,0.0,0.0,3.4,3.8,2.3,0.0,,,115.0,62.0,150.0,109.0,,,239.0,,,7.0,,,,,,,,,,,,,0.0,,1.0,,,,,,,,,,,,,,,,,,,,,,,,,,,0.0,0.813,0.0,,,,2580.0,,,,,,,2580.0,,,,,,""
14802366276,"Jun 15, 2025, 2:21:17 AM",Walk to Octavia,Walk,"",1151,1.46,84.0,1,false,,,activities/15797365274.fit.gz,,,1151.0,1070.0,1464.4,2.567,1.369,22.4,101.0,49.0,83.5,7.0,-0.9,,,70.0,60.0,84.0,75.0,,,81.0,,,1.0,,,,,,,,,,,0.0,,0.0,,1.0,,,,,,,,,,,,,,,,,,,,,,,,,,,0.0,1.272,0.0,,,,2136.0,,,,,,,,,,,,,""
14802871212,"Jun 15, 2025, 5:09:25 AM",Post-Octavia walk,Walk,"",1173,1.40,109.0,1,false,,,activities/15797947251.fit.gz,,,1173.0,1141.0,1406.4,2.314,1.233,27.9,102.0,49.0,77.2,11.3,0.1,,,118.0,59.0,109.0,85.0,,,81.0,,,1.0,,,,,,,,,,,0.0,,0.0,,1.0,,,,,,,,,,,,,,,,,,,,,,,,,,,0.0,1.199,0.0,,,,2120.0,,,,,,,,,,,,,""
14809678996,"Jun 15, 2025, 4:11:53 PM",Morning Walk,Walk,,2760,3.05,114.0,4,false,,,activities/15805269345.fit.gz,,,2760.0,2380.0,3049.6,3.843,1.281,8.4,290.0,18.8,95.8,6.3,-2.5,,,66.0,61.0,114.0,93.0,,,176.0,,,4.0,,,,,,,,,,,,,0.0,,1.0,,,,,,,,,,,,,,,,,,,,,,,,,,,0.0,1.105,0.0,,,,4442.0,,,,,,,,,,,,,""
14812766952,"Jun 16, 2025, 12:10:47 AM",Patrick walk to Father’s Day/La Madre bday,Walk,"",2793,3.46,106.0,4,false,,,activities/15808635863.fit.gz,,,2793.0,2423.0,3460.6,2.967,1.428,10.2,179.0,7.0,83.1,3.7,-2.2,,,121.0,61.0,106.0,91.0,,,187.0,,,4.0,,,,,,,,,,,0.0,,0.0,,1.0,,,,,,,,,,,,,,,,,,,,,,,,,,,0.0,1.239,0.0,,,,4884.0,,,,,,,,,,,,,""
14819746804,"Jun 16, 2025, 6:09:28 PM",Library run to Pilates,Run,"",1206,2.45,168.0,5,false,,HOKA Clifton 8,activities/15816234876.fit.gz,,,1206.0,1052.0,2453.6,4.84,2.332,2.5,160.0,6.5,89.9,2.3,-3.4,,,125.0,78.0,168.0,124.0,,,152.0,,,5.0,,,,,,,,,,,0.0,,0.0,,1.0,2337.6,1750096768.0,2.0,15.2,13.3,10.6,0.74,1017.7,4.6,8.0,249.0,0.0,1750078080.0,1750131200.0,0.625,,14035992.0,0.0,1.0,0.38,19811.0,6.0,,,,,0.0,2.034,0.0,,,,2824.0,,,,,2.222,,,,,,,,""
14820374525,"Jun 16, 2025, 6:35:07 PM",Lunch Pilates,Workout,,2852,0,120.0,5,false,,,activities/15816895980.fit.gz,,,2852.0,2852.0,0.0,0.0,0.0,0.0,0.0,0.0,0.0,0.0,0.0,,,76.0,71.0,120.0,89.0,,,155.0,,,5.0,,,,,,,,,,,,,0.0,,1.0,,,,,,,,,,,,,,,,,,,,,,,,,,,0.0,0.0,0.0,,,,,,,,,,,0.0,,,,,,""
14820705628,"Jun 16, 2025, 7:26:18 PM",Lunch Walk,Walk,,2042,2.40,150.0,5,false,,,activities/15817248700.fit.gz,,,2042.0,1903.0,2405.3,2.256,1.264,89.5,171.0,6.8,95.0,11.6,3.7,,,66.0,60.0,150.0,105.0,,,180.0,,,5.0,,,,,,,,,,,,,0.0,,1.0,,1750100352.0,1.0,16.9,15.2,10.7,0.67,1017.8,4.8,9.0,242.0,0.0,1750078080.0,1750131200.0,0.625,,,0.0,1.0,0.14,23739.0,8.0,,,,,0.0,1.178,0.0,,,,3384.0,,,,,,,,,,,,,""
14823462331,"Jun 17, 2025, 2:07:16 AM",Evening Tennis,Workout,,5234,3.43,180.0,40,false,,,activities/15820202149.fit.gz,,,5234.0,5071.0,3438.2,3.95,0.678,0.0,0.0,36.5,37.2,1.7,0.0,,,125.0,60.0,180.0,138.0,,,700.0,,,40.0,,,,,,,,,,,,,0.0,,1.0,,1750125568.0,1.0,15.1,12.1,9.6,0.7,1016.1,6.4,11.4,269.0,0.0,1750078080.0,1750131200.0,0.625,,,0.0,1.0,0.05,19633.0,1.0,,,,,0.0,0.657,0.0,,,,5732.0,,,,,,,5732.0,,,,,,""
14833825866,"Jun 17, 2025, 11:59:09 PM",Afternoon Run,Run,,1138,2.32,168.0,10,false,,HOKA Clifton 8,activities/15831332806.fit.gz,,,1138.0,954.0,2327.6,4.471,2.44,28.6,125.0,49.0,71.5,7.1,0.3,,,91.0,85.0,168.0,144.0,,,162.0,,,10.0,,,,,,,,,,,,,0.0,,1.0,2399.9,1750201216.0,1.0,20.7,19.8,11.1,0.54,1014.1,5.5,10.2,258.0,0.0,1750164480.0,1750217600.0,0.625,,14035992.0,0.0,1.0,0.0,29962.0,6.0,,,,,0.0,2.045,0.0,,,,2416.0,,,,,2.516,,,,,,,,""
14853209995,"Jun 19, 2025, 6:23:19 PM",Lunch Tennis,Workout,,2339,1.67,153.0,8,false,,,activities/15852307855.fit.gz,,,2339.0,2276.0,1674.6,3.033,0.736,0.0,0.0,3.7,3.9,1.9,0.0,,,120.0,64.0,153.0,124.0,,,268.0,,,8.0,,,,,,,,,,,,,0.0,,1.0,,1750355968.0,1.0,16.5,14.8,11.0,0.7,1011.3,5.0,9.4,258.0,0.0,1750337280.0,1750390528.0,0.875,,,0.0,1.0,0.19,23106.0,7.0,,,,,0.0,0.716,0.0,,,,2672.0,,,,,,,2672.0,,,,,,""
14873922109,"Jun 21, 2025, 7:15:52 PM",Lunch Walk,Walk,,3050,3.25,121.0,5,false,,,activities/15874847668.fit.gz,,,3050.0,2542.0,3249.4,2.8,1.278,57.4,215.0,15.3,91.4,10.8,-0.5,,,78.0,62.0,121.0,96.0,,,218.0,,,5.0,,,,,,,,,,,,,0.0,,1.0,,1750532352.0,1.0,19.5,18.8,9.4,0.52,1016.0,4.3,6.9,276.0,0.0,1750510080.0,1750563328.0,0.875,,,0.0,1.0,0.01,33677.0,8.0,,,,,0.0,1.065,0.0,,,,4424.0,,,,,,,,,,,,,""
14875271510,"Jun 21, 2025, 9:18:09 PM",Ride for chocolates to sunset dunes,Ride,Windy,10461,33.81,175.0,48,false,,1996 Cannondale M200 SE,activities/15876329936.fit.gz,,11.793,10461.0,8347.0,33813.2,9.9,4.051,241.3,759.0,6.8,95.8,14.1,0.1,,,,,175.0,125.0,,,927.0,,,48.0,,,,,,,,,,,0.0,,0.0,,1.0,,1750539648.0,1.0,19.3,17.0,9.2,0.52,1015.8,6.4,11.0,270.0,0.0,1750510080.0,1750563328.0,0.875,11490857.0,,0.0,1.0,0.0,30450.0,9.0,,,,,0.0,3.232,6.4,,,,,,,,,,,,,,,,,""
14884982119,"Jun 22, 2025, 8:14:26 PM",Afternoon Swim,Swim,,1502,"1,875",153.0,11,false,,,activities/15886878254.fit.gz,,,1502.0,1499.0,1875.0,5.0,1.251,0.0,0.0,0.0,0.0,0.0,0.0,,,,19.0,153.0,124.0,,,203.0,,,11.0,,,,,,,,,,,,,0.0,,1.0,,,,,,,,,,,,,,,,,,,,,,,,,,,0.0,1.248,0.0,,,,,,25.0,,,,,,,,,,,""
14891860585,"Jun 23, 2025, 4:03:22 PM",Morning Walk,Walk,,1222,1.50,89.0,1,false,,,activities/15894435370.fit.gz,,,1222.0,1203.0,1502.9,2.2,1.249,0.0,127.0,49.2,146.4,0.0,-6.5,,,65.0,60.0,89.0,79.0,,,79.0,,,1.0,,,,,,,,,,,,,0.0,,1.0,,1750694400.0,1.0,14.0,14.6,11.0,0.82,1013.9,2.5,4.4,231.0,0.0,1750682880.0,1750736128.0,0.875,,,0.0,1.0,0.34,15364.0,2.0,,,,,0.0,1.23,0.0,,,,2414.0,,,,,,,,,,,,,""
14895867494,"Jun 23, 2025, 11:05:30 PM",Afternoon Tennis,Workout,,5602,4.02,170.0,28,false,,,activities/15898707279.fit.gz,,,5602.0,5505.0,4023.6,3.68,0.731,0.0,0.0,3.8,3.8,0.0,0.0,,,124.0,63.0,170.0,128.0,,,588.0,,,28.0,,,,,,,,,,,,,0.0,,1.0,,1750719616.0,8.0,17.2,14.1,11.3,0.68,1013.4,6.8,10.5,246.0,0.0,1750682880.0,1750736128.0,0.875,,,0.0,1.0,0.31,14766.0,5.0,,,,,0.0,0.718,0.0,,,,7864.0,,,,,,,7864.0,,,,,,""
14902867904,"Jun 24, 2025, 4:58:55 PM",Morning Ride,Ride,,709,2.62,107.0,1,false,,1996 Cannondale M200 SE,activities/15906339658.fit.gz,,11.793,709.0,675.0,2628.8,7.85,3.895,11.7,94.0,5.9,51.2,5.4,-1.7,,,,,107.0,90.0,,,43.0,,,1.0,,,,,,,,,,,,,0.0,,1.0,,1750780800.0,3.0,11.8,9.3,10.6,0.92,1015.5,3.6,6.8,225.0,0.0,1750769280.0,1750822528.0,0.875,11490857.0,,0.0,1.0,0.78,5040.0,2.0,,,,,0.0,3.708,0.0,,,,,,,,,,,,,,,,,""
14907261201,"Jun 25, 2025, 1:17:28 AM",Evening Yoga,Yoga,,4283,0,120.0,6,false,,,activities/15911012009.fit.gz,,,4283.0,4283.0,0.0,0.0,0.0,0.0,0.0,0.0,0.0,0.0,0.0,,,,,120.0,80.0,,,168.0,,,6.0,,,,,,,,,,,,,0.0,,1.0,,,,,,,,,,,,,,,,,,,,,,,,,,,0.0,0.0,0.0,,,,,,,,,,,0.0,,,,,,""
14907313512,"Jun 25, 2025, 12:14:35 AM",Afternoon Ride,Ride,,1143,2.89,160.0,9,false,,1996 Cannondale M200 SE,activities/15911070833.fit.gz,,11.793,1143.0,1058.0,2896.5,8.367,2.738,77.4,116.0,6.8,73.1,17.5,2.3,,,,,160.0,131.0,,,154.0,,,9.0,,,,,,,,,,,,,0.0,,1.0,,1750809600.0,2.0,15.2,12.0,11.4,0.78,1016.1,6.1,10.4,248.0,0.0,1750769280.0,1750822528.0,0.875,11490857.0,,0.0,1.0,0.41,12793.0,3.0,,,,,0.0,2.534,0.0,,,,,,,,,,,,,,,,,""
14915696381,"Jun 25, 2025, 7:04:38 PM",Lunch Tennis,Workout,,5161,3.55,176.0,29,false,,,activities/15920141194.fit.gz,,,5161.0,4926.0,3554.0,4.52,0.721,0.0,0.0,3.5,3.9,1.9,0.0,,,107.0,60.0,176.0,126.0,,,545.0,,,29.0,,,,,,,,,,,,,0.0,,1.0,,1750877952.0,1.0,15.0,13.6,11.0,0.77,1017.0,3.9,5.7,239.0,0.0,1750855808.0,1750908928.0,0.0,,,0.0,1.0,0.37,15308.0,6.0,,,,,0.0,0.689,0.0,,,,5286.0,,,,,,,5286.0,,,,,,""
14928120198,"Jun 27, 2025, 1:11:48 AM",Doubles practice,Workout,"",5691,3.73,161.0,20,false,,,activities/15933644216.fit.gz,,,5691.0,5488.0,3736.6,3.2,0.681,0.0,0.0,42.5,44.2,15.0,0.0,,,103.0,61.0,161.0,120.0,,,556.0,,,20.0,,,,,,,,,,,0.0,,0.0,,1.0,,1750985984.0,1.0,15.0,12.4,11.6,0.8,1012.2,6.2,9.4,252.0,0.0,1750942208.0,1750995328.0,0.125,,,0.0,1.0,0.16,19275.0,2.0,,,,,0.0,0.657,0.0,,,,6250.0,,,,,,,6250.0,,,,,,""
14934366382,"Jun 27, 2025, 4:47:18 PM",Morning Tennis,Workout,,4443,2.60,179.0,21,false,,,activities/15940538969.fit.gz,,,4443.0,4186.0,2605.0,2.533,0.622,0.0,0.0,3.2,3.5,2.4,0.0,,,120.0,64.0,179.0,125.0,,,473.0,,,21.0,,,,,,,,,,,,,0.0,,1.0,,1751040000.0,1.0,14.6,17.3,11.8,0.83,1013.0,1.4,2.2,126.0,0.0,1751028608.0,1751081728.0,0.125,,,0.0,1.0,0.12,18393.0,3.0,,,,,0.0,0.586,0.0,,,,5052.0,,,,,,,5052.0,,,,,,""
14947398143,"Jun 29, 2025, 12:38:01 AM",Afternoon Swim,Swim,,1375,"1,650",156.0,23,false,,,activities/15954873167.fit.gz,,,1375.0,1372.0,1650.0,2.28,1.203,0.0,0.0,0.0,0.0,0.0,0.0,,,,19.0,156.0,140.0,,,228.0,,,23.0,,,,,,,,,,,,,0.0,,1.0,,,,,,,,,,,,,,,,,,,,,,,,,,,0.0,1.2,0.0,,,,,,25.0,,,,,,,,,,,""
14957428942,"Jun 29, 2025, 8:50:02 PM",Singles playoffs,Workout,"",5171,3.69,198.0,119,false,,,activities/15965869478.fit.gz,,,5171.0,5081.0,3696.4,2.58,0.727,2.1,0.0,73.8,76.2,11.1,0.0,,,125.0,62.0,198.0,155.0,,,891.0,,,119.0,,,,,,,,,,,0.0,,0.0,,1.0,,1751227136.0,1.0,16.8,14.7,13.4,0.8,1015.1,5.1,8.0,245.0,0.0,1751201408.0,1751254528.0,0.125,,,0.0,1.0,0.3,9029.0,7.0,,,,,0.0,0.715,0.0,,,,7094.0,,,,,,,7094.0,,,,,,""
14974712321,"Jul 1, 2025, 4:28:58 PM",Morning Ride,Ride,,632,2.46,139.0,1,false,,1996 Cannondale M200 SE,activities/15984952255.fit.gz,,11.793,632.0,577.0,2467.9,8.533,4.277,11.8,70.0,6.1,40.1,4.8,-1.4,,,,,139.0,115.0,,,70.0,,,1.0,,,,,,,,,,,,,0.0,,1.0,,1751385600.0,2.0,12.8,10.9,11.2,0.9,1012.2,3.9,5.9,230.0,0.0,1751374336.0,1751427328.0,0.125,11490857.0,,0.0,1.0,0.56,13977.0,2.0,,,,,0.0,3.905,0.0,,,,,,,,,,,,,,,,,""
14977422222,"Jul 1, 2025, 8:38:40 PM",Afternoon Ride,Ride,,1737,4.83,166.0,12,false,,1996 Cannondale M200 SE,activities/15987864127.fit.gz,,11.793,1737.0,1660.0,4833.0,6.983,2.911,102.2,95.0,6.9,95.2,16.7,1.8,,,,,166.0,134.0,,,250.0,,,12.0,,,,,,,,,,,,,0.0,,1.0,,1751399936.0,1.0,17.3,15.9,12.4,0.73,1012.3,4.4,6.9,246.0,0.0,1751374336.0,1751427328.0,0.125,11490857.0,,0.0,1.0,0.25,17807.0,9.0,,,,,0.0,2.782,0.0,,,,,,,,,,,,,,,,,""
14977793509,"Jul 1, 2025, 9:51:25 PM",Run to samar coffee,Run,"",916,1.82,169.0,9,false,,HOKA Clifton 8,activities/15988270016.fit.gz,,,916.0,678.0,1825.1,4.86,2.692,8.0,122.0,30.7,95.9,3.9,-3.5,,,94.0,85.0,169.0,142.0,,,110.0,,,9.0,,,,,,,,,,,0.0,,0.0,,1.0,1736.9,1751403648.0,1.0,17.1,15.2,12.0,0.72,1012.0,4.7,7.7,248.0,0.0,1751374336.0,1751427328.0,0.125,,14035992.0,0.0,1.0,0.31,16999.0,8.0,,,,,0.0,1.992,0.0,,,,1870.0,,,,,2.562,,,,,,,,""
14978913454,"Jul 1, 2025, 11:08:59 PM",Afternoon Run,Run,,2526,4.94,155.0,11,false,,HOKA Clifton 8,activities/15989475417.fit.gz,,,2526.0,2258.0,4948.9,3.76,2.192,0.0,85.0,2.9,4.8,1.5,0.0,,,92.0,83.0,155.0,124.0,,,308.0,,,11.0,,,,,,,,,,,,,0.0,,1.0,4948.5,1751410816.0,2.0,17.1,13.8,12.0,0.72,1011.1,6.7,10.8,251.0,0.0,1751374336.0,1751427328.0,0.125,,14035992.0,0.0,1.0,0.42,13938.0,5.0,,,,,0.0,1.959,0.0,,,,6218.0,,,,,2.192,,,,,,,,""
14998823905,"Jul 3, 2025, 8:23:37 PM",Afternoon Tennis,Workout,,4112,2.59,181.0,26,false,,,activities/16011398440.fit.gz,,,4112.0,3813.0,2598.7,3.12,0.682,0.0,0.0,1984.2,1987.1,20.0,0.0,,,123.0,66.0,181.0,125.0,,,462.0,,,26.0,,,,,,,,,,,,,0.0,,1.0,,1751572736.0,1.0,20.8,20.0,6.3,0.39,1009.0,3.8,7.9,209.0,0.0,1751546368.0,1751599872.0,0.25,,,0.0,1.0,0.17,38246.3,9.0,,,,,0.0,0.632,0.0,,,,4944.0,,,,,,,4944.0,,,,,,""
14999592117,"Jul 3, 2025, 10:37:08 PM",Afternoon Tennis,Workout,,2200,1.33,184.0,36,false,,,activities/16012241256.fit.gz,,,2200.0,2108.0,1337.1,2.68,0.634,2.1,2.0,1983.3,1985.8,30.9,0.0,,,103.0,67.0,184.0,150.0,,,378.0,,,36.0,,,,,,,,,,,,,0.0,,1.0,,1751580032.0,3.0,21.4,17.2,5.7,0.36,1008.8,6.4,9.6,228.0,0.0,1751546368.0,1751599872.0,0.25,,,0.0,1.0,1.0,41563.7,7.0,,,,,0.0,0.608,0.0,,,,3514.0,,,,,,,3514.0,,,,,,""
15008725015,"Jul 4, 2025, 7:09:01 PM",Lunch Tennis,Workout,,7961,3.80,173.0,30,false,,,activities/16022388575.fit.gz,,,7961.0,5773.0,3801.3,2.84,0.658,2.4,0.0,1983.1,1986.5,16.9,0.0,,,106.0,64.0,173.0,128.0,,,636.0,,,30.0,,,,,,,,,,,,,0.0,,1.0,,1751655552.0,8.0,16.4,12.7,-0.3,0.32,1015.1,6.9,12.0,232.0,0.0,1751632768.0,1751686272.0,0.375,,,0.0,1.0,0.08,51213.9,10.0,,,,,0.0,0.477,0.0,,,,7772.0,,,,,,,7772.0,,,,,,""
15030408349,"Jul 6, 2025, 9:53:35 PM",Afternoon Pickleball,Workout,,1184,0.94,161.0,8,false,,,activities/16046368827.fit.gz,,,1184.0,1164.0,941.3,3.04,0.809,0.0,0.0,1979.3,1981.4,40.5,0.0,,,119.0,60.0,161.0,138.0,,,178.0,,,8.0,,,,,,,,,,,,,0.0,,1.0,,1751835648.0,1.0,23.0,24.4,1.9,0.25,1011.7,0.9,2.0,86.0,0.0,1751805696.0,1751858944.0,0.375,,,0.0,1.0,0.02,56949.0,10.0,,,,,0.0,0.795,0.0,,,,1070.0,,,,,,,1070.0,,,,,,""
15042734782,"Jul 7, 2025, 6:36:11 PM",Lunch Pickleball,Workout,,1482,1.00,153.0,4,false,,,activities/16060028959.fit.gz,,,1482.0,1461.0,1001.6,1.88,0.686,0.0,0.0,1979.2,1981.4,22.0,0.0,,,121.0,59.0,153.0,112.0,,,147.0,,,4.0,,,,,,,,,,,,,0.0,,1.0,,1751911168.0,1.0,20.9,22.6,4.0,0.33,1011.2,1.6,3.9,142.0,0.0,1751892096.0,1751945344.0,0.375,,,0.0,1.0,0.0,43507.4,8.0,,,,,0.0,0.676,0.0,,,,1078.0,,,,,,,1078.0,,,,,,""
15052629745,"Jul 9, 2025, 1:18:04 AM",Evening Yoga,Yoga,,4308,0,130.0,6,false,,,activities/16070830866.fit.gz,,,4308.0,4308.0,0.0,0.0,0.0,0.0,0.0,0.0,0.0,0.0,0.0,,,,,130.0,78.0,,,168.0,,,6.0,,,,,,,,,,,,,0.0,,1.0,,,,,,,,,,,,,,,,,,,,,,,,,,,0.0,0.0,0.0,,,,,,,,,,,0.0,,,,,,""
15069778043,"Jul 10, 2025, 3:47:53 PM",Morning Run,Run,,5,0,90.0,0,false,,HOKA Clifton 8,activities/16089482661.fit.gz,,,5.0,5.0,0.0,0.0,0.0,0.0,0.0,0.0,0.0,0.0,0.0,,,,,90.0,90.0,,,,,,0.0,,,,,,,,,,,,,0.0,,1.0,,,,,,,,,,,,,,,,,14035992.0,,,,,,,,,,0.0,0.0,0.0,,,,,,,,,,,,,,,,,""
15069778052,"Jul 10, 2025, 3:48:10 PM",Morning Ride,Ride,,639,2.71,149.0,1,false,,1996 Cannondale M200 SE,activities/16089482621.fit.gz,,11.793,639.0,639.0,2716.9,8.757,4.252,11.4,113.0,5.8,62.6,5.2,-2.1,,,,,149.0,106.0,,,61.0,,,1.0,,,,,,,,,,,,,0.0,,1.0,,1752159616.0,1.0,14.5,16.1,11.8,0.84,1017.0,1.5,3.3,198.0,0.0,1752152192.0,1752204800.0,0.375,11490857.0,,0.0,1.0,0.33,16754.0,1.0,,,,,0.0,4.252,0.0,,,,,,,,,,,,,,,,,""
15074221346,"Jul 11, 2025, 12:21:55 AM",Afternoon Ride,Ride,,1268,2.94,168.0,13,false,,1996 Cannondale M200 SE,activities/16094278624.fit.gz,,11.793,1268.0,1128.0,2946.9,8.4,2.612,77.8,71.0,6.8,73.3,16.0,2.2,,,,,168.0,139.0,,,189.0,,,13.0,,,,,,,,,,,,,0.0,,1.0,,1752192000.0,1.0,20.5,19.3,13.9,0.66,1013.4,5.7,9.8,254.0,0.0,1752152192.0,1752204800.0,0.375,11490857.0,,0.0,1.0,0.18,22453.0,4.0,,,,,0.0,2.324,0.0,,,,,,,,,,,,,,,,,""
15084752775,"Jul 12, 2025, 2:46:44 AM",Evening Elliptical,Elliptical,,1907,0,145.0,6,false,,,activities/16105927770.fit.gz,,,1907.0,1907.0,0.0,0.0,0.0,0.0,0.0,0.0,0.0,0.0,0.0,,,69.0,59.0,145.0,124.0,,,228.0,,,6.0,,,,,,,,,,,,,0.0,,1.0,,,,,,,,,,,,,,,,,,,,,,,,,,,0.0,0.0,0.0,,,,3652.0,,,,,,,3652.0,,,,,,""
15126468149,"Jul 15, 2025, 8:37:17 PM",Afternoon Walk,Walk,,1161,1.51,100.0,1,false,,,activities/16151661569.fit.gz,,,1161.0,1146.0,1513.6,3.24,1.321,0.0,184.0,6.8,13.2,3.8,-0.4,,,66.0,61.0,100.0,77.0,,,83.0,,,1.0,,,,,,,,,,,,,0.0,,1.0,,1752609536.0,2.0,30.2,31.6,23.2,0.66,1016.9,2.7,4.1,197.0,0.0,1752572288.0,1752625536.0,0.625,,,0.66,5.0,0.57,23101.0,5.0,,,,,0.0,1.304,0.0,,,,2196.0,,,,,,,,,,,,,""
15149924452,"Jul 17, 2025, 11:47:42 PM",30 min Disney 2000s Ride with Cody Rigsby,Ride,"Total Output: 136.7 kJ
Leaderboard Rank: 43,558 / 58,767",1354,9.67,,,false,,1996 Cannondale M200 SE,activities/16177319048.tcx.gz,,11.793,1354.0,1354.0,9676.9,9.7,7.147,0.0,0.0,0.0,0.0,0.0,0.0,,,117.0,76.0,,,,101.0,192.0,,,,,,,,,,,,107.0,1355.0,,,0.0,,1.0,,,,,,,,,,,,,,,,11490857.0,,,,,,,,,,,0.0,7.147,0.0,,,,,,,35.0,97.0,,,,,,,,,media/4b663ab2-5cc8-4e87-8a3e-f91f7ba1106c.jpg
15256476989,"Jul 21, 2025, 6:14:57 PM",Lunch Run,Run,,890,2.37,158.0,12,false,,HOKA Clifton 8,activities/16292663133.fit.gz,,,890.0,841.0,2374.5,10.7,2.823,2.6,172.0,6.8,89.3,2.2,-3.5,,,125.0,80.0,158.0,141.0,,,152.0,,,12.0,,,,,,,,,,,,,0.0,,1.0,2257.8,,,,,,,,,,,,,,,,14035992.0,,,,,,,,,,,2.668,0.0,,,,2476.0,0.0,,,,2.685,,,,,,,,""
15256477147,"Jul 20, 2025, 8:17:23 PM",Afternoon Run,Run,,1135,3.28,165.0,30,false,,HOKA Clifton 8,activities/16292663365.fit.gz,,,1135.0,1109.0,3288.4,4.471,2.965,11.3,127.0,17.8,59.3,4.2,-1.2,,,97.0,84.0,165.0,156.0,,,209.0,,,30.0,,,,,,,,,,,,,0.0,,1.0,3227.9,,,,,,,,,,,,,,,,14035992.0,,,,,,,,,,,2.897,0.0,,,,3212.0,0.0,,,,2.911,,,,,,,,""
15256478350,"Jul 21, 2025, 6:33:36 PM",Lunch Pilates,Workout,,2936,0,116.0,5,false,,,activities/16292663199.fit.gz,,,2936.0,2936.0,0.0,0.0,0.0,0.0,0.0,0.0,0.0,0.0,0.0,,,75.0,0.0,116.0,85.0,,,147.0,,,5.0,,,,,,,,,,,,,0.0,,1.0,,,,,,,,,,,,,,,,,,,,,,,,,,,,0.0,0.0,,,,,0.0,,,,,,0.0,,,,,,""
15256478471,"Jul 20, 2025, 12:34:33 AM",Afternoon Run,Run,,423,1.08,134.0,1,false,,HOKA Clifton 8,activities/16292663123.fit.gz,,,423.0,381.0,1086.5,4.02,2.852,12.1,84.0,51.4,83.6,6.5,-1.7,,,96.0,76.0,134.0,115.0,,,50.0,,,1.0,,,,,,,,,,,,,0.0,,1.0,1085.3,,,,,,,,,,,,,,,,14035992.0,,,,,,,,,,,2.569,0.0,,,,1076.0,0.0,,,,2.849,,,,,,,,""
15256479076,"Jul 20, 2025, 8:59:20 PM",Afternoon Walk,Walk,,3038,3.37,110.0,5,false,,,activities/16292663234.fit.gz,,,3038.0,2758.0,3372.9,2.638,1.223,108.9,162.0,5.0,107.5,45.6,2.7,,,71.0,47.0,110.0,88.0,,,218.0,,,5.0,,,,,,,,,,,,,0.0,,1.0,,,,,,,,,,,,,,,,,,,,,,,,,,,,1.11,0.0,,,,5094.0,0.0,,,,,,,,,,,,""
15256479242,"Jul 17, 2025, 11:47:34 PM",Evening Ride,Ride,,1370,0,181.0,40,false,,1996 Cannondale M200 SE,activities/16292663128.fit.gz,,11.793,1370.0,1370.0,0.0,0.0,0.0,0.0,0.0,0.0,0.0,0.0,0.0,,,,,181.0,156.0,,,256.0,,,40.0,,,,,,,,,,,,,0.0,,1.0,,,,,,,,,,,,,,,,11490857.0,,,,,,,,,,,,0.0,0.0,,,,,0.0,,,,,,,,,,,,""
15256480918,"Jul 22, 2025, 4:32:05 PM",Morning Pilates,Workout,,2945,0,129.0,6,false,,,activities/16292667327.fit.gz,,,2945.0,2945.0,0.0,0.0,0.0,0.0,0.0,0.0,0.0,0.0,0.0,,,87.0,58.0,129.0,94.0,,,187.0,,,6.0,,,,,,,,,,,,,0.0,,1.0,,,,,,,,,,,,,,,,,,,,,,,,,,,,0.0,0.0,,,,,0.0,,,,,,0.0,,,,,,""
15256482234,"Jul 27, 2025, 4:40:26 PM",Tri-level tennis day 2,Workout,"",5298,3.34,195.0,143,false,,,activities/16292667814.fit.gz,,,5298.0,5045.0,3340.5,2.76,0.662,0.0,0.0,28.7,29.8,3.3,0.0,,,124.0,10.0,195.0,156.0,,,896.0,,,143.0,,,,,,,,,,,,,0.0,,1.0,,,,,,,,,,,,,,,,,,,,,,,,,,,,0.631,0.0,,,,5806.0,0.0,,,,,,5806.0,0.0,,,,,""
15256482278,"Jul 26, 2025, 4:37:04 PM",Morning Tennis,Workout,,6920,3.78,200.0,199,false,,,activities/16292667858.fit.gz,,,6920.0,5631.0,3779.7,3.36,0.671,0.0,0.0,28.1,28.7,3.6,0.0,,,115.0,7.0,200.0,157.0,,,1177.0,,,199.0,,,,,,,,,,,,,0.0,,1.0,,,,,,,,,,,,,,,,,,,,,,,,,,,,0.546,0.0,,,,6384.0,0.0,,,,,,6384.0,,,,,,""
15256482857,"Jul 22, 2025, 4:14:50 PM",Morning Run,Run,,855,2.39,180.0,23,false,,HOKA Clifton 8,activities/16292667261.fit.gz,,,855.0,820.0,2392.5,6.24,2.918,2.5,157.0,6.2,89.1,2.4,-3.5,,,94.0,82.0,180.0,153.0,,,159.0,,,23.0,,,,,,,,,,,,,0.0,,1.0,2256.3,,,,,,,,,,,,,,,,14035992.0,,,,,,,,,,,2.798,0.0,,,,2416.0,0.0,,,,2.752,,,,,,,,""
15256499590,"Jul 25, 2025, 1:34:08 AM",Evening Tennis,Workout,,5436,2.81,166.0,15,false,,,activities/16292667321.fit.gz,,,5436.0,3736.0,2812.4,2.6,0.753,0.0,0.0,3.1,3.4,1.8,0.0,,,112.0,10.0,166.0,121.0,,,532.0,,,15.0,,,,,,,,,,,,,0.0,,1.0,,,,,,,,,,,,,,,,,,,,,,,,,,,,0.517,0.0,,,,4450.0,0.0,,,,,,4450.0,,,,,,""
15256499754,"Jul 21, 2025, 7:26:43 PM",Lunch Walk,Walk,,2428,2.35,151.0,5,false,,,activities/16292667265.fit.gz,,,2428.0,1713.0,2349.3,4.0,1.371,95.0,221.0,5.3,94.5,18.9,3.7,,,67.0,55.0,151.0,101.0,,,158.0,,,5.0,,,,,,,,,,,,,0.0,,1.0,,,,,,,,,,,,,,,,,,,,,,,,,,,,0.968,0.0,,,,3376.0,0.0,,,,,,,,,,,,""
15266305861,"Jul 28, 2025, 5:01:22 PM",Morning Ride,Ride,,492,1.94,124.0,1,false,,1996 Cannondale M200 SE,activities/16303197926.fit.gz,,11.793,492.0,492.0,1946.4,7.825,3.956,11.6,66.0,5.6,22.8,4.8,-0.9,,,,,124.0,108.0,,,49.0,,,1.0,,,,,,,,,,,,,0.0,,1.0,,,,,,,,,,,,,,,,11490857.0,,,,,,,,,,,,3.956,0.0,,,,,0.0,,,,,,,,,,,,""
15269573057,"Jul 29, 2025, 1:04:59 AM",Evening Ride,Ride,,1302,2.77,140.0,4,false,,1996 Cannondale M200 SE,activities/16306663199.fit.gz,,11.793,1302.0,1185.0,2775.9,9.95,2.343,71.8,62.0,7.7,73.2,15.7,2.2,,,,,140.0,114.0,,,141.0,,,4.0,,,,,,,,,,,,,0.0,,1.0,,,,,,,,,,,,,,,,11490857.0,,,,,,,,,,,,2.132,0.0,,,,,0.0,,,,,,,,,,,,""
15281370353,"Jul 30, 2025, 12:46:37 AM",Afternoon Run,Run,"",1080,2.32,150.0,5,false,,HOKA Clifton 8,activities/16319207179.fit.gz,,,1080.0,999.0,2325.5,4.5,2.328,10.2,186.0,27.1,96.3,4.0,-2.9,,,95.0,70.0,150.0,128.0,,,160.0,,,5.0,,,,,,,,,,,,,0.0,,1.0,2239.5,,,,,,,,,,,,,,,,14035992.0,,,,,,,,,,,2.153,0.0,,,,2662.0,0.0,,,,2.242,,,,,,,,""
15281483042,"Jul 30, 2025, 1:04:54 AM",Evening Walk,Walk,,1850,2.28,116.0,4,false,,,activities/16319328598.fit.gz,,,1850.0,1850.0,2283.0,2.125,1.234,76.6,112.0,28.2,95.0,15.4,2.7,,,70.0,53.0,116.0,95.0,,,144.0,,,4.0,,,,,,,,,,,,,0.0,,1.0,,,,,,,,,,,,,,,,,,,,,,,,,,,,1.234,0.0,,,,3524.0,0.0,,,,,,,,,,,,""
15295181602,"Jul 31, 2025, 6:16:50 AM",Night Walk,Walk,,887,1.03,158.0,5,false,,,activities/16334029580.fit.gz,,,887.0,843.0,1036.3,2.955,1.229,57.0,155.0,15.9,73.3,17.3,5.5,,,64.0,52.0,158.0,126.0,,,108.0,,,5.0,,,,,,,,,,,,,0.0,,1.0,,,,,,,,,,,,,,,,,,,,,,,,,,,,1.168,0.0,,,,1610.0,0.0,,,,,,,,,,,,""
15304006447,"Aug 1, 2025, 12:35:12 AM",Afternoon Tennis,Workout,,5436,3.26,164.0,26,false,,,activities/16343382221.fit.gz,,,5436.0,5195.0,3264.5,3.08,0.628,0.0,0.0,37.5,37.9,1.1,0.0,,,121.0,64.0,164.0,126.0,,,572.0,,,26.0,,,,,,,,,,,,,0.0,,1.0,,,,,,,,,,,,,,,,,,,,,,,,,,,,0.601,0.0,,,,5930.0,0.0,,,,,,5930.0,,,,,,""
15324980584,"Aug 2, 2025, 11:38:45 PM",Sectionals practice,Workout,TY [strava://athletes/35288385/9]Devin Liu ,5296,3.52,158.0,17,false,"",,activities/16365876011.fit.gz,,,5296.0,5094.0,3524.6,2.7,0.692,0.0,0.0,3.5,4.0,1.4,0.0,,,122.0,65.0,158.0,113.0,,,472.0,,,17.0,,,,,,,,,,,,,0.0,,1.0,,,,,,,,,,,,,,,,,,,,,,,,,,,,0.666,0.0,,,,6038.0,0.0,,,,,,6038.0,,,,,,""
15336766086,"Aug 3, 2025, 8:35:28 PM",Afternoon Pickleball,Workout,,2792,1.61,147.0,7,false,,,activities/16378555703.fit.gz,,,2792.0,2631.0,1610.7,1.96,0.612,0.0,0.0,3.7,3.7,0.0,0.0,,,121.0,57.0,147.0,106.0,,,232.0,,,7.0,,,,,,,,,,,,,0.0,,1.0,,,,,,,,,,,,,,,,,,,,,,,,,,,,0.577,0.0,,,,2296.0,0.0,,,,,,2296.0,,,,,,""
15345514175,"Aug 4, 2025, 7:47:54 PM",Lunch Tennis,Workout,,5079,3.57,188.0,78,false,,,activities/16387916550.fit.gz,,,5079.0,4944.0,3573.2,3.067,0.723,0.0,0.0,3.2,3.9,2.3,0.0,,,122.0,65.0,188.0,143.0,,,752.0,,,78.0,,,,,,,,,,,,,0.0,,1.0,,,,,,,,,,,,,,,,,,,,,,,,,,,,0.704,0.0,,,,5616.0,0.0,,,,,,5616.0,,,,,,""
15387031169,"Aug 5, 2025, 11:39:32 PM",Afternoon Run,Run,,635,1.84,178.0,17,false,,HOKA Clifton 8,activities/16432221055.fit.gz,,,635.0,600.0,1841.6,4.417,3.069,0.0,75.0,88.1,90.1,1.8,0.0,,,90.0,85.0,178.0,156.0,,,116.0,,,17.0,,,,,,,,,,,,,0.0,,1.0,1845.6,,,,,,,,,,,,,,,,14035992.0,,,,,,,,,,,2.9,0.0,,,,1686.0,0.0,,,,3.076,,,,,,,,""
15387031235,"Aug 5, 2025, 11:50:47 PM",Afternoon Run,Run,,605,0.82,159.0,2,false,,HOKA Clifton 8,activities/16432221033.fit.gz,,,605.0,453.0,819.3,2.7,1.809,0.0,97.0,90.3,92.2,0.0,-0.2,,,103.0,83.0,159.0,132.0,,,79.0,,,2.0,,,,,,,,,,,,,0.0,,1.0,817.3,,,,,,,,,,,,,,,,14035992.0,,,,,,,,,,,1.354,0.0,,,,1712.0,0.0,,,,1.804,,,,,,,,""
15387031430,"Aug 7, 2025, 1:46:39 AM",Evening Tennis,Workout,,5103,3.07,168.0,29,false,,,activities/16432221217.fit.gz,,,5103.0,4969.0,3077.2,2.533,0.619,0.0,0.0,73.8,74.8,3.7,0.0,,,110.0,62.0,168.0,126.0,,,541.0,,,29.0,,,,,,,,,,,,,0.0,,1.0,,,,,,,,,,,,,,,,,,,,,,,,,,,,0.603,0.0,,,,4952.0,0.0,,,,,,4952.0,,,,,,""
15391519007,"Aug 8, 2025, 6:27:46 PM",Sectionals,Workout,"",5673,3.83,196.0,138,false,,,activities/16436979740.fit.gz,,,5673.0,5357.0,3833.8,2.92,0.716,0.0,0.0,8.4,9.5,6.7,0.0,,,114.0,59.0,196.0,154.0,,,972.0,,,138.0,,,,,,,,,,,,,0.0,,1.0,,,,,,,,,,,,,,,,,,,,,,,,,,,,0.676,0.0,,,,5556.0,0.0,,,,,,5556.0,,,,,,""
15393988746,"Aug 9, 2025, 1:09:15 AM",Evening Tennis,Workout,,4854,3.53,196.0,123,false,,,activities/16439623109.fit.gz,,,4854.0,4751.0,3533.3,8.75,0.744,0.0,2.1,5.9,9.3,15.2,0.0,,,125.0,60.0,196.0,154.0,,,848.0,,,123.0,,,,,,,,,,,,,0.0,,1.0,,,,,,,,,,,,,,,,,,,,,,,,,,,,0.728,0.0,,,,5230.0,0.0,,,,,,5230.0,,,,,,""
15403706218,"Aug 9, 2025, 8:18:31 PM",Sectionals,Workout,"",6067,3.60,192.0,80,false,,,activities/16449988159.fit.gz,,,6067.0,5265.0,3599.7,3.05,0.684,0.0,0.0,8.7,9.3,3.9,0.0,,,125.0,62.0,192.0,142.0,,,790.0,,,80.0,,,,,,,,,,,,,0.0,,1.0,,,,,,,,,,,,,,,,,,,,,,,,,,,,0.593,0.0,,,,5112.0,0.0,,,,,,5112.0,,,,,,""
15426381838,"Aug 11, 2025, 10:40:18 PM",Afternoon Swim,Swim,,923,"1,000",151.0,8,false,,,activities/16474280339.fit.gz,,,923.0,920.0,1000.0,2.5,1.087,0.0,0.0,0.0,0.0,0.0,0.0,,,,,151.0,126.0,,,137.0,,,8.0,,,,,,,,,,,,,0.0,,1.0,,,,,,,,,,,,,,,,,,,,,,,,,,,,1.083,0.0,,,,,0.0,25.0,,,,,,,,,,,""
15461642000,"Aug 14, 2025, 10:36:37 PM",Afternoon Run,Run,,3416,8.36,167.0,52,false,,HOKA Clifton 8,activities/16511920914.fit.gz,,,3416.0,3305.0,8363.7,4.65,2.531,68.4,236.0,3.0,76.7,9.4,-0.2,,,91.0,84.0,167.0,146.0,,,572.0,,,52.0,,,,,,,,,,,,,0.0,,1.0,8432.6,,,,,,,,,,,,,,,,14035992.0,,,,,,,,,,,2.448,250.7,,,,8872.0,0.0,,,,2.551,,,,,,,,""
15507290827,"Aug 19, 2025, 12:26:20 AM",Borough run to text P pics,Run,"",3301,7.31,159.0,52,false,,HOKA Clifton 8,activities/16560758196.fit.gz,,,3301.0,3162.0,7312.8,3.417,2.313,87.2,143.0,18.7,59.6,10.1,0.2,,,94.0,83.0,159.0,146.0,,,517.0,,,52.0,,,,,,,,,,,,,0.0,,1.0,7491.8,,,,,,,,,,,,,,,,14035992.0,,,,,,,,,,,2.215,0.0,,,,8446.0,0.0,,,,2.369,,,0.0,,,,,""
15530359043,"Aug 20, 2025, 11:09:16 PM",Afternoon Walk,Walk,,1964,1.04,119.0,3,false,,,activities/16585314712.fit.gz,,,1964.0,1603.0,1047.6,1.84,0.654,0.0,38.0,3.7,3.8,0.9,0.0,,,125.0,65.0,119.0,97.0,,,140.0,,,3.0,,,,,,,,,,,,,0.0,,1.0,,,,,,,,,,,,,,,,,,,,,,,,,,,,0.533,0.0,,,,3208.0,0.0,,,,,,,,,,,,""
15541865005,"Aug 22, 2025, 12:04:18 AM",Afternoon Walk,Walk,,1435,1.78,99.0,2,false,,,activities/16597922589.fit.gz,,,1435.0,1360.0,1782.8,2.578,1.311,0.0,284.0,7.9,88.7,3.4,-4.5,,,70.0,61.0,99.0,84.0,,,105.0,,,2.0,,,,,,,,,,,,,0.0,,1.0,,,,,,,,,,,,,,,,,,,,,,,,,,,,1.242,0.0,,,,2610.0,0.0,,,,,,,,,,,,""
15550851052,"Aug 22, 2025, 8:09:50 PM",Afternoon Tennis,Workout,,3300,1.71,164.0,12,false,,,activities/16608210032.fit.gz,,,3300.0,2773.0,1714.1,2.417,0.618,0.0,0.0,3.4,3.6,1.6,0.0,,,115.0,62.0,164.0,121.0,,,343.0,,,12.0,,,,,,,,,,,,,0.0,,1.0,,,,,,,,,,,,,,,,,,,,,,,,,,,,0.519,0.0,,,,3284.0,0.0,,,,,,3284.0,,,,,,""
15551226970,"Aug 22, 2025, 9:07:52 PM",Afternoon Tennis,Workout,,3501,2.29,174.0,21,false,,,activities/16608643481.fit.gz,,,3501.0,3398.0,2290.8,3.04,0.674,0.0,0.0,3.0,3.3,2.1,0.0,,,115.0,63.0,174.0,126.0,,,421.0,,,21.0,,,,,,,,,,,,,0.0,,1.0,,,,,,,,,,,,,,,,,,,,,,,,,,,,0.654,0.0,,,,4576.0,0.0,,,,,,4576.0,,,,,,""
15561875896,"Aug 23, 2025, 6:35:00 PM",Lunch Walk,Walk,,2615,3.10,105.0,4,false,,,activities/16620453986.fit.gz,,,2615.0,2357.0,3108.0,3.487,1.319,0.0,396.0,4.8,88.2,2.1,-2.7,,,76.0,63.0,105.0,88.0,,,184.0,,,4.0,,,,,,,,,,,,,0.0,,1.0,,,,,,,,,,,,,,,,,,,,,,,,,,,,1.189,11.0,,,,4604.0,0.0,,,,,,,,,,,,""
15563166112,"Aug 23, 2025, 10:23:56 PM",Afternoon Walk,Walk,,2171,3.19,129.0,4,false,,,activities/16621898286.fit.gz,,,2171.0,1952.0,3198.4,4.867,1.639,89.8,355.0,5.5,95.8,21.0,2.8,,,107.0,63.0,129.0,91.0,,,173.0,,,4.0,,,,,,,,,,,,,0.0,,1.0,,,,,,,,,,,,,,,,,,,,,,,,,,,,1.473,0.0,,,,3470.0,0.0,,,,,,,,,,,,""
15606275309,"Aug 27, 2025, 2:03:09 AM",Evening Tennis,Workout,,5255,2.74,153.0,18,false,,,activities/16668258938.fit.gz,,,5255.0,4931.0,2745.9,3.0,0.557,0.0,0.0,43.1,45.0,18.4,0.0,,,121.0,61.0,153.0,115.0,,,487.0,,,18.0,,,,,,,,,,,,,0.0,,1.0,,,,,,,,,,,,,,,,,,,,,,,,,,,,0.523,0.0,,,,4950.0,0.0,,,,,,4950.0,,,,,,""
15611111890,"Aug 27, 2025, 11:00:21 PM",Afternoon Walk,Walk,,6520,2.95,106.0,3,false,,,activities/16673352786.fit.gz,,,6520.0,2301.0,2952.2,2.929,1.283,14.8,216.0,4.0,14.3,4.8,0.3,,,67.0,60.0,106.0,79.0,,,154.0,,,3.0,,,,,,,,,,,,,0.0,,1.0,,,,,,,,,,,,,,,,,,,,,,,,,,,,0.453,0.0,,,,4168.0,0.0,,,,,,,,,,,,""
15628182177,"Aug 28, 2025, 10:04:39 PM",Afternoon Tennis,Workout,,3599,2.26,165.0,16,false,,,activities/16691737808.fit.gz,,,3599.0,3437.0,2268.6,2.7,0.66,0.0,0.0,3.5,3.7,1.9,0.0,,,107.0,62.0,165.0,120.0,,,380.0,,,16.0,,,,,,,,,,,,,0.0,,1.0,,,,,,,,,,,,,,,,,,,,,,,,,,,,0.63,0.0,,,,5062.0,0.0,,,,,,5062.0,,,,,,""
15629921632,"Aug 29, 2025, 7:31:11 PM",Lunch Walk,Walk,,1643,2.02,117.0,2,false,,,activities/16693641476.fit.gz,,,1643.0,1420.0,2020.0,3.0,1.423,0.0,231.0,3.6,91.6,4.8,-4.3,,,85.0,65.0,117.0,88.0,,,114.0,,,2.0,,,,,,,,,,,,,0.0,,1.0,,,,,,,,,,,,,,,,,,,,,,,,,,,,1.229,0.0,,,,2856.0,0.0,,,,,,,,,,,,""
15630292854,"Aug 29, 2025, 8:03:26 PM",Afternoon Tennis,Workout,,3603,2.26,180.0,33,false,,,activities/16694051553.fit.gz,,,3603.0,3499.0,2265.0,3.0,0.647,0.0,0.0,3.6,3.6,0.0,0.0,,,112.0,62.0,180.0,134.0,,,452.0,,,33.0,,,,,,,,,,,,,0.0,,1.0,,,,,,,,,,,,,,,,,,,,,,,,,,,,0.629,0.0,,,,4864.0,0.0,,,,,,4864.0,,,,,,""
15630685827,"Aug 29, 2025, 9:11:44 PM",Afternoon Tennis,Workout,,3357,1.94,156.0,17,false,,,activities/16694488101.fit.gz,,,3357.0,3151.0,1941.0,3.86,0.616,0.0,0.0,3.0,3.3,2.3,0.0,,,115.0,59.0,156.0,126.0,,,374.0,,,17.0,,,,,,,,,,,,,0.0,,1.0,,,,,,,,,,,,,,,,,,,,,,,,,,,,0.578,0.0,,,,4944.0,0.0,,,,,,4944.0,,,,,,""
15641685348,"Aug 30, 2025, 8:32:15 PM",Afternoon Walk,Walk,,2634,1.37,93.0,2,false,,,activities/16706606295.fit.gz,,,2634.0,1361.0,1369.3,2.08,1.006,0.0,54.0,21.8,26.7,1.4,-0.2,,,63.0,56.0,93.0,83.0,,,85.0,,,2.0,,,,,,,,,,,,,0.0,,1.0,,,,,,,,,,,,,,,,,,,,,,,,,,,,0.52,0.0,,,,2356.0,0.0,,,,,,,,,,,,""
15651302577,"Aug 31, 2025, 12:07:25 AM",Afternoon Elliptical,Elliptical,,2156,0,136.0,8,false,,,activities/16717174952.fit.gz,,,2156.0,2156.0,0.0,0.0,0.0,0.0,0.0,0.0,0.0,0.0,0.0,,,69.0,58.0,136.0,122.0,,,252.0,,,8.0,,,,,,,,,,,,,0.0,,1.0,,,,,,,,,,,,,,,,,,,,,,,,,,,,0.0,0.0,,,,4150.0,0.0,,,,,,4150.0,,,,,,""
15652252153,"Aug 31, 2025, 5:18:36 PM",Morning Pickleball,Workout,,3082,1.44,138.0,8,false,,,activities/16718215198.fit.gz,,,3082.0,2978.0,1444.5,1.54,0.485,0.0,0.0,75.5,76.4,6.7,0.0,,,113.0,57.0,138.0,107.0,,,258.0,,,8.0,,,,,,,,,,,,,0.0,,1.0,,,,,,,,,,,,,,,,,,,,,,,,,,,,0.469,0.0,,,,1660.0,0.0,,,,,,1660.0,,,,,,""
15662727146,"Sep 1, 2025, 5:49:58 PM",Morning HIIT,Workout,,2727,0,168.0,10,false,,,activities/16729759281.fit.gz,,,2727.0,2727.0,0.0,0.0,0.0,0.0,0.0,0.0,0.0,0.0,0.0,,,,,168.0,113.0,,,267.0,,,10.0,,,,,,,,,,,,,0.0,,1.0,,,,,,,,,,,,,,,,,,,,,,,,,,,,0.0,0.0,,,,,0.0,,,,,,34.0,,,,,,""
15677221157,"Sep 2, 2025, 11:27:22 PM",Afternoon Swim,Swim,,1306,"1,800",136.0,6,false,,,activities/16745914470.fit.gz,,,1306.0,1304.0,1800.0,1.94,1.38,0.0,0.0,0.0,0.0,0.0,0.0,,,,,136.0,118.0,,,161.0,,,6.0,,,,,,,,,,,,,0.0,,1.0,,,,,,,,,,,,,,,,,,,,,,,,,,,,1.378,0.0,,,,,0.0,25.0,,,,,,,,,,,""
15688850551,"Sep 3, 2025, 11:13:33 PM",Run to ignite class with library books bc late,Run,"",819,2.40,155.0,14,false,,HOKA Clifton 8,activities/16758625049.fit.gz,,,819.0,775.0,2406.1,5.45,3.105,8.0,114.0,6.3,88.4,11.8,-3.2,,,97.0,87.0,155.0,144.0,,,146.0,,,14.0,,,,,,,,,,,,,0.0,,1.0,2309.3,,,,,,,,,,,,,,,,14035992.0,,,,,,,,,,,2.938,0.0,,,,2244.0,0.0,,,,2.98,,,0.0,,,,,""
15689218800,"Sep 3, 2025, 11:32:46 PM",First bay club Barry’s this year?!,Workout,"",2332,0,187.0,37,false,,,activities/16759012418.fit.gz,,,2332.0,2332.0,0.0,0.0,0.0,0.0,0.0,0.0,0.0,0.0,0.0,,,,,187.0,143.0,,,357.0,,,37.0,,,,,,,,,,,,,0.0,,1.0,,,,,,,,,,,,,,,,,,,,,,,,,,,,0.0,0.0,,,,,0.0,,,,,,8.0,0.0,,,,,""
15708638200,"Sep 5, 2025, 6:19:11 PM",Lunch Run,Run,,491,0.97,142.0,1,false,,HOKA Clifton 8,activities/16779847158.fit.gz,,,491.0,343.0,976.8,4.517,2.848,0.0,38.0,21.6,34.4,0.0,-1.3,,,104.0,87.0,142.0,128.0,,,70.0,,,1.0,,,,,,,,,,,,,0.0,,1.0,954.3,,,,,,,,,,,,,,,,14035992.0,,,,,,,,,,,1.989,0.0,,,,1048.0,0.0,,,,2.782,,,,,,,,""
15712083034,"Sep 6, 2025, 2:28:27 AM",Evening Tennis,Workout,,5479,2.94,162.0,17,false,,,activities/16783521823.fit.gz,,,5479.0,5083.0,2939.0,2.58,0.578,0.0,0.0,18.0,18.3,0.0,0.0,,,111.0,59.0,162.0,112.0,,,466.0,,,17.0,,,,,,,,,,,,,0.0,,1.0,,,,,,,,,,,,,,,,,,,,,,,,,,,,0.536,0.0,,,,3960.0,0.0,,,,,,3960.0,,,,,,""
15721311941,"Sep 6, 2025, 7:11:08 PM",Lunch Pickleball,Workout,,3035,0.15,148.0,8,false,,,activities/16793249965.fit.gz,,,3035.0,3035.0,154.8,1.083,0.051,0.0,0.0,0.0,0.0,0.0,0.0,,,88.0,58.0,148.0,105.0,,,247.0,,,8.0,,,,,,,,,,,,,0.0,,1.0,,,,,,,,,,,,,,,,,,,,,,,,,,,,0.051,0.0,,,,2668.0,0.0,,,,,,2668.0,,,,,,""
15735480848,"Sep 8, 2025, 12:21:01 AM",Afternoon Tennis,Workout,,4441,3.38,171.0,18,false,,,activities/16808308310.fit.gz,,,4441.0,4354.0,3379.2,4.3,0.776,0.0,0.0,3.3,4.5,8.5,0.0,,,113.0,62.0,171.0,116.0,,,427.0,,,18.0,,,,,,,,,,,,,0.0,,1.0,,,,,,,,,,,,,,,,,,,,,,,,,,,,0.761,0.0,,,,5734.0,0.0,,,,,,5734.0,,,,,,""
15747423140,"Sep 9, 2025, 2:17:04 AM",Evening Tennis,Workout,,3418,2.07,175.0,14,false,,,activities/16820969514.fit.gz,,,3418.0,3302.0,2075.8,2.35,0.629,0.0,0.0,73.9,74.7,4.4,0.0,,,112.0,61.0,175.0,122.0,,,386.0,,,14.0,,,,,,,,,,,,,0.0,,1.0,,,,,,,,,,,,,,,,,,,,,,,,,,,,0.607,0.0,,,,2708.0,0.0,,,,,,2708.0,,,,,,""
15759047974,"Sep 10, 2025, 12:08:05 AM",Afternoon Tennis,Workout,,5160,3.36,163.0,17,false,,,activities/16833189768.fit.gz,,,5160.0,4931.0,3367.6,2.98,0.683,0.0,0.0,3.0,3.3,3.0,0.0,,,120.0,60.0,163.0,114.0,,,473.0,,,17.0,,,,,,,,,,,,,0.0,,1.0,,,,,,,,,,,,,,,,,,,,,,,,,,,,0.653,0.0,,,,4628.0,0.0,,,,,,4628.0,,,,,,""
15777985779,"Sep 11, 2025, 5:50:26 PM",Morning Ride,Ride,,609,2.54,142.0,1,false,,1996 Cannondale M200 SE,activities/16853228983.fit.gz,,11.793,609.0,588.0,2545.4,7.92,4.329,11.6,126.0,5.9,43.5,4.8,-1.5,,,,,142.0,99.0,,,50.0,,,1.0,,,,,,,,,,,,,0.0,,1.0,,,,,,,,,,,,,,,,11490857.0,,,,,,,,,,,,4.18,0.0,,,,,0.0,,,,,,,,,,,,""
15781071473,"Sep 11, 2025, 11:39:50 PM",Afternoon Ride,Ride,,1280,2.91,154.0,9,false,,1996 Cannondale M200 SE,activities/16856454941.fit.gz,,11.793,1280.0,1203.0,2909.6,9.025,2.419,76.9,90.0,6.8,73.2,16.7,2.3,,,,,154.0,129.0,,,180.0,,,9.0,,,,,,,,,,,,,0.0,,1.0,,,,,,,,,,,,,,,,11490857.0,,,,,,,,,,,,2.273,0.0,,,,,0.0,,,,,,,,,,,,""
15782272847,"Sep 12, 2025, 3:13:24 AM",Evening Pickleball,Workout,,4306,0.16,153.0,11,false,,,activities/16857753754.fit.gz,,,4306.0,4306.0,163.3,1.22,0.038,0.0,0.0,0.0,0.0,0.0,0.0,,,85.0,59.0,153.0,101.0,,,311.0,,,11.0,,,,,,,,,,,,,0.0,,1.0,,,,,,,,,,,,,,,,,,,,,,,,,,,,0.038,0.0,,,,3448.0,0.0,,,,,,3448.0,,,,,,""
15800903641,"Sep 13, 2025, 6:57:22 PM",Lunch Walk,Walk,,1309,1.92,106.0,2,false,,,activities/16877427114.fit.gz,,,1309.0,1293.0,1927.2,3.36,1.49,27.0,141.0,45.8,80.2,7.9,-1.7,,,76.0,65.0,106.0,90.0,,,109.0,,,2.0,,,,,,,,,,,,,0.0,,1.0,,,,,,,,,,,,,,,,,,,,,,,,,,,,1.472,0.0,,,,2778.0,0.0,,,,,,,,,,,,""
15814308045,"Sep 14, 2025, 9:35:02 PM",1st 8.5 tennis match for bay club!,Workout,"Vs Olympic club, 1-6 7-5 10-4 omg",6306,4.06,176.0,36,false,,,activities/16891512803.fit.gz,,,6306.0,6082.0,4059.2,2.571,0.667,0.0,0.0,3.0,3.2,2.0,0.0,,,118.0,60.0,176.0,127.0,,,706.0,,,36.0,,,,,,,,,,,,,0.0,,1.0,,,,,,,,,,,,,,,,,,,,,,,,,,,,0.644,0.0,,,,5378.0,0.0,,,,,,5378.0,0.0,,,,,""
15822226808,"Sep 15, 2025, 6:13:22 PM",Lunch Ride,Ride,,4,0,77.0,0,false,,1996 Cannondale M200 SE,activities/16899791342.fit.gz,,11.793,4.0,4.0,0.0,0.0,0.0,0.0,0.0,0.0,0.0,0.0,0.0,,,,,77.0,76.0,,,,,,0.0,,,,,,,,,,,,,0.0,,1.0,,,,,,,,,,,,,,,,11490857.0,,,,,,,,,,,,0.0,0.0,,,,,0.0,,,,,,,,,,,,""
15822417389,"Sep 15, 2025, 6:14:19 PM",Lunch Run,Run,,766,2.19,154.0,12,false,,HOKA Clifton 8,activities/16899984990.fit.gz,,,766.0,738.0,2191.5,4.9,2.97,2.7,130.0,6.2,90.0,2.2,-3.8,,,98.0,89.0,154.0,144.0,,,139.0,,,12.0,,,,,,,,,,,,,0.0,,1.0,2072.7,,,,,,,,,,,,,,,,14035992.0,,,,,,,,,,,2.861,0.0,,,,2196.0,0.0,,,,2.809,,,,,,,,""
15822937653,"Sep 15, 2025, 6:31:14 PM",Lunch Pilates,Workout,,2905,0,119.0,5,false,,,activities/16900518906.fit.gz,,,2905.0,2905.0,0.0,0.0,0.0,0.0,0.0,0.0,0.0,0.0,0.0,,,75.0,56.0,119.0,84.0,,,148.0,,,5.0,,,,,,,,,,,,,0.0,,1.0,,,,,,,,,,,,,,,,,,,,,,,,,,,,0.0,0.0,,,,,0.0,,,,,,0.0,,,,,,""
15838033964,"Sep 17, 2025, 1:14:46 AM",Evening Yoga,Yoga,,4386,0,116.0,5,false,,,activities/16916005978.fit.gz,,,4386.0,4386.0,0.0,0.0,0.0,0.0,0.0,0.0,0.0,0.0,0.0,,,,,116.0,67.0,,,120.0,,,5.0,,,,,,,,,,,,,0.0,,1.0,,,,,,,,,,,,,,,,,,,,,,,,,,,,0.0,0.0,,,,,0.0,,,,,,0.0,,,,,,""
15855941518,"Sep 18, 2025, 4:07:34 PM",Morning Ride,Ride,,2649,0,160.0,10,false,,1996 Cannondale M200 SE,activities/16934393543.fit.gz,,11.793,2649.0,2649.0,0.0,0.0,0.0,0.0,0.0,0.0,0.0,0.0,0.0,,,,,160.0,115.0,,,272.0,,,10.0,,,,,,,,,,,,,0.0,,1.0,,,,,,,,,,,,,,,,11490857.0,,,,,,,,,,,,0.0,0.0,,,,,0.0,,,,,,,,,,,,""
15856735826,"Sep 18, 2025, 4:07:17 PM",45 min Country Ride with Hannah Corbin,Ride,"Total Output: 389.2 kJ
Leaderboard Rank: 4,455 / 15,717",2675,21.94,,,false,,1996 Cannondale M200 SE,activities/16935199410.tcx.gz,,11.793,2675.0,2675.0,21939.1,12.6,8.202,0.0,0.0,0.0,0.0,0.0,0.0,,,125.0,83.0,,,,146.0,547.0,,,,,,,,,,,,164.0,2676.0,,,0.0,,1.0,,,,,,,,,,,,,,,,11490857.0,,,,,,,,,,,,8.202,0.0,,,,,0.0,,165.0,149.0,,,,,,,,,media/ab3a242e-1cb7-4882-b33b-b930c627b048.jpg
15892606802,"Sep 21, 2025, 7:54:19 PM",Post-hopr night run to farmers market tgtg,Run,"",1171,3.10,159.0,14,false,,HOKA Clifton 8,activities/16972058181.fit.gz,,,1171.0,1159.0,3107.9,5.783,2.682,13.4,111.0,17.8,59.3,3.7,-1.1,,,90.0,85.0,159.0,140.0,,,200.0,,,14.0,,,,,,,,,,,,,0.0,,1.0,3061.3,,,,,,,,,,,,,,,,14035992.0,,,,,,,,,,,2.654,0.0,,,,3230.0,0.0,,,,2.641,,,0.0,,,,,""
15892973894,"Sep 21, 2025, 8:27:53 PM",Afternoon Walk,Walk,,2978,3.41,121.0,4,false,,,activities/16972437374.fit.gz,,,2978.0,2799.0,3412.4,2.825,1.219,105.1,154.0,7.8,96.0,48.6,2.4,,,70.0,59.0,121.0,79.0,,,215.0,,,4.0,,,,,,,,,,,,,0.0,,1.0,,,,,,,,,,,,,,,,,,,,,,,,,,,,1.146,0.0,,,,4918.0,0.0,,,,,,,,,,,,""
15900318833,"Sep 22, 2025, 4:45:24 PM",Morning Ride,Ride,,621,2.43,121.0,1,false,,1996 Cannondale M200 SE,activities/16980014067.fit.gz,,11.793,621.0,587.0,2430.3,7.433,4.14,11.8,42.0,5.9,38.5,4.8,-1.3,,,,,121.0,108.0,,,60.0,,,1.0,,,,,,,,,,,,,0.0,,1.0,,,,,,,,,,,,,,,,11490857.0,,,,,,,,,,,,3.914,0.0,,,,,0.0,,,,,,,,,,,,""
15901902761,"Sep 22, 2025, 6:28:22 PM",Lunch Ride,Ride,,1239,2.98,174.0,14,false,,1996 Cannondale M200 SE,activities/16981621066.fit.gz,,11.793,1239.0,1116.0,2980.7,7.633,2.671,78.1,54.0,5.5,73.1,17.2,2.3,,,,,174.0,137.0,,,185.0,,,14.0,,,,,,,,,,,,,0.0,,1.0,,,,,,,,,,,,,,,,11490857.0,,,,,,,,,,,,2.406,0.0,,,,,0.0,,,,,,,,,,,,""
15904910901,"Sep 23, 2025, 12:42:00 AM",Afternoon Tennis,Workout,,4753,3.22,168.0,30,false,,,activities/16984678246.fit.gz,,,4753.0,4530.0,3226.8,3.043,0.712,0.0,0.0,3.6,3.8,1.0,0.0,,,120.0,65.0,168.0,132.0,,,610.0,,,30.0,,,,,,,,,,,,,0.0,,1.0,,,,,,,,,,,,,,,,,,,,,,,,,,,,0.679,0.0,,,,4636.0,0.0,,,,,,4636.0,,,,,,""
15925686568,"Sep 24, 2025, 8:42:32 PM",Ride to cal academy of sciences,Ride,"Happy 30th birthday, Claude!!",1832,6.87,173.0,13,false,,1996 Cannondale M200 SE,activities/17005972104.fit.gz,,11.793,1832.0,1741.0,6878.3,10.355,3.951,72.2,207.0,21.1,78.5,10.0,0.3,,,,,173.0,128.0,,,248.0,,,13.0,,,,,,,,,,,,,0.0,,1.0,,,,,,,,,,,,,,,,11490857.0,,,,,,,,,,,,3.755,0.0,,,,,0.0,,,,,,,0.0,,,,,""
15927251869,"Sep 24, 2025, 11:03:57 PM",Afternoon Ride,Ride,,2124,7.16,162.0,16,false,,1996 Cannondale M200 SE,activities/17007561620.fit.gz,,11.793,2124.0,1992.0,7165.4,13.171,3.597,70.2,160.0,19.0,78.7,12.7,0.0,,,,,162.0,131.0,,,301.0,,,16.0,,,,,,,,,,,,,0.0,,1.0,,,,,,,,,,,,,,,,11490857.0,,,,,,,,,,,,3.374,0.0,,,,,0.0,,,,,,,,,,,,""
15927729438,"Sep 25, 2025, 12:43:07 AM",Afternoon Tennis,Workout,,4726,2.80,163.0,25,false,,,activities/17008049567.fit.gz,,,4726.0,4457.0,2805.8,2.283,0.63,0.0,0.0,3.2,3.5,2.9,0.0,,,120.0,63.0,163.0,127.0,,,557.0,,,25.0,,,,,,,,,,,,,0.0,,1.0,,,,,,,,,,,,,,,,,,,,,,,,,,,,0.594,0.0,,,,4486.0,0.0,,,,,,4486.0,,,,,,""
15945495937,"Sep 26, 2025, 6:45:26 PM",Lunch Run to pickup Wako and Jen call,Run,"",1578,4.06,162.0,27,false,,HOKA Clifton 8,activities/17026230119.fit.gz,,,1578.0,1490.0,4068.0,3.767,2.73,57.2,107.0,51.3,89.5,12.3,-0.1,,,94.0,86.0,162.0,147.0,,,287.0,,,27.0,,,,,,,,,,,,,0.0,,1.0,4174.7,,,,,,,,,,,,,,,,14035992.0,,,,,,,,,,,2.578,0.0,,,,4342.0,0.0,,,,2.802,,,0.0,,,,,""
15945520583,"Sep 26, 2025, 7:12:08 PM",Lunch Run I stopped my Garmin accidentally,Run,"",217,0.49,156.0,1,false,,HOKA Clifton 8,activities/17026255259.fit.gz,,,217.0,185.0,491.0,3.3,2.654,0.0,17.0,57.0,62.3,1.2,-1.0,,,89.0,86.0,156.0,138.0,,,38.0,,,1.0,,,,,,,,,,,,,0.0,,1.0,481.0,,,,,,,,,,,,,,,,14035992.0,,,,,,,,,,,2.263,0.0,,,,496.0,0.0,,,,2.6,,,0.0,,,,,""
15946988263,"Sep 26, 2025, 10:53:37 PM",Afternoon Swim,Swim,,921,900,174.0,38,false,,,activities/17027752464.fit.gz,,,921.0,919.0,900.0,1.6,0.979,0.0,0.0,0.0,0.0,0.0,0.0,,,,,174.0,156.0,,,181.0,,,38.0,,,,,,,,,,,,,0.0,,1.0,,,,,,,,,,,,,,,,,,,,,,,,,,,,0.977,0.0,,,,,0.0,25.0,,,,,,,,,,,""
15958478749,"Sep 27, 2025, 9:58:45 PM",Afternoon Tennis,Workout,,5884,3.53,173.0,40,false,,,activities/17039523022.fit.gz,,,5884.0,5490.0,3534.8,2.46,0.644,0.0,0.0,3.7,4.0,3.9,0.0,,,121.0,61.0,173.0,132.0,,,716.0,,,40.0,,,,,,,,,,,,,0.0,,1.0,,,,,,,,,,,,,,,,,,,,,,,,,,,,0.601,0.0,,,,5320.0,0.0,,,,,,5320.0,,,,,,""
15967374432,"Sep 28, 2025, 3:49:27 PM",Morning Ride,Ride,,1570,5.48,160.0,10,false,,1996 Cannondale M200 SE,activities/17048640636.fit.gz,,11.793,1570.0,1524.0,5484.2,8.517,3.599,67.4,138.0,21.1,78.7,9.6,0.4,,,,,160.0,126.0,,,211.0,,,10.0,,,,,,,,,,,,,0.0,,1.0,,,,,,,,,,,,,,,,11490857.0,,,,,,,,,,,,3.493,0.0,,,,,0.0,,,,,,,,,,,,""
15969498200,"Sep 28, 2025, 7:39:14 PM",Lunch Ride,Ride,,1908,6.18,163.0,13,false,,1996 Cannondale M200 SE,activities/17050811705.fit.gz,,11.793,1908.0,1836.0,6179.4,8.056,3.366,69.0,221.0,19.0,78.6,11.0,0.0,,,,,163.0,127.0,,,255.0,,,13.0,,,,,,,,,,,,,0.0,,1.0,,,,,,,,,,,,,,,,11490857.0,,,,,,,,,,,,3.239,0.0,,,,,0.0,,,,,,,,,,,,""
16047051689,"Oct 5, 2025, 10:03:40 PM",Walk to GGP match,Walk,"",4965,6.24,104.0,9,false,,,activities/17129455982.fit.gz,,,4965.0,4803.0,6248.2,2.9,1.301,78.5,310.0,42.7,83.2,8.1,0.3,,,122.0,60.0,104.0,88.0,,,356.0,,,9.0,,,,,,,,,,,,,0.0,,1.0,,,,,,,,,,,,,,,,,,,,,,,,,,,,1.258,0.0,,,,9106.0,0.0,,,,,,,0.0,,,,,""
16053392133,"Oct 6, 2025, 3:51:05 PM",Walk to devday,Walk,"",2293,3.00,103.0,4,false,,,activities/17135889199.fit.gz,,,2293.0,2275.0,3005.9,2.333,1.321,10.3,202.0,5.8,84.1,3.9,-2.6,,,67.0,61.0,103.0,87.0,,,166.0,,,4.0,,,,,,,,,,,,,0.0,,1.0,,,,,,,,,,,,,,,,,,,,,,,,,,,,1.311,0.0,,,,4504.0,0.0,,,,,,,0.0,,,,,""
16057038105,"Oct 6, 2025, 9:54:29 PM",Walk from devday for Amex lululemon gift card to cheese plus gift card pickup,Walk,"",3852,3.79,158.0,9,false,,,activities/17139545677.fit.gz,,,3852.0,3074.0,3795.1,2.483,1.235,105.1,260.0,5.6,107.0,12.3,2.4,,,118.0,59.0,158.0,101.0,,,270.0,,,9.0,,,,,,,,,,,,,0.0,,1.0,,,,,,,,,,,,,,,,,,,,,,,,,,,,0.985,0.0,,,,5540.0,0.0,,,,,,,0.0,,,,,""
16057761595,"Oct 7, 2025, 12:11:26 AM",Run to Jen’s parents’ at Lumina,Run,"",809,2.23,159.0,16,false,,HOKA Clifton 8,activities/17140272552.fit.gz,,,809.0,758.0,2229.2,6.167,2.941,2.7,187.0,4.1,93.4,1.8,-3.9,,,92.0,85.0,159.0,149.0,,,153.0,,,16.0,,,,,,,,,,,,,0.0,,1.0,2137.4,,,,,,,,,,,,,,,,14035992.0,,,,,,,,,,,2.756,0.0,,,,2274.0,0.0,,,,2.82,,,0.0,,,,,""
16069246313,"Oct 7, 2025, 11:25:56 PM",Afternoon Elliptical,Elliptical,,1850,0,175.0,12,false,,,activities/17151859854.fit.gz,,,1850.0,1850.0,0.0,0.0,0.0,0.0,0.0,0.0,0.0,0.0,0.0,,,104.0,65.0,175.0,125.0,,,245.0,,,12.0,,,,,,,,,,,,,0.0,,1.0,,,,,,,,,,,,,,,,,,,,,,,,,,,,0.0,0.0,,,,3924.0,0.0,,,,,,3924.0,,,,,,""
16078943462,"Oct 8, 2025, 7:16:00 PM",Lunch Tennis,Workout,,4827,3.25,173.0,30,false,,,activities/17161659184.fit.gz,,,4827.0,4661.0,3249.2,3.54,0.697,0.0,0.0,3.5,3.8,1.2,0.0,,,112.0,60.0,173.0,128.0,,,579.0,,,30.0,,,,,,,,,,,,,0.0,,1.0,,,,,,,,,,,,,,,,,,,,,,,,,,,,0.673,0.0,,,,4884.0,0.0,,,,,,4884.0,,,,,,""
16081213206,"Oct 9, 2025, 1:05:54 AM",Evening Tennis,Workout,,4042,2.69,171.0,22,false,,,activities/17163941302.fit.gz,,,4042.0,3824.0,2689.0,3.847,0.703,0.0,0.0,3.3,3.7,2.9,0.0,,,118.0,63.0,171.0,129.0,,,517.0,,,22.0,,,,,,,,,,,,,0.0,,1.0,,,,,,,,,,,,,,,,,,,,,,,,,,,,0.665,0.0,,,,3440.0,0.0,,,,,,3440.0,,,,,,""
16099134469,"Oct 10, 2025, 8:45:50 PM",Afternoon Run,Run,,465,1.16,156.0,5,false,,HOKA Clifton 8,activities/17182037121.fit.gz,,,465.0,412.0,1166.9,4.54,2.832,0.0,111.0,11.0,89.2,2.8,-6.7,,,95.0,86.0,156.0,141.0,,,81.0,,,5.0,,,,,,,,,,,,,0.0,,1.0,1097.0,,,,,,,,,,,,,,,,14035992.0,,,,,,,,,,,2.509,0.0,,,,1222.0,0.0,,,,2.663,,,,,,,,""
16099503627,"Oct 10, 2025, 9:00:23 PM",St tech week Barry’s,Workout,"",3117,0,186.0,40,false,,,activities/17182407833.fit.gz,,,3117.0,3117.0,0.0,0.0,0.0,0.0,0.0,0.0,0.0,0.0,0.0,,,,,186.0,140.0,,,483.0,,,40.0,,,,,,,,,,,,,0.0,,1.0,,,,,,,,,,,,,,,,,,,,,,,,,,,,0.0,0.0,,,,,0.0,,,,,,14.0,0.0,,,,,""
16110790843,"Oct 11, 2025, 10:37:44 PM",Easy run post-Barry’s,Run,"",1459,3.34,156.0,12,false,,HOKA Clifton 8,activities/17193828184.fit.gz,,,1459.0,1324.0,3345.2,3.827,2.527,30.0,139.0,26.9,68.1,7.6,-0.6,,,93.0,84.0,156.0,138.0,,,245.0,,,12.0,,,,,,,,,,,,,0.0,,1.0,3346.0,,,,,,,,,,,,,,,,14035992.0,,,,,,,,,,,2.293,0.0,,,,3696.0,0.0,,,,2.527,,,0.0,,,,,""
16111147260,"Oct 11, 2025, 11:27:43 PM",Afternoon Elliptical,Elliptical,,1796,0,175.0,25,false,,,activities/17194190540.fit.gz,,,1796.0,1796.0,0.0,0.0,0.0,0.0,0.0,0.0,0.0,0.0,0.0,,,79.0,49.0,175.0,145.0,,,299.0,,,25.0,,,,,,,,,,,,,0.0,,1.0,,,,,,,,,,,,,,,,,,,,,,,,,,,,0.0,0.0,,,,2740.0,0.0,,,,,,2740.0,,,,,,""
16122281468,"Oct 12, 2025, 9:07:59 PM",Tennis Devin singles massacre,Workout,"",6576,4.34,165.0,25,false,,,activities/17205500638.fit.gz,,,6576.0,6162.0,4343.4,3.463,0.705,0.0,0.0,3.2,4.0,3.5,0.0,,,124.0,66.0,165.0,119.0,,,628.0,,,25.0,,,,,,,,,,,,,0.0,,1.0,,,,,,,,,,,,,,,,,,,,,,,,,,,,0.66,0.0,,,,8248.0,0.0,,,,,,8248.0,0.0,,,,,""
16133452106,"Oct 14, 2025, 1:14:56 AM",Evening Tennis,Workout,,6390,0.24,153.0,23,false,,,activities/17216795154.fit.gz,,,6390.0,6390.0,244.4,1.063,0.038,0.0,0.0,0.0,0.0,0.0,0.0,,,119.0,60.0,153.0,114.0,,,560.0,,,23.0,,,,,,,,,,,,,0.0,,1.0,,,,,,,,,,,,,,,,,,,,,,,,,,,,0.038,0.0,,,,5890.0,0.0,,,,,,5890.0,,,,,,""
16144281822,"Oct 15, 2025, 12:59:57 AM",Afternoon Run,Run,,754,1.62,152.0,8,false,,HOKA Clifton 8,activities/17227707930.fit.gz,,,754.0,745.0,1625.1,3.81,2.181,2.6,116.0,21.5,90.0,2.3,-4.2,,,94.0,85.0,152.0,140.0,,,122.0,,,8.0,,,,,,,,,,,,,0.0,,1.0,1537.3,,,,,,,,,,,,,,,,14035992.0,,,,,,,,,,,2.155,0.0,,,,1974.0,0.0,,,,2.063,,,,,,,,""
16144595218,"Oct 15, 2025, 1:37:02 AM",Evening Pilates,Workout,,2835,0,117.0,4,false,,,activities/17228025817.fit.gz,,,2835.0,2835.0,0.0,0.0,0.0,0.0,0.0,0.0,0.0,0.0,0.0,,,100.0,73.0,117.0,77.0,,,114.0,,,4.0,,,,,,,,,,,,,0.0,,1.0,,,,,,,,,,,,,,,,,,,,,,,,,,,,0.0,0.0,,,,,0.0,,,,,,0.0,,,,,,""
16154157704,"Oct 15, 2025, 9:56:17 PM",Afternoon Tennis,Workout,,2824,0.07,185.0,22,false,,,activities/17237675266.fit.gz,,,2824.0,2824.0,70.9,0.65,0.025,0.0,0.0,0.0,0.0,0.0,0.0,,,119.0,61.0,185.0,134.0,,,404.0,,,22.0,,,,,,,,,,,,,0.0,,1.0,,,,,,,,,,,,,,,,,,,,,,,,,,,,0.025,0.0,,,,2626.0,0.0,,,,,,2626.0,,,,,,""
16154553923,"Oct 15, 2025, 10:52:52 PM",8.5 tennis match dubs with Maylen vs Elaine and La!,Workout,"",2111,0.07,164.0,11,false,,,activities/17238073238.fit.gz,,,2111.0,2111.0,72.3,0.62,0.034,0.0,0.0,0.0,0.0,0.0,0.0,,,124.0,60.0,164.0,130.0,,,292.0,,,11.0,,,,,,,,,,,,,0.0,,1.0,,,,,,,,,,,,,,,,,,,,,,,,,,,,0.034,0.0,,,,2070.0,0.0,,,,,,2070.0,0.0,,,,,""
16166280323,"Oct 17, 2025, 1:50:52 AM",Evening Tennis,Workout,,6537,0.61,158.0,26,false,,,activities/17249901666.fit.gz,,,6537.0,6537.0,609.1,1.76,0.093,0.0,0.0,0.0,0.0,0.0,0.0,,,121.0,61.0,158.0,122.0,,,642.0,,,26.0,,,,,,,,,,,,,0.0,,1.0,,,,,,,,,,,,,,,,,,,,,,,,,,,,0.093,0.0,,,,6710.0,0.0,,,,,,6710.0,,,,,,""
16174090948,"Oct 17, 2025, 8:19:47 PM",Afternoon Tennis,Workout,,7478,0.34,178.0,81,false,,,activities/17257778392.fit.gz,,,7478.0,7478.0,348.7,1.308,0.047,0.0,0.0,0.0,0.0,0.0,0.0,,,109.0,59.0,178.0,138.0,,,1003.0,,,81.0,,,,,,,,,,,,,0.0,,1.0,,,,,,,,,,,,,,,,,,,,,,,,,,,,0.047,0.0,,,,6938.0,0.0,,,,,,6938.0,,,,,,""
16175760832,"Oct 18, 2025, 12:07:44 AM",Afternoon Tennis,Workout,,5467,0.33,183.0,47,false,,,activities/17259471594.fit.gz,,,5467.0,5467.0,331.7,1.72,0.061,0.0,0.0,0.0,0.0,0.0,0.0,,,122.0,61.0,183.0,135.0,,,703.0,,,47.0,,,,,,,,,,,,,0.0,,1.0,,,,,,,,,,,,,,,,,,,,,,,,,,,,0.061,0.0,,,,5232.0,0.0,,,,,,5232.0,,,,,,""
16186131487,"Oct 18, 2025, 11:48:25 PM",Afternoon Tennis,Workout,,6896,0.72,188.0,86,false,,,activities/17269978417.fit.gz,,,6896.0,6896.0,723.8,1.633,0.105,0.0,0.0,0.0,0.0,0.0,0.0,,,104.0,62.0,188.0,139.0,,,928.0,,,86.0,,,,,,,,,,,,,0.0,,1.0,,,,,,,,,,,,,,,,,,,,,,,,,,,,0.105,0.0,,,,7400.0,0.0,,,,,,7400.0,,,,,,""
16196098702,"Oct 19, 2025, 9:45:55 PM",9.5 tennis match vs north bay,Workout,"",3625,0.12,156.0,12,false,,,activities/17280096121.fit.gz,,,3625.0,3625.0,125.7,1.62,0.035,0.0,0.0,0.0,0.0,0.0,0.0,,,121.0,67.0,156.0,112.0,,,325.0,,,12.0,,,,,,,,,,,,,0.0,,1.0,,,,,,,,,,,,,,,,,,,,,,,,,,,,0.035,0.0,,,,3146.0,0.0,,,,,,3146.0,0.0,,,,,""
16205697263,"Oct 20, 2025, 10:05:33 PM",Afternoon Tennis,Workout,,3317,0.20,161.0,15,false,,,activities/17289707684.fit.gz,,,3317.0,3317.0,205.4,1.42,0.062,0.0,0.0,0.0,0.0,0.0,0.0,,,105.0,63.0,161.0,119.0,,,360.0,,,15.0,,,,,,,,,,,,,0.0,,1.0,,,,,,,,,,,,,,,,,,,,,,,,,,,,0.062,0.0,,,,5316.0,0.0,,,,,,5316.0,,,,,,""
16214946702,"Oct 21, 2025, 6:17:16 PM",Lunch Pickleball,Workout,,5019,0.26,168.0,25,false,,,activities/17299030936.fit.gz,,,5019.0,5019.0,265.5,1.257,0.053,0.0,0.0,0.0,0.0,0.0,0.0,,,111.0,60.0,168.0,127.0,,,592.0,,,25.0,,,,,,,,,,,,,0.0,,1.0,,,,,,,,,,,,,,,,,,,,,,,,,,,,0.053,0.0,,,,4366.0,0.0,,,,,,4366.0,,,,,,""
16218315405,"Oct 22, 2025, 4:53:32 AM",Night Ride,Ride,,774,3.83,131.0,2,false,,1996 Cannondale M200 SE,activities/17302422105.fit.gz,,11.793,774.0,758.0,3835.2,8.875,5.06,67.6,44.0,4.9,58.7,5.3,1.4,,,,,131.0,109.0,,,79.0,,,2.0,,,,,,,,,,,,,0.0,,1.0,,,,,,,,,,,,,,,,11490857.0,,,,,,,,,,,,4.955,0.0,,,,,0.0,,,,,,,,,,,,""
16223799927,"Oct 22, 2025, 4:32:06 PM",Morning Ride,Ride,,887,3.49,135.0,2,false,,1996 Cannondale M200 SE,activities/17307944464.fit.gz,,11.793,887.0,737.0,3494.3,9.322,4.741,13.8,115.0,6.3,60.8,3.8,-1.3,,,,,135.0,112.0,,,93.0,,,2.0,,,,,,,,,,,,,0.0,,1.0,,,,,,,,,,,,,,,,11490857.0,,,,,,,,,,,,3.939,0.0,,,,,0.0,,,,,,,,,,,,""
16225098412,"Oct 22, 2025, 6:29:59 PM",Lunch Ride retool to Sephora,Ride,"",670,2.21,158.0,2,false,,1996 Cannondale M200 SE,activities/17309247435.fit.gz,,11.793,670.0,636.0,2213.4,7.04,3.48,13.8,81.0,5.5,14.8,3.5,0.2,,,,,158.0,110.0,,,69.0,,,2.0,,,,,,,,,,,,,0.0,,1.0,,,,,,,,,,,,,,,,11490857.0,,,,,,,,,,,,3.304,0.0,,,,,0.0,,,,,,,0.0,,,,,""
16227803813,"Oct 23, 2025, 12:22:27 AM",Afternoon Ride,Ride,,1490,4.95,183.0,30,false,,1996 Cannondale M200 SE,activities/17311959893.fit.gz,,11.793,1490.0,1452.0,4950.1,9.429,3.409,67.4,188.0,21.1,78.7,10.1,0.6,,,,,183.0,150.0,,,272.0,,,30.0,,,,,,,,,,,,,0.0,,1.0,,,,,,,,,,,,,,,,11490857.0,,,,,,,,,,,,3.322,0.0,,,,,0.0,,,,,,,,,,,,""
16228325656,"Oct 23, 2025, 1:23:28 AM",8.5 with Maylen 7-6 6-0!,Workout,"",4433,0.43,182.0,45,false,,,activities/17312485402.fit.gz,,,4433.0,4433.0,437.6,1.8,0.099,0.0,0.0,0.0,0.0,0.0,0.0,,,122.0,62.0,182.0,137.0,,,597.0,,,45.0,,,,,,,,,,,,,0.0,,1.0,,,,,,,,,,,,,,,,,,,,,,,,,,,,0.099,0.0,,,,4384.0,0.0,,,,,,4384.0,0.0,,,,,""
16228453738,"Oct 23, 2025, 2:49:11 AM",Evening Ride,Ride,,1491,5.28,136.0,4,false,,1996 Cannondale M200 SE,activities/17312616332.fit.gz,,11.793,1491.0,1385.0,5281.8,8.611,3.814,45.2,228.0,19.0,78.6,7.4,-0.4,,,,,136.0,117.0,,,166.0,,,4.0,,,,,,,,,,,,,0.0,,1.0,,,,,,,,,,,,,,,,11490857.0,,,,,,,,,,,,3.542,0.0,,,,,0.0,,,,,,,,,,,,""
16237771992,"Oct 24, 2025, 1:39:37 AM",Bike to party hi gabby and raouf,Ride,"",780,2.99,137.0,2,false,,1996 Cannondale M200 SE,activities/17321985284.fit.gz,,11.793,780.0,762.0,2995.6,9.043,3.931,12.1,142.0,7.9,68.1,5.5,-1.8,,,,,137.0,108.0,,,78.0,,,2.0,,,,,,,,,,,,,0.0,,1.0,,,,,,,,,,,,,,,,11490857.0,,,,,,,,,,,,3.841,0.0,,,,,0.0,,,,,,,0.0,,,,,""
16238245754,"Oct 24, 2025, 4:11:36 AM",Bike from vercel browserbase braintrust party,Ride,Everyone and their mom was there /s,463,2.25,137.0,1,false,,1996 Cannondale M200 SE,activities/17322464394.fit.gz,,11.793,463.0,445.0,2256.1,10.7,5.07,46.1,76.0,12.0,58.7,5.9,2.0,,,,,137.0,113.0,,,53.0,,,1.0,,,,,,,,,,,,,0.0,,1.0,,,,,,,,,,,,,,,,11490857.0,,,,,,,,,,,,4.873,0.0,,,,,0.0,,,,,,,0.0,,,,,""
16244038302,"Oct 24, 2025, 5:39:57 PM",Morning Ride,Ride,,1296,5.87,136.0,3,false,,1996 Cannondale M200 SE,activities/17328302686.fit.gz,,11.793,1296.0,1240.0,5876.3,9.109,4.739,19.8,171.0,2.7,52.0,5.2,-0.7,,,,,136.0,111.0,,,131.0,,,3.0,,,,,,,,,,,,,0.0,,1.0,,,,,,,,,,,,,,,,11490857.0,,,,,,,,,,,,4.534,0.0,,,,,0.0,,,,,,,,,,,,""
16244558483,"Oct 24, 2025, 7:12:15 PM",Lunch Ride,Ride,,1081,4.65,143.0,3,false,,1996 Cannondale M200 SE,activities/17328825076.fit.gz,,11.793,1081.0,1064.0,4653.6,6.28,4.374,0.0,135.0,2.6,9.1,1.5,-0.1,,,,,143.0,112.0,,,113.0,,,3.0,,,,,,,,,,,,,0.0,,1.0,,,,,,,,,,,,,,,,11490857.0,,,,,,,,,,,,4.305,33.0,,,,,0.0,,,,,,,,,,,,""
16246247084,"Oct 24, 2025, 11:42:51 PM",Afternoon Ride,Ride,,1014,4.80,127.0,2,false,,1996 Cannondale M200 SE,activities/17330521521.fit.gz,,11.793,1014.0,963.0,4808.9,8.978,4.994,58.0,57.0,3.4,59.4,4.9,1.2,,,,,127.0,101.0,,,83.0,,,2.0,,,,,,,,,,,,,0.0,,1.0,,,,,,,,,,,,,,,,11490857.0,,,,,,,,,,,,4.743,0.0,,,,,0.0,,,,,,,,,,,,""
16257630855,"Oct 26, 2025, 5:06:43 AM",Ebike from Sandy and chad!,Ride,"",1089,5.42,121.0,2,false,,1996 Cannondale M200 SE,activities/17342048163.fit.gz,,11.793,1089.0,1068.0,5425.3,8.62,5.08,58.2,141.0,5.7,59.3,6.6,0.8,,,,,121.0,98.0,,,86.0,,,2.0,,,,,,,,,,,,,0.0,,1.0,,,,,,,,,,,,,,,,11490857.0,,,,,,,,,,,,4.982,0.0,,,,,0.0,,,,,,,0.0,,,,,""
16265325928,"Oct 26, 2025, 5:50:17 PM",Morning Ride,Ride,,1943,6.23,175.0,26,false,,1996 Cannondale M200 SE,activities/17349866608.fit.gz,,11.793,1943.0,1805.0,6238.0,10.689,3.456,61.7,227.0,16.8,78.6,6.7,0.2,,,,,175.0,138.0,,,309.0,,,26.0,,,,,,,,,,,,,0.0,,1.0,,,,,,,,,,,,,,,,11490857.0,,,,,,,,,,,,3.21,0.0,,,,,0.0,,,,,,,,,,,,""
16266151442,"Oct 26, 2025, 7:16:09 PM",Lunch Tennis,Workout,,4388,0.22,163.0,20,false,,,activities/17350703838.fit.gz,,,4388.0,4388.0,220.6,1.174,0.05,0.0,0.0,0.0,0.0,0.0,0.0,,,107.0,58.0,163.0,121.0,,,414.0,,,20.0,,,,,,,,,,,,,0.0,,1.0,,,,,,,,,,,,,,,,,,,,,,,,,,,,0.05,0.0,,,,3326.0,0.0,,,,,,3326.0,,,,,,""
16277550937,"Oct 28, 2025, 1:07:30 AM",Evening Pickleball,Workout,,5171,0.12,129.0,10,false,,,activities/17362217062.fit.gz,,,5171.0,5171.0,125.9,1.017,0.024,0.0,0.0,0.0,0.0,0.0,0.0,,,100.0,56.0,129.0,91.0,,,303.0,,,10.0,,,,,,,,,,,,,0.0,,1.0,,,,,,,,,,,,,,,,,,,,,,,,,,,,0.024,0.0,,,,3322.0,0.0,,,,,,3322.0,,,,,,""
16294619542,"Oct 29, 2025, 5:26:39 PM",Morning Ride,Ride,,637,3.01,130.0,1,false,,1996 Cannondale M200 SE,activities/17379427279.fit.gz,,11.793,637.0,572.0,3009.4,8.962,5.261,13.3,119.0,6.3,46.0,3.7,-0.9,,,,,130.0,115.0,,,73.0,,,1.0,,,,,,,,,,,,,0.0,,1.0,,,,,,,,,,,,,,,,11490857.0,,,,,,,,,,,,4.724,0.0,,,,,0.0,,,,,,,,,,,,""
16295034887,"Oct 29, 2025, 6:22:56 PM",Lunch Ride,Ride,,1066,5.08,127.0,2,false,,1996 Cannondale M200 SE,activities/17379846157.fit.gz,,11.793,1066.0,1045.0,5084.5,11.33,4.866,17.0,174.0,3.1,19.0,3.8,-0.3,,,,,127.0,98.0,,,81.0,,,2.0,,,,,,,,,,,,,0.0,,1.0,,,,,,,,,,,,,,,,11490857.0,,,,,,,,,,,,4.77,0.0,,,,,0.0,,,,,,,,,,,,""
16296708499,"Oct 29, 2025, 9:51:20 PM",Afternoon Ride,Ride,,442,1.97,141.0,1,false,,1996 Cannondale M200 SE,activities/17381521465.fit.gz,,11.793,442.0,424.0,1973.9,11.29,4.655,42.0,29.0,3.4,46.1,6.4,2.2,,,,,141.0,110.0,,,46.0,,,1.0,,,,,,,,,,,,,0.0,,1.0,,,,,,,,,,,,,,,,11490857.0,,,,,,,,,,,,4.466,0.0,,,,,0.0,,,,,,,,,,,,""
16298249485,"Oct 30, 2025, 1:29:55 AM",Evening Swim,Swim,,922,"1,250",169.0,16,false,,,activities/17383070269.fit.gz,,,922.0,918.0,1250.0,2.1,1.362,0.0,0.0,0.0,0.0,0.0,0.0,,,,,169.0,136.0,,,154.0,,,16.0,,,,,,,,,,,,,0.0,,1.0,,,,,,,,,,,,,,,,,,,,,,,,,,,,1.356,0.0,,,,,0.0,25.0,,,,,,,,,,,""
16326828553,"Oct 30, 2025, 5:22:52 PM",Morning Tennis,Workout,,4235,0.13,159.0,19,false,,,activities/17412015636.fit.gz,,,4235.0,4235.0,138.3,1.617,0.033,0.0,0.0,0.0,0.0,0.0,0.0,,,112.0,59.0,159.0,124.0,,,477.0,,,19.0,,,,,,,,,,,,,0.0,,1.0,,,,,,,,,,,,,,,,,,,,,,,,,,,,0.033,0.0,,,,3308.0,0.0,,,,,,3308.0,,,,,,""
16326828560,"Oct 31, 2025, 12:59:19 AM",Afternoon Tennis,Workout,,4930,0.23,178.0,54,false,,,activities/17412015622.fit.gz,,,4930.0,4930.0,229.9,1.7,0.047,0.0,0.0,0.0,0.0,0.0,0.0,,,121.0,65.0,178.0,137.0,,,657.0,,,54.0,,,,,,,,,,,,,0.0,,1.0,,,,,,,,,,,,,,,,,,,,,,,,,,,,0.047,0.0,,,,3976.0,0.0,,,,,,3976.0,,,,,,""
16326831190,"Oct 31, 2025, 3:12:57 PM",Morning Ride,Ride,,486,1.99,121.0,1,false,,1996 Cannondale M200 SE,activities/17412018611.fit.gz,,11.793,486.0,447.0,1995.6,9.543,4.464,8.7,100.0,17.3,39.4,8.1,-0.9,,,,,121.0,101.0,,,44.0,,,1.0,,,,,,,,,,,,,0.0,,1.0,,,,,,,,,,,,,,,,11490857.0,,,,,,,,,,,,4.106,0.0,,,,,0.0,,,,,,,,,,,,""
16326831569,"Oct 31, 2025, 4:39:36 PM",Morning Ride,Ride,,814,3.86,147.0,2,false,,1996 Cannondale M200 SE,activities/17412018641.fit.gz,,11.793,814.0,770.0,3863.9,9.714,5.018,16.5,89.0,7.4,22.1,4.7,-0.2,,,,,147.0,108.0,,,80.0,,,2.0,,,,,,,,,,,,,0.0,,1.0,,,,,,,,,,,,,,,,11490857.0,,,,,,,,,,,,4.747,0.0,,,,,0.0,,,,,,,,,,,,""
16326831602,"Nov 2, 2025, 12:08:25 AM",Afternoon Run,Run,,444,1.12,151.0,3,false,,HOKA Clifton 8,activities/17412018840.fit.gz,,,444.0,383.0,1126.1,4.571,2.94,4.9,42.0,53.3,67.1,3.2,-1.2,,,91.0,84.0,151.0,138.0,,,77.0,,,3.0,,,,,,,,,,,,,0.0,,1.0,1104.1,,,,,,,,,,,,,,,,14035992.0,,,,,,,,,,,2.536,0.0,,,,1164.0,0.0,,,,2.883,,,,,,,,""
16326831680,"Nov 1, 2025, 7:09:55 PM",Lunch Walk,Walk,,10301,9.45,113.0,12,false,,,activities/17412018687.fit.gz,,,10301.0,7272.0,9450.1,3.967,1.3,102.0,412.0,44.2,88.5,13.1,-0.1,,,119.0,61.0,113.0,83.0,,,527.0,,,12.0,,,,,,,,,,,,,0.0,,1.0,,,,,,,,,,,,,,,,,,,,,,,,,,,,0.917,9.0,,,,14144.0,0.0,,,,,,,,,,,,""
16326831775,"Oct 31, 2025, 11:03:51 PM",Afternoon Pickleball,Workout,,2796,0.12,148.0,6,false,,,activities/17412018639.fit.gz,,,2796.0,2796.0,122.3,1.28,0.044,0.0,0.0,0.0,0.0,0.0,0.0,,,122.0,60.0,148.0,96.0,,,194.0,,,6.0,,,,,,,,,,,,,0.0,,1.0,,,,,,,,,,,,,,,,,,,,,,,,,,,,0.044,0.0,,,,2468.0,0.0,,,,,,2468.0,,,,,,""
16337355847,"Nov 2, 2025, 11:10:11 PM",Afternoon Tennis,Workout,,4872,0.18,169.0,39,false,,,activities/17422833109.fit.gz,,,4872.0,4872.0,186.4,1.0,0.038,0.0,0.0,0.0,0.0,0.0,0.0,,,89.0,58.0,169.0,135.0,,,634.0,,,39.0,,,,,,,,,,,,,0.0,,1.0,,,,,,,,,,,,,,,,,,,,,,,,,,,,0.038,0.0,,,,4046.0,0.0,,,,,,4046.0,,,,,,""
16348132940,"Nov 4, 2025, 2:12:47 AM",Evening Pickleball,Workout,,6337,0.12,125.0,12,false,,,activities/17433703419.fit.gz,,,6337.0,6337.0,122.1,0.833,0.019,0.0,0.0,0.0,0.0,0.0,0.0,,,93.0,55.0,125.0,88.0,,,293.0,,,12.0,,,,,,,,,,,,,0.0,,1.0,,,,,,,,,,,,,,,,,,,,,,,,,,,,0.019,0.0,,,,3318.0,0.0,,,,,,3318.0,,,,,,""
16348220374,"Nov 4, 2025, 4:04:06 AM",Emma and Lizzie eschew Kelly’s nob hill express post-pickleball walk,Walk,"",1594,2.09,90.0,2,false,,,activities/17433791954.fit.gz,,,1594.0,1594.0,2097.6,3.423,1.316,103.8,166.0,3.6,107.5,19.4,4.3,,,113.0,59.0,90.0,72.0,,,117.0,,,2.0,,,,,,,,,,,,,0.0,,1.0,,,,,,,,,,,,,,,,,,,,,,,,,,,,1.316,0.0,,,,3084.0,0.0,,,,,,,0.0,,,,,""
16359316619,"Nov 5, 2025, 2:14:54 AM",Evening Tennis,Workout,,5175,0.28,136.0,14,false,,,activities/17444946372.fit.gz,,,5175.0,5175.0,280.0,1.808,0.054,0.0,0.0,0.0,0.0,0.0,0.0,,,83.0,61.0,136.0,104.0,,,395.0,,,14.0,,,,,,,,,,,,,0.0,,1.0,,,,,,,,,,,,,,,,,,,,,,,,,,,,0.054,0.0,,,,4800.0,0.0,,,,,,4800.0,,,,,,""
16367132817,"Nov 5, 2025, 7:52:49 PM",Lunch Ride,Ride,,1060,5.00,139.0,2,false,,1996 Cannondale M200 SE,activities/17452823242.fit.gz,,11.793,1060.0,1002.0,5005.6,9.28,4.996,40.8,145.0,13.5,84.7,6.5,-1.3,,,,,139.0,96.0,,,82.0,,,2.0,,,,,,,,,,,,,0.0,,1.0,,,,,,,,,,,,,,,,11490857.0,,,,,,,,,,,,4.722,0.0,,,,,0.0,,,,,,,,,,,,""
16370073723,"Nov 6, 2025, 3:10:11 AM",Evening Ride,Ride,,844,3.44,143.0,3,false,,1996 Cannondale M200 SE,activities/17455769756.fit.gz,,11.793,844.0,801.0,3439.3,9.42,4.294,2.1,135.0,13.3,59.2,3.8,-1.3,,,,,143.0,115.0,,,96.0,,,3.0,,,,,,,,,,,,,0.0,,1.0,,,,,,,,,,,,,,,,11490857.0,,,,,,,,,,,,4.075,0.0,,,,,0.0,,,,,,,,,,,,""
16370433180,"Nov 6, 2025, 5:38:58 AM",Night Ride,Ride,,804,3.57,139.0,2,false,,1996 Cannondale M200 SE,activities/17456134410.fit.gz,,11.793,804.0,738.0,3569.6,9.32,4.837,54.8,105.0,12.7,68.0,9.7,1.5,,,,,139.0,100.0,,,67.0,,,2.0,,,,,,,,,,,,,0.0,,1.0,,,,,,,,,,,,,,,,11490857.0,,,,,,,,,,,,4.44,69.3,,,,,0.0,,,,,,,,,,,,""
16377376928,"Nov 6, 2025, 6:49:38 PM",Morning Tennis,Workout,,4427,0.15,170.0,14,false,,,activities/17463119297.fit.gz,,,4427.0,4427.0,154.7,1.114,0.035,0.0,0.0,0.0,0.0,0.0,0.0,,,110.0,56.0,170.0,111.0,,,394.0,,,14.0,,,,,,,,,,,,,0.0,,1.0,,,,,,,,,,,,,,,,,,,,,,,,,,,,0.035,0.0,,,,2646.0,0.0,,,,,,2646.0,,,,,,""
16389802912,"Nov 8, 2025, 3:12:28 AM",Evening Elliptical,Elliptical,,1755,0,146.0,10,false,,,activities/17475644112.fit.gz,,,1755.0,1755.0,0.0,0.0,0.0,0.0,0.0,0.0,0.0,0.0,0.0,,,64.0,56.0,146.0,135.0,,,273.0,,,10.0,,,,,,,,,,,,,0.0,,1.0,,,,,,,,,,,,,,,,,,,,,,,,,,,,0.0,0.0,,,,3248.0,0.0,,,,,,3248.0,,,,,,""
16406855830,"Nov 9, 2025, 3:28:18 PM",Kansas City last morning Run to coffee,Run,I have never been this cold on a run (I brought warmer clothes before),2161,5.23,161.0,32,false,,HOKA Clifton 8,activities/17492904017.fit.gz,,,2161.0,2140.0,5232.4,4.557,2.445,22.5,171.0,230.6,268.5,5.2,-0.4,,,96.0,88.0,161.0,145.0,,,368.0,,,32.0,,,,,,,,,,,,,0.0,,1.0,5221.4,,,,,,,,,,,,,,,,14035992.0,,,,,,,,,,,2.421,272.8,,,,6054.0,0.0,,,,2.44,,,0.0,,,,,media/8AA578EB-443F-46D9-92EC-283EA48BE96A.jpg|media/B9BD31FC-56E6-484C-B56C-A1AA11461EC0.jpg
16420111786,"Nov 11, 2025, 1:42:21 AM",Afternoon Pickleball,Workout,,3206,0.08,137.0,7,false,,,activities/17506241495.fit.gz,,,3206.0,3206.0,87.2,1.84,0.027,0.0,0.0,0.0,0.0,0.0,0.0,,,79.0,57.0,137.0,98.0,,,241.0,,,7.0,,,,,,,,,,,,,0.0,,1.0,,,,,,,,,,,,,,,,,,,,,,,,,,,,0.027,0.0,,,,1704.0,0.0,,,,,,1704.0,,,,,,""
16420236086,"Nov 11, 2025, 2:45:06 AM",Evening Pickleball,Workout,,1988,0.02,129.0,4,false,,,activities/17506367103.fit.gz,,,1988.0,1988.0,27.6,0.6,0.014,0.0,0.0,0.0,0.0,0.0,0.0,,,73.0,51.0,129.0,93.0,,,128.0,,,4.0,,,,,,,,,,,,,0.0,,1.0,,,,,,,,,,,,,,,,,,,,,,,,,,,,0.014,0.0,,,,1312.0,0.0,,,,,,1312.0,,,,,,""
16420416558,"Nov 11, 2025, 4:02:50 AM",Evening Walk,Walk,,969,1.16,98.0,1,false,,,activities/17506550433.fit.gz,,,969.0,969.0,1166.2,2.383,1.204,21.6,72.0,62.3,91.8,16.7,-1.1,,,64.0,58.0,98.0,85.0,,,67.0,,,1.0,,,,,,,,,,,,,0.0,,1.0,,,,,,,,,,,,,,,,,,,,,,,,,,,,1.204,0.0,,,,1854.0,0.0,,,,,,,,,,,,""
16428278662,"Nov 11, 2025, 7:19:01 PM",Lunch Ride,Ride,,1270,6.17,127.0,3,false,,1996 Cannondale M200 SE,activities/17514474982.fit.gz,,11.793,1270.0,1132.0,6172.2,9.0,5.452,65.6,152.0,21.1,78.7,8.8,0.2,,,,,127.0,108.0,,,122.0,,,3.0,,,,,,,,,,,,,0.0,,1.0,,,,,,,,,,,,,,,,11490857.0,,,,,,,,,,,,4.86,0.0,,,,,0.0,,,,,,,,,,,,""
16429747879,"Nov 11, 2025, 9:50:53 PM",Afternoon Tennis,Workout,,2399,0.28,153.0,9,false,,,activities/17515948810.fit.gz,,,2399.0,2399.0,285.3,2.141,0.119,0.0,0.0,0.0,0.0,0.0,0.0,,,88.0,71.0,153.0,117.0,,,260.0,,,9.0,,,,,,,,,,,,,0.0,,1.0,,,,,,,,,,,,,,,,,,,,,,,,,,,,0.119,0.0,,,,3566.0,0.0,,,,,,3566.0,,,,,,""
16430598317,"Nov 12, 2025, 12:01:50 AM",Afternoon Ride,Ride,,372,1.76,147.0,1,false,,1996 Cannondale M200 SE,activities/17516800928.fit.gz,,11.793,372.0,372.0,1764.9,8.52,4.744,0.0,56.0,60.8,78.6,1.3,-1.0,,,,,147.0,125.0,,,53.0,,,1.0,,,,,,,,,,,,,0.0,,1.0,,,,,,,,,,,,,,,,11490857.0,,,,,,,,,,,,4.744,0.0,,,,,0.0,,,,,,,,,,,,""
16430913326,"Nov 12, 2025, 12:44:00 AM",Afternoon Ride,Ride,,1111,3.50,177.0,11,false,,1996 Cannondale M200 SE,activities/17517117713.fit.gz,,11.793,1111.0,1055.0,3503.9,10.64,3.321,45.8,171.0,19.0,70.9,13.0,-0.1,,,,,177.0,130.0,,,159.0,,,11.0,,,,,,,,,,,,,0.0,,1.0,,,,,,,,,,,,,,,,11490857.0,,,,,,,,,,,,3.154,0.0,,,,,0.0,,,,,,,,,,,,""
16446585609,"Nov 13, 2025, 2:24:16 PM",London walk,Walk,"",3376,3.99,123.0,7,false,,,activities/17532892146.fit.gz,,,3376.0,3021.0,3991.4,5.787,1.321,23.3,294.0,3.9,20.8,19.7,0.2,,,80.0,60.0,123.0,97.0,,,240.0,,,7.0,,,,,,,,,,,,,0.0,,1.0,,,,,,,,,,,,,,,,,,,,,,,,,,,,1.182,477.3,,,,5930.0,0.0,,,,,,,0.0,,,,,""
16458684746,"Nov 14, 2025, 6:32:12 PM",What is financially happening in London cannot keep happening anytime I go to Europe harrods x fortnum walk,Walk,"",4945,5.09,114.0,7,false,,,activities/17545062908.fit.gz,,,4945.0,3902.0,5093.7,3.378,1.305,20.7,364.0,10.4,26.1,5.4,0.3,,,69.0,62.0,114.0,89.0,,,296.0,,,7.0,,,,,,,,,,,,,0.0,,1.0,,,,,,,,,,,,,,,,,,,,,,,,,,,,1.03,0.0,,,,7688.0,0.0,,,,,,,0.0,,,,,""
16475912621,"Nov 16, 2025, 11:21:50 AM",Run/walk tour hitting up last sites,Run,Too many people in some places omg,9132,14.76,155.0,46,false,,HOKA Clifton 8,activities/17562507323.fit.gz,,,9132.0,7204.0,14767.2,6.9,2.05,44.7,614.0,22.0,38.6,28.5,0.0,,,125.0,81.0,155.0,131.0,,,1018.0,,,46.0,,,,,,,,,,,,,0.0,,1.0,14834.0,,,,,,,,,,,,,,,,14035992.0,,,,,,,,,,,1.617,18.9,,,,17898.0,0.0,,,,2.059,,,0.0,,,,,media/051D7D88-9616-48A7-BC2A-4E259EECB3FD.jpg|media/0B1A8C98-3099-41FE-BA89-85E3CF8F6543.jpg
16499752658,"Nov 18, 2025, 10:50:26 PM",Afternoon Ride,Ride,,824,2.12,141.0,3,false,,1996 Cannondale M200 SE,activities/17586496468.fit.gz,,11.793,824.0,571.0,2120.5,8.171,3.714,34.3,68.0,16.6,51.6,7.3,1.4,,,,,141.0,128.0,,,106.0,,,3.0,,,,,,,,,,,,,0.0,,1.0,,,,,,,,,,,,,,,,11490857.0,,,,,,,,,,,,2.573,0.0,,,,,0.0,,,,,,,,,,,,""
16500675235,"Nov 19, 2025, 12:46:06 AM",Afternoon Ride,Ride,,1119,3.68,151.0,3,false,,1996 Cannondale M200 SE,activities/17587420572.fit.gz,,11.793,1119.0,1068.0,3688.7,8.671,3.454,51.7,181.0,19.0,60.2,7.2,0.3,,,,,151.0,100.0,,,94.0,,,3.0,,,,,,,,,,,,,0.0,,1.0,,,,,,,,,,,,,,,,11490857.0,,,,,,,,,,,,3.296,0.0,,,,,0.0,,,,,,,,,,,,""
